# time_s,power_kW  (PyBaMM data registry file WLTC.csv, "based on the WLTC drive cycle"; only its shape is used, as the load current envelope)
0.000000000000000000e+00,5.109999999999999525e-04
1.000000000000000056e-01,5.109999999999999525e-04
2.000000000000000111e-01,5.109999999999999525e-04
2.999999999999999889e-01,5.109999999999999525e-04
4.000000000000000222e-01,5.109999999999999525e-04
5.000000000000000000e-01,5.109999999999999525e-04
5.999999999999999778e-01,5.109999999999999525e-04
6.999999999999999556e-01,5.109999999999999525e-04
8.000000000000000444e-01,5.109999999999999525e-04
9.000000000000000222e-01,5.109999999999999525e-04
1.000000000000000000e+00,5.109999999999999525e-04
1.100000000000000089e+00,2.910639999999999894e-01
1.199999999999999956e+00,2.910639999999999894e-01
1.300000000000000044e+00,2.910639999999999894e-01
1.399999999999999911e+00,2.910639999999999894e-01
1.500000000000000000e+00,2.910639999999999894e-01
1.600000000000000089e+00,2.910639999999999894e-01
1.699999999999999956e+00,2.910639999999999894e-01
1.800000000000000044e+00,2.910639999999999894e-01
1.899999999999999911e+00,2.910639999999999894e-01
2.000000000000000000e+00,2.910639999999999894e-01
2.100000000000000089e+00,2.910639999999999894e-01
2.200000000000000178e+00,2.910639999999999894e-01
2.299999999999999822e+00,2.910639999999999894e-01
2.399999999999999911e+00,2.910639999999999894e-01
2.500000000000000000e+00,2.910639999999999894e-01
2.600000000000000089e+00,2.910639999999999894e-01
2.700000000000000178e+00,2.910639999999999894e-01
2.799999999999999822e+00,2.910639999999999894e-01
2.899999999999999911e+00,2.910639999999999894e-01
3.000000000000000000e+00,2.910639999999999894e-01
3.100000000000000089e+00,2.910639999999999894e-01
3.200000000000000178e+00,2.910639999999999894e-01
3.299999999999999822e+00,2.910639999999999894e-01
3.399999999999999911e+00,2.910639999999999894e-01
3.500000000000000000e+00,2.910639999999999894e-01
3.600000000000000089e+00,2.910639999999999894e-01
3.700000000000000178e+00,2.910639999999999894e-01
3.799999999999999822e+00,2.910639999999999894e-01
3.899999999999999911e+00,2.910639999999999894e-01
4.000000000000000000e+00,2.910639999999999894e-01
4.099999999999999645e+00,2.910639999999999894e-01
4.200000000000000178e+00,2.910639999999999894e-01
4.299999999999999822e+00,2.910639999999999894e-01
4.400000000000000355e+00,2.910639999999999894e-01
4.500000000000000000e+00,2.910639999999999894e-01
4.599999999999999645e+00,2.910639999999999894e-01
4.700000000000000178e+00,2.910639999999999894e-01
4.799999999999999822e+00,2.910639999999999894e-01
4.900000000000000355e+00,2.910639999999999894e-01
5.000000000000000000e+00,2.910639999999999894e-01
5.099999999999999645e+00,2.910639999999999894e-01
5.200000000000000178e+00,2.910639999999999894e-01
5.299999999999999822e+00,2.910639999999999894e-01
5.400000000000000355e+00,2.910639999999999894e-01
5.500000000000000000e+00,2.910639999999999894e-01
5.599999999999999645e+00,2.910639999999999894e-01
5.700000000000000178e+00,2.910639999999999894e-01
5.799999999999999822e+00,2.910639999999999894e-01
5.900000000000000355e+00,2.910639999999999894e-01
6.000000000000000000e+00,2.910639999999999894e-01
6.099999999999999645e+00,2.910639999999999894e-01
6.200000000000000178e+00,2.910639999999999894e-01
6.299999999999999822e+00,2.910639999999999894e-01
6.400000000000000355e+00,2.910639999999999894e-01
6.500000000000000000e+00,2.910639999999999894e-01
6.599999999999999645e+00,2.910639999999999894e-01
6.700000000000000178e+00,2.910639999999999894e-01
6.799999999999999822e+00,2.910639999999999894e-01
6.900000000000000355e+00,2.910639999999999894e-01
7.000000000000000000e+00,2.910639999999999894e-01
7.099999999999999645e+00,2.910639999999999894e-01
7.200000000000000178e+00,2.910639999999999894e-01
7.299999999999999822e+00,2.910639999999999894e-01
7.400000000000000355e+00,2.910639999999999894e-01
7.500000000000000000e+00,2.910639999999999894e-01
7.599999999999999645e+00,2.910639999999999894e-01
7.700000000000000178e+00,2.910639999999999894e-01
7.799999999999999822e+00,2.910639999999999894e-01
7.900000000000000355e+00,2.910639999999999894e-01
8.000000000000000000e+00,2.910639999999999894e-01
8.099999999999999645e+00,2.910639999999999894e-01
8.199999999999999289e+00,2.910639999999999894e-01
8.300000000000000711e+00,2.910639999999999894e-01
8.400000000000000355e+00,2.910639999999999894e-01
8.500000000000000000e+00,2.910639999999999894e-01
8.599999999999999645e+00,2.910639999999999894e-01
8.699999999999999289e+00,2.910639999999999894e-01
8.800000000000000711e+00,2.910639999999999894e-01
8.900000000000000355e+00,2.910639999999999894e-01
9.000000000000000000e+00,2.910639999999999894e-01
9.099999999999999645e+00,2.910639999999999894e-01
9.199999999999999289e+00,2.910639999999999894e-01
9.300000000000000711e+00,2.910639999999999894e-01
9.400000000000000355e+00,2.910639999999999894e-01
9.500000000000000000e+00,2.910639999999999894e-01
9.599999999999999645e+00,2.910639999999999894e-01
9.699999999999999289e+00,2.910639999999999894e-01
9.800000000000000711e+00,2.910639999999999894e-01
9.900000000000000355e+00,2.910639999999999894e-01
1.000000000000000000e+01,2.910639999999999894e-01
1.009999999999999964e+01,2.910679999999999934e-01
1.019999999999999929e+01,2.910829999999999806e-01
1.030000000000000071e+01,2.910969999999999946e-01
1.040000000000000036e+01,3.193110000000000115e-01
1.050000000000000000e+01,3.497970000000000246e-01
1.059999999999999964e+01,3.780410000000000159e-01
1.069999999999999929e+01,4.050469999999999904e-01
1.080000000000000071e+01,4.319709999999999939e-01
1.090000000000000036e+01,4.137759999999999772e-01
1.100000000000000000e+01,4.282190000000000163e-01
1.109999999999999964e+01,4.574750000000000205e-01
1.119999999999999929e+01,4.752509999999999790e-01
1.130000000000000071e+01,4.930249999999999910e-01
1.140000000000000036e+01,7.405680000000000041e-01
1.150000000000000000e+01,8.123190000000000133e-01
1.159999999999999964e+01,7.700879999999999947e-01
1.169999999999999929e+01,8.167189999999999728e-01
1.180000000000000071e+01,8.633459999999999468e-01
1.190000000000000036e+01,5.436140000000000416e-01
1.200000000000000000e+01,5.501179999999999959e-01
1.209999999999999964e+01,1.547174000000000049e+00
1.219999999999999929e+01,1.727778000000000036e+00
1.230000000000000071e+01,1.894541999999999948e+00
1.240000000000000036e+01,2.138306000000000040e+00
1.250000000000000000e+01,2.311462000000000128e+00
1.259999999999999964e+01,1.477349999999999941e+00
1.269999999999999929e+01,1.528999999999999915e+00
1.280000000000000071e+01,1.580640000000000045e+00
1.290000000000000036e+01,2.054572999999999983e+00
1.300000000000000000e+01,2.143175999999999970e+00
1.309999999999999964e+01,4.506060999999999872e+00
1.319999999999999929e+01,4.904913999999999774e+00
1.330000000000000071e+01,5.299318000000000417e+00
1.340000000000000036e+01,6.635976999999999570e+00
1.350000000000000000e+01,7.165181999999999718e+00
1.359999999999999964e+01,7.110737999999999559e+00
1.369999999999999929e+01,7.562674000000000341e+00
1.380000000000000071e+01,8.014499000000000706e+00
1.390000000000000036e+01,6.320979000000000347e+00
1.400000000000000000e+01,6.572930999999999635e+00
1.409999999999999964e+01,6.375913999999999859e+00
1.419999999999999929e+01,6.594412000000000162e+00
1.430000000000000071e+01,6.812782000000000338e+00
1.440000000000000036e+01,5.852580999999999811e+00
1.450000000000000000e+01,6.001660000000000217e+00
1.459999999999999964e+01,4.457537999999999556e+00
1.469999999999999929e+01,4.531534999999999869e+00
1.480000000000000071e+01,4.605527000000000371e+00
1.490000000000000036e+01,3.777397999999999811e+00
1.500000000000000000e+01,3.822992999999999864e+00
1.509999999999999964e+01,1.227041000000000048e+00
1.519999999999999929e+01,1.225397999999999987e+00
1.530000000000000071e+01,1.226690000000000058e+00
1.540000000000000036e+01,1.462329999999999908e+00
1.550000000000000000e+01,1.465168000000000026e+00
1.559999999999999964e+01,3.182719000000000076e+00
1.569999999999999929e+01,3.210936999999999930e+00
1.580000000000000071e+01,3.239151999999999809e+00
1.590000000000000036e+01,4.434840999999999589e+00
1.600000000000000000e+01,4.492472000000000243e+00
1.610000000000000142e+01,7.004139999999999588e+00
1.619999999999999929e+01,7.152429999999999843e+00
1.630000000000000071e+01,7.300708000000000197e+00
1.639999999999999858e+01,8.571899000000000157e+00
1.650000000000000000e+01,8.770652000000000115e+00
1.660000000000000142e+01,8.731659999999999755e+00
1.669999999999999929e+01,8.919482000000000355e+00
1.680000000000000071e+01,9.107283000000000683e+00
1.689999999999999858e+01,9.092762999999999707e+00
1.700000000000000000e+01,9.272100000000000009e+00
1.710000000000000142e+01,1.293836699999999951e+01
1.719999999999999929e+01,1.328286199999999972e+01
1.730000000000000071e+01,1.362730900000000034e+01
1.739999999999999858e+01,1.526298700000000075e+01
1.750000000000000000e+01,1.567462699999999920e+01
1.760000000000000142e+01,1.488959200000000038e+01
1.769999999999999929e+01,1.524086600000000047e+01
1.780000000000000071e+01,1.559210099999999954e+01
1.789999999999999858e+01,1.506651300000000049e+01
1.800000000000000000e+01,1.537955599999999912e+01
1.810000000000000142e+01,1.287098699999999951e+01
1.819999999999999929e+01,1.307841999999999949e+01
1.830000000000000071e+01,1.328578100000000006e+01
1.839999999999999858e+01,1.234882299999999944e+01
1.850000000000000000e+01,1.252102499999999985e+01
1.860000000000000142e+01,1.319204000000000043e+01
1.869999999999999929e+01,1.337869799999999998e+01
1.880000000000000071e+01,1.356528199999999984e+01
1.889999999999999858e+01,1.414532799999999924e+01
1.900000000000000000e+01,1.434310800000000086e+01
1.910000000000000142e+01,2.910639999999999894e-01
1.919999999999999929e+01,2.910639999999999894e-01
1.930000000000000071e+01,2.910639999999999894e-01
1.939999999999999858e+01,2.910639999999999894e-01
1.950000000000000000e+01,2.910639999999999894e-01
1.960000000000000142e+01,1.769263999999999948e+00
1.969999999999999929e+01,1.769509999999999916e+00
1.980000000000000071e+01,1.769757000000000025e+00
1.989999999999999858e+01,3.636271999999999949e+00
2.000000000000000000e+01,3.644353999999999871e+00
2.010000000000000142e+01,2.910639999999999894e-01
2.019999999999999929e+01,2.910639999999999894e-01
2.030000000000000071e+01,2.910639999999999894e-01
2.039999999999999858e+01,2.910639999999999894e-01
2.050000000000000000e+01,2.910639999999999894e-01
2.060000000000000142e+01,1.748091000000000061e+00
2.069999999999999929e+01,1.748321000000000014e+00
2.080000000000000071e+01,1.748552000000000106e+00
2.089999999999999858e+01,2.615415000000000045e+00
2.100000000000000000e+01,2.618263999999999925e+00
2.110000000000000142e+01,1.186044000000000098e+00
2.119999999999999929e+01,1.185545000000000071e+00
2.130000000000000071e+01,1.185044999999999904e+00
2.139999999999999858e+01,8.357299999999999729e-01
2.150000000000000000e+01,8.351760000000000295e-01
2.160000000000000142e+01,1.538850999999999969e+00
2.169999999999999929e+01,1.538723999999999981e+00
2.180000000000000071e+01,1.538597999999999910e+00
2.189999999999999858e+01,2.012950000000000017e+00
2.200000000000000000e+01,2.013790000000000191e+00
2.210000000000000142e+01,3.758709000000000078e+00
2.219999999999999929e+01,3.767803999999999931e+00
2.230000000000000071e+01,3.776895999999999809e+00
2.239999999999999858e+01,4.448373000000000133e+00
2.250000000000000000e+01,4.462444999999999773e+00
2.260000000000000142e+01,4.143228999999999829e+00
2.269999999999999929e+01,4.154662000000000077e+00
2.280000000000000071e+01,4.166090999999999767e+00
2.289999999999999858e+01,3.934657000000000071e+00
2.300000000000000000e+01,3.944350000000000023e+00
2.310000000000000142e+01,2.798357999999999901e+00
2.319999999999999929e+01,2.801651000000000113e+00
2.330000000000000071e+01,2.804942000000000046e+00
2.339999999999999858e+01,2.378254000000000090e+00
2.350000000000000000e+01,2.379948999999999870e+00
2.360000000000000142e+01,2.611702999999999886e+00
2.369999999999999929e+01,2.614198000000000022e+00
2.380000000000000071e+01,2.616692000000000018e+00
2.389999999999999858e+01,2.779849000000000014e+00
2.400000000000000000e+01,2.782967000000000191e+00
2.410000000000000142e+01,1.008220299999999980e+01
2.419999999999999929e+01,1.017256099999999996e+01
2.430000000000000071e+01,1.026287999999999911e+01
2.439999999999999858e+01,1.297644999999999982e+01
2.450000000000000000e+01,1.312288999999999994e+01
2.460000000000000142e+01,1.113524800000000070e+01
2.469999999999999929e+01,1.123559999999999981e+01
2.480000000000000071e+01,1.133590500000000034e+01
2.489999999999999858e+01,9.927046999999999954e+00
2.500000000000000000e+01,1.000058899999999973e+01
2.510000000000000142e+01,5.771087999999999774e+00
2.519999999999999929e+01,5.791013999999999662e+00
2.530000000000000071e+01,5.810928999999999789e+00
2.539999999999999858e+01,4.132298999999999722e+00
2.550000000000000000e+01,4.140200000000000102e+00
2.560000000000000142e+01,4.791650999999999883e+00
2.569999999999999929e+01,4.803474999999999717e+00
2.580000000000000071e+01,4.815292999999999601e+00
2.589999999999999858e+01,5.304401000000000366e+00
2.600000000000000000e+01,5.319563999999999737e+00
2.610000000000000142e+01,1.203529299999999935e+01
2.619999999999999929e+01,1.213740600000000036e+01
2.630000000000000071e+01,1.223946600000000018e+01
2.639999999999999858e+01,1.480244000000000071e+01
2.650000000000000000e+01,1.495290800000000075e+01
2.660000000000000142e+01,1.331238199999999949e+01
2.669999999999999929e+01,1.342703599999999931e+01
2.680000000000000071e+01,1.354162700000000008e+01
2.689999999999999858e+01,1.238309699999999935e+01
2.700000000000000000e+01,1.247569599999999923e+01
2.710000000000000142e+01,1.372628599999999999e+01
2.719999999999999929e+01,1.383836999999999939e+01
2.730000000000000071e+01,1.395039000000000051e+01
2.739999999999999858e+01,1.427647499999999958e+01
2.750000000000000000e+01,1.439180400000000049e+01
2.760000000000000142e+01,1.367656900000000064e+01
2.769999999999999929e+01,1.377791200000000060e+01
2.780000000000000071e+01,1.387918699999999994e+01
2.789999999999999858e+01,1.343190799999999996e+01
2.800000000000000000e+01,1.352458400000000083e+01
2.810000000000000142e+01,1.329620199999999919e+01
2.819999999999999929e+01,1.338401400000000052e+01
2.830000000000000071e+01,1.347176400000000029e+01
2.839999999999999858e+01,1.337550099999999986e+01
2.850000000000000000e+01,1.346053099999999958e+01
2.860000000000000142e+01,1.344695500000000088e+01
2.869999999999999929e+01,1.353053199999999912e+01
2.880000000000000071e+01,1.361404699999999934e+01
2.889999999999999858e+01,1.364966000000000079e+01
2.900000000000000000e+01,1.373241100000000081e+01
2.910000000000000142e+01,1.159576200000000057e+01
2.919999999999999929e+01,1.165146299999999968e+01
2.930000000000000071e+01,1.170712100000000078e+01
2.939999999999999858e+01,1.099366000000000021e+01
2.950000000000000000e+01,1.104124299999999970e+01
2.960000000000000142e+01,1.172282700000000055e+01
2.969999999999999929e+01,1.177683599999999942e+01
2.980000000000000071e+01,1.183080200000000026e+01
2.989999999999999858e+01,1.233815500000000043e+01
3.000000000000000000e+01,1.239684500000000078e+01
3.010000000000000142e+01,5.129709000000000074e+00
3.019999999999999929e+01,5.135444999999999816e+00
3.030000000000000071e+01,5.141176999999999886e+00
3.039999999999999858e+01,2.750169999999999781e+00
3.050000000000000000e+01,2.750096999999999792e+00
3.060000000000000142e+01,4.988869000000000220e+00
3.069999999999999929e+01,4.994045999999999985e+00
3.080000000000000071e+01,4.999219000000000079e+00
3.089999999999999858e+01,6.544726999999999961e+00
3.100000000000000000e+01,6.556353999999999793e+00
3.110000000000000142e+01,4.435171999999999670e+00
3.119999999999999929e+01,4.438473000000000113e+00
3.130000000000000071e+01,4.441771000000000136e+00
3.139999999999999858e+01,3.956319000000000141e+00
3.150000000000000000e+01,3.958340999999999887e+00
3.160000000000000142e+01,5.148123000000000005e+00
3.169999999999999929e+01,5.153635000000000410e+00
3.180000000000000071e+01,5.159143000000000256e+00
3.189999999999999858e+01,5.952719000000000094e+00
3.200000000000000000e+01,5.961274000000000406e+00
3.210000000000000142e+01,4.897675999999999696e+00
3.220000000000000284e+01,4.902213999999999849e+00
3.229999999999999716e+01,4.906747000000000192e+00
3.239999999999999858e+01,4.664583999999999619e+00
3.250000000000000000e+01,4.668349000000000082e+00
3.260000000000000142e+01,5.270643999999999885e+00
3.270000000000000284e+01,5.276348999999999734e+00
3.279999999999999716e+01,5.282048999999999772e+00
3.289999999999999858e+01,5.683290999999999649e+00
3.300000000000000000e+01,5.690446999999999811e+00
3.310000000000000142e+01,5.153844000000000314e+00
3.320000000000000284e+01,5.159016000000000268e+00
3.329999999999999716e+01,5.164183000000000412e+00
3.339999999999999858e+01,5.041605999999999810e+00
3.350000000000000000e+01,5.046344000000000385e+00
3.360000000000000142e+01,5.350281999999999982e+00
3.370000000000000284e+01,5.356021000000000143e+00
3.379999999999999716e+01,5.361754000000000353e+00
3.389999999999999858e+01,5.564235000000000042e+00
3.400000000000000000e+01,5.570663999999999838e+00
3.410000000000000142e+01,2.551667000000000129e+00
3.420000000000000284e+01,2.551213999999999871e+00
3.429999999999999716e+01,2.550761000000000056e+00
3.439999999999999858e+01,1.567792000000000074e+00
3.450000000000000000e+01,1.566921000000000008e+00
3.460000000000000142e+01,2.458985000000000198e+00
3.470000000000000284e+01,2.458461999999999925e+00
3.479999999999999716e+01,2.457939999999999792e+00
3.489999999999999858e+01,3.076185000000000169e+00
3.500000000000000000e+01,3.076332999999999984e+00
3.510000000000000142e+01,2.910639999999999894e-01
3.520000000000000284e+01,2.910639999999999894e-01
3.529999999999999716e+01,2.910639999999999894e-01
3.539999999999999858e+01,2.910639999999999894e-01
3.550000000000000000e+01,2.910639999999999894e-01
3.560000000000000142e+01,9.362880000000000091e-01
3.570000000000000284e+01,9.356309999999999905e-01
3.579999999999999716e+01,9.349739999999999718e-01
3.589999999999999858e+01,1.392022000000000093e+00
3.600000000000000000e+01,1.391181999999999919e+00
3.610000000000000142e+01,2.910639999999999894e-01
3.620000000000000284e+01,2.910639999999999894e-01
3.629999999999999716e+01,2.910639999999999894e-01
3.639999999999999858e+01,2.910639999999999894e-01
3.650000000000000000e+01,2.910639999999999894e-01
3.660000000000000142e+01,2.910639999999999894e-01
3.670000000000000284e+01,2.910639999999999894e-01
3.679999999999999716e+01,2.910639999999999894e-01
3.689999999999999858e+01,2.910639999999999894e-01
3.700000000000000000e+01,2.910639999999999894e-01
3.710000000000000142e+01,2.910639999999999894e-01
3.720000000000000284e+01,2.910639999999999894e-01
3.729999999999999716e+01,2.910639999999999894e-01
3.739999999999999858e+01,2.910639999999999894e-01
3.750000000000000000e+01,2.910639999999999894e-01
3.760000000000000142e+01,2.910639999999999894e-01
3.770000000000000284e+01,2.910639999999999894e-01
3.779999999999999716e+01,2.910639999999999894e-01
3.789999999999999858e+01,2.910639999999999894e-01
3.800000000000000000e+01,2.910639999999999894e-01
3.810000000000000142e+01,2.910639999999999894e-01
3.820000000000000284e+01,2.910639999999999894e-01
3.829999999999999716e+01,2.910639999999999894e-01
3.839999999999999858e+01,2.910639999999999894e-01
3.850000000000000000e+01,2.910639999999999894e-01
3.860000000000000142e+01,2.910639999999999894e-01
3.870000000000000284e+01,2.910639999999999894e-01
3.879999999999999716e+01,2.910639999999999894e-01
3.889999999999999858e+01,2.910639999999999894e-01
3.900000000000000000e+01,2.910639999999999894e-01
3.910000000000000142e+01,2.910639999999999894e-01
3.920000000000000284e+01,2.910639999999999894e-01
3.929999999999999716e+01,2.910639999999999894e-01
3.939999999999999858e+01,2.910639999999999894e-01
3.950000000000000000e+01,2.910639999999999894e-01
3.960000000000000142e+01,2.910639999999999894e-01
3.970000000000000284e+01,2.910639999999999894e-01
3.979999999999999716e+01,2.910639999999999894e-01
3.989999999999999858e+01,2.910639999999999894e-01
4.000000000000000000e+01,2.910639999999999894e-01
4.010000000000000142e+01,2.910639999999999894e-01
4.020000000000000284e+01,2.910639999999999894e-01
4.029999999999999716e+01,2.910639999999999894e-01
4.039999999999999858e+01,2.910639999999999894e-01
4.050000000000000000e+01,2.910639999999999894e-01
4.060000000000000142e+01,2.910639999999999894e-01
4.070000000000000284e+01,2.910639999999999894e-01
4.079999999999999716e+01,2.910639999999999894e-01
4.089999999999999858e+01,2.910639999999999894e-01
4.100000000000000000e+01,2.910639999999999894e-01
4.110000000000000142e+01,2.910639999999999894e-01
4.120000000000000284e+01,2.910639999999999894e-01
4.129999999999999716e+01,2.910639999999999894e-01
4.139999999999999858e+01,2.910639999999999894e-01
4.150000000000000000e+01,2.910639999999999894e-01
4.160000000000000142e+01,2.910639999999999894e-01
4.170000000000000284e+01,2.910639999999999894e-01
4.179999999999999716e+01,2.910639999999999894e-01
4.189999999999999858e+01,2.910639999999999894e-01
4.200000000000000000e+01,2.910639999999999894e-01
4.210000000000000142e+01,2.910639999999999894e-01
4.220000000000000284e+01,2.910639999999999894e-01
4.229999999999999716e+01,2.910639999999999894e-01
4.239999999999999858e+01,2.910639999999999894e-01
4.250000000000000000e+01,2.910639999999999894e-01
4.260000000000000142e+01,2.910639999999999894e-01
4.270000000000000284e+01,2.910639999999999894e-01
4.279999999999999716e+01,2.910639999999999894e-01
4.289999999999999858e+01,2.910639999999999894e-01
4.300000000000000000e+01,2.910639999999999894e-01
4.310000000000000142e+01,2.910639999999999894e-01
4.320000000000000284e+01,2.910639999999999894e-01
4.329999999999999716e+01,2.910639999999999894e-01
4.339999999999999858e+01,2.910639999999999894e-01
4.350000000000000000e+01,2.910639999999999894e-01
4.360000000000000142e+01,2.910639999999999894e-01
4.370000000000000284e+01,2.910639999999999894e-01
4.379999999999999716e+01,2.910639999999999894e-01
4.389999999999999858e+01,2.910639999999999894e-01
4.400000000000000000e+01,2.910639999999999894e-01
4.410000000000000142e+01,2.910639999999999894e-01
4.420000000000000284e+01,2.910639999999999894e-01
4.429999999999999716e+01,2.910639999999999894e-01
4.439999999999999858e+01,2.910639999999999894e-01
4.450000000000000000e+01,2.910639999999999894e-01
4.460000000000000142e+01,2.910639999999999894e-01
4.470000000000000284e+01,2.910639999999999894e-01
4.479999999999999716e+01,2.910639999999999894e-01
4.489999999999999858e+01,2.910639999999999894e-01
4.500000000000000000e+01,2.910639999999999894e-01
4.510000000000000142e+01,2.910639999999999894e-01
4.520000000000000284e+01,2.910639999999999894e-01
4.529999999999999716e+01,2.910639999999999894e-01
4.539999999999999858e+01,5.507520000000000193e-01
4.550000000000000000e+01,5.503470000000000306e-01
4.560000000000000142e+01,4.277420000000000111e-01
4.570000000000000284e+01,4.274839999999999751e-01
4.579999999999999716e+01,4.272230000000000194e-01
4.589999999999999858e+01,2.910639999999999894e-01
4.600000000000000000e+01,2.910639999999999894e-01
4.610000000000000142e+01,2.910639999999999894e-01
4.620000000000000284e+01,2.910639999999999894e-01
4.629999999999999716e+01,2.910639999999999894e-01
4.639999999999999858e+01,2.910639999999999894e-01
4.650000000000000000e+01,2.910639999999999894e-01
4.660000000000000142e+01,2.910639999999999894e-01
4.670000000000000284e+01,2.910639999999999894e-01
4.679999999999999716e+01,2.910639999999999894e-01
4.689999999999999858e+01,2.910639999999999894e-01
4.700000000000000000e+01,2.910639999999999894e-01
4.710000000000000142e+01,2.910639999999999894e-01
4.720000000000000284e+01,2.910639999999999894e-01
4.729999999999999716e+01,2.910639999999999894e-01
4.739999999999999858e+01,2.910639999999999894e-01
4.750000000000000000e+01,2.910639999999999894e-01
4.760000000000000142e+01,2.910639999999999894e-01
4.770000000000000284e+01,2.910639999999999894e-01
4.779999999999999716e+01,2.910639999999999894e-01
4.789999999999999858e+01,2.910639999999999894e-01
4.800000000000000000e+01,2.910639999999999894e-01
4.810000000000000142e+01,2.910639999999999894e-01
4.820000000000000284e+01,2.910639999999999894e-01
4.829999999999999716e+01,2.910639999999999894e-01
4.839999999999999858e+01,2.910639999999999894e-01
4.850000000000000000e+01,2.910639999999999894e-01
4.860000000000000142e+01,2.910639999999999894e-01
4.870000000000000284e+01,2.910639999999999894e-01
4.879999999999999716e+01,2.910639999999999894e-01
4.889999999999999858e+01,2.910639999999999894e-01
4.900000000000000000e+01,2.910639999999999894e-01
4.910000000000000142e+01,1.218785000000000007e+00
4.920000000000000284e+01,1.219127999999999989e+00
4.929999999999999716e+01,1.219470999999999972e+00
4.939999999999999858e+01,1.692520999999999942e+00
4.950000000000000000e+01,1.694947999999999899e+00
4.960000000000000142e+01,1.490895999999999999e+00
4.970000000000000284e+01,1.492256999999999945e+00
4.979999999999999716e+01,1.493616999999999972e+00
4.989999999999999858e+01,1.344745000000000079e+00
5.000000000000000000e+01,1.345485000000000042e+00
5.010000000000000142e+01,2.910639999999999894e-01
5.020000000000000284e+01,2.910639999999999894e-01
5.029999999999999716e+01,2.910639999999999894e-01
5.039999999999999858e+01,2.910639999999999894e-01
5.050000000000000000e+01,2.910639999999999894e-01
5.060000000000000142e+01,2.910639999999999894e-01
5.070000000000000284e+01,2.910639999999999894e-01
5.079999999999999716e+01,2.910639999999999894e-01
5.089999999999999858e+01,2.910639999999999894e-01
5.100000000000000000e+01,2.910639999999999894e-01
5.110000000000000142e+01,2.910639999999999894e-01
5.120000000000000284e+01,2.910639999999999894e-01
5.129999999999999716e+01,2.910639999999999894e-01
5.139999999999999858e+01,2.910639999999999894e-01
5.150000000000000000e+01,2.910639999999999894e-01
5.160000000000000142e+01,2.910639999999999894e-01
5.170000000000000284e+01,2.910639999999999894e-01
5.179999999999999716e+01,2.910639999999999894e-01
5.189999999999999858e+01,2.910639999999999894e-01
5.200000000000000000e+01,2.910639999999999894e-01
5.210000000000000142e+01,2.910639999999999894e-01
5.220000000000000284e+01,2.910639999999999894e-01
5.229999999999999716e+01,2.910639999999999894e-01
5.239999999999999858e+01,2.910639999999999894e-01
5.250000000000000000e+01,2.910639999999999894e-01
5.260000000000000142e+01,2.910639999999999894e-01
5.270000000000000284e+01,2.910639999999999894e-01
5.279999999999999716e+01,2.910639999999999894e-01
5.289999999999999858e+01,2.910639999999999894e-01
5.300000000000000000e+01,2.910639999999999894e-01
5.310000000000000142e+01,2.910639999999999894e-01
5.320000000000000284e+01,2.910639999999999894e-01
5.329999999999999716e+01,2.910639999999999894e-01
5.339999999999999858e+01,2.910639999999999894e-01
5.350000000000000000e+01,2.910639999999999894e-01
5.360000000000000142e+01,2.910639999999999894e-01
5.370000000000000284e+01,2.910639999999999894e-01
5.379999999999999716e+01,2.910639999999999894e-01
5.389999999999999858e+01,2.910639999999999894e-01
5.400000000000000000e+01,2.910639999999999894e-01
5.410000000000000142e+01,6.546669999999999989e-01
5.420000000000000284e+01,6.542759999999999687e-01
5.429999999999999716e+01,6.538850000000000495e-01
5.439999999999999858e+01,9.970130000000000381e-01
5.450000000000000000e+01,9.978129999999999500e-01
5.460000000000000142e+01,8.943410000000000526e-01
5.470000000000000284e+01,8.946279999999999788e-01
5.479999999999999716e+01,8.949150000000000160e-01
5.489999999999999858e+01,8.157180000000000542e-01
5.500000000000000000e+01,8.157050000000000134e-01
5.510000000000000142e+01,9.835970000000000546e-01
5.520000000000000284e+01,9.843110000000000470e-01
5.529999999999999716e+01,9.850240000000000107e-01
5.539999999999999858e+01,1.030092999999999925e+00
5.550000000000000000e+01,1.031055000000000055e+00
5.560000000000000142e+01,9.532399999999999762e-01
5.570000000000000284e+01,9.537769999999999859e-01
5.579999999999999716e+01,9.543139999999999956e-01
5.589999999999999858e+01,9.021259999999999835e-01
5.600000000000000000e+01,9.024219999999999464e-01
5.610000000000000142e+01,8.712159999999999904e-01
5.620000000000000284e+01,8.713840000000000474e-01
5.629999999999999716e+01,8.715509999999999646e-01
5.639999999999999858e+01,8.530029999999999557e-01
5.650000000000000000e+01,8.530999999999999694e-01
5.660000000000000142e+01,8.421279999999999877e-01
5.670000000000000284e+01,8.421859999999999902e-01
5.679999999999999716e+01,8.422429999999999639e-01
5.689999999999999858e+01,8.357290000000000552e-01
5.700000000000000000e+01,8.357639999999999514e-01
5.710000000000000142e+01,1.488876000000000088e+00
5.720000000000000284e+01,1.493708000000000036e+00
5.729999999999999716e+01,1.498539000000000065e+00
5.739999999999999858e+01,1.727605000000000057e+00
5.750000000000000000e+01,1.735192999999999985e+00
5.760000000000000142e+01,1.549493999999999927e+00
5.770000000000000284e+01,1.554683999999999955e+00
5.779999999999999716e+01,1.559871999999999925e+00
5.789999999999999858e+01,1.430803999999999965e+00
5.800000000000000000e+01,1.434595000000000065e+00
5.810000000000000142e+01,1.358122000000000051e+00
5.820000000000000284e+01,1.361174000000000106e+00
5.829999999999999716e+01,1.364225999999999939e+00
5.839999999999999858e+01,1.319887999999999950e+00
5.850000000000000000e+01,1.322538999999999909e+00
5.860000000000000142e+01,1.297573000000000087e+00
5.870000000000000284e+01,1.300000000000000044e+00
5.879999999999999716e+01,1.302427000000000001e+00
5.889999999999999858e+01,1.288764000000000021e+00
5.900000000000000000e+01,1.291066000000000047e+00
5.910000000000000142e+01,5.646322999999999759e+00
5.920000000000000284e+01,5.772962999999999845e+00
5.929999999999999716e+01,5.899595999999999840e+00
5.939999999999999858e+01,7.687313999999999758e+00
5.950000000000000000e+01,7.897935000000000372e+00
5.960000000000000142e+01,6.673786999999999914e+00
5.970000000000000284e+01,6.813336999999999755e+00
5.979999999999999716e+01,6.952876999999999974e+00
5.989999999999999858e+01,6.036279000000000394e+00
6.000000000000000000e+01,6.135252000000000372e+00
6.010000000000000142e+01,1.095904999999999907e+00
6.020000000000000284e+01,1.088624000000000036e+00
6.029999999999999716e+01,1.082011999999999974e+00
6.039999999999999858e+01,2.910639999999999894e-01
6.050000000000000000e+01,2.910639999999999894e-01
6.060000000000000142e+01,8.340819999999999901e-01
6.070000000000000284e+01,8.337369999999999504e-01
6.079999999999999716e+01,8.333930000000000504e-01
6.089999999999999858e+01,1.306877999999999984e+00
6.100000000000000000e+01,1.307971999999999912e+00
6.110000000000000142e+01,1.602605999999999975e+00
6.120000000000000284e+01,1.605377000000000054e+00
6.129999999999999716e+01,1.608147999999999911e+00
6.139999999999999858e+01,1.788340999999999958e+00
6.150000000000000000e+01,1.792397000000000018e+00
6.160000000000000142e+01,1.902489000000000097e+00
6.170000000000000284e+01,1.907410999999999968e+00
6.179999999999999716e+01,1.912331999999999921e+00
6.189999999999999858e+01,1.981417999999999902e+00
6.200000000000000000e+01,1.986892000000000102e+00
6.210000000000000142e+01,1.144832000000000072e+00
6.220000000000000284e+01,1.145165999999999906e+00
6.229999999999999716e+01,1.145499000000000045e+00
6.239999999999999858e+01,8.752710000000000212e-01
6.250000000000000000e+01,8.749580000000000135e-01
6.260000000000000142e+01,1.135926999999999909e+00
6.270000000000000284e+01,1.136233000000000049e+00
6.279999999999999716e+01,1.136538000000000048e+00
6.289999999999999858e+01,1.318051000000000084e+00
6.300000000000000000e+01,1.319045000000000023e+00
6.310000000000000142e+01,3.219786000000000037e+00
6.320000000000000284e+01,3.240777000000000019e+00
6.329999999999999716e+01,3.261765000000000025e+00
6.339999999999999858e+01,3.976898999999999962e+00
6.350000000000000000e+01,4.010443000000000424e+00
6.360000000000000142e+01,3.549790999999999919e+00
6.370000000000000284e+01,3.574214000000000002e+00
6.379999999999999716e+01,3.598631999999999831e+00
6.389999999999999858e+01,3.272318999999999978e+00
6.400000000000000000e+01,3.291228999999999960e+00
6.409999999999999432e+01,2.455448000000000075e+00
6.420000000000000284e+01,2.463839000000000112e+00
6.429999999999999716e+01,2.472227000000000174e+00
6.440000000000000568e+01,2.138450999999999880e+00
6.450000000000000000e+01,2.143787999999999805e+00
6.459999999999999432e+01,2.262630000000000141e+00
6.470000000000000284e+01,2.268902000000000196e+00
6.479999999999999716e+01,2.275171999999999972e+00
6.490000000000000568e+01,2.368206999999999951e+00
6.500000000000000000e+01,2.375229000000000035e+00
6.509999999999999432e+01,1.115140000000000020e+00
6.520000000000000284e+01,1.115115000000000078e+00
6.529999999999999716e+01,1.115089999999999915e+00
6.540000000000000568e+01,7.158719999999999528e-01
6.550000000000000000e+01,7.153829999999999911e-01
6.559999999999999432e+01,1.095944000000000029e+00
6.570000000000000284e+01,1.095882999999999940e+00
6.579999999999999716e+01,1.095822999999999992e+00
6.590000000000000568e+01,1.363390000000000102e+00
6.600000000000000000e+01,1.364087000000000049e+00
6.609999999999999432e+01,1.524828000000000072e+00
6.620000000000000284e+01,1.526161000000000101e+00
6.629999999999999716e+01,1.527495000000000047e+00
6.640000000000000568e+01,1.623879999999999990e+00
6.650000000000000000e+01,1.625653000000000015e+00
6.659999999999999432e+01,1.683580999999999994e+00
6.670000000000000284e+01,1.685635999999999912e+00
6.679999999999999716e+01,1.687689999999999912e+00
6.690000000000000568e+01,1.723087000000000035e+00
6.700000000000000000e+01,1.725314000000000014e+00
6.709999999999999432e+01,7.206180999999999948e+00
6.720000000000000284e+01,7.310805000000000220e+00
6.729999999999999716e+01,7.415411999999999892e+00
6.740000000000000568e+01,9.539637000000000810e+00
6.750000000000000000e+01,9.712566999999999950e+00
6.759999999999999432e+01,8.187512999999999153e+00
6.770000000000000284e+01,8.303269000000000233e+00
6.779999999999999716e+01,8.419005000000000294e+00
6.790000000000000568e+01,7.313819999999999766e+00
6.800000000000000000e+01,7.396728999999999665e+00
6.809999999999999432e+01,1.077707099999999940e+01
6.820000000000000284e+01,1.095856400000000086e+01
6.829999999999999716e+01,1.114003899999999980e+01
6.840000000000000568e+01,1.232285899999999934e+01
6.850000000000000000e+01,1.253926200000000080e+01
6.859999999999999432e+01,1.124099299999999957e+01
6.870000000000000284e+01,1.140704200000000057e+01
6.879999999999999716e+01,1.157315299999999958e+01
6.890000000000000568e+01,1.067464099999999938e+01
6.900000000000000000e+01,1.081052099999999960e+01
6.909999999999999432e+01,1.219317099999999954e+01
6.920000000000000284e+01,1.236385899999999971e+01
6.929999999999999716e+01,1.253448099999999954e+01
6.940000000000000568e+01,1.299022100000000002e+01
6.950000000000000000e+01,1.316883499999999962e+01
6.959999999999999432e+01,1.255523299999999942e+01
6.970000000000000284e+01,1.271201800000000048e+01
6.979999999999999716e+01,1.286875900000000073e+01
6.990000000000000568e+01,1.248862199999999945e+01
7.000000000000000000e+01,1.263191699999999962e+01
7.009999999999999432e+01,1.245937799999999918e+01
7.020000000000000284e+01,1.259510200000000069e+01
7.029999999999999716e+01,1.273076499999999989e+01
7.040000000000000568e+01,1.268381899999999973e+01
7.050000000000000000e+01,1.281530000000000058e+01
7.059999999999999432e+01,1.284978899999999946e+01
7.070000000000000284e+01,1.297904499999999928e+01
7.079999999999999716e+01,1.310823800000000006e+01
7.090000000000000568e+01,1.319154900000000019e+01
7.100000000000000000e+01,1.331966099999999997e+01
7.109999999999999432e+01,1.047403699999999915e+01
7.120000000000000284e+01,1.054823299999999975e+01
7.129999999999999716e+01,1.062239199999999961e+01
7.140000000000000568e+01,9.672893000000000185e+00
7.150000000000000000e+01,9.732103999999999644e+00
7.159999999999999432e+01,1.065638599999999947e+01
7.170000000000000284e+01,1.072790799999999933e+01
7.179999999999999716e+01,1.079939199999999921e+01
7.190000000000000568e+01,1.149311699999999981e+01
7.200000000000000000e+01,1.157387300000000074e+01
7.209999999999999432e+01,5.775443000000000104e+00
7.220000000000000284e+01,5.790689999999999671e+00
7.229999999999999716e+01,5.805927999999999756e+00
7.240000000000000568e+01,3.931383999999999990e+00
7.250000000000000000e+01,3.936297999999999853e+00
7.259999999999999432e+01,5.858715000000000117e+00
7.270000000000000284e+01,5.874112000000000222e+00
7.279999999999999716e+01,5.889501000000000097e+00
7.290000000000000568e+01,7.229133000000000031e+00
7.300000000000000000e+01,7.254741000000000106e+00
7.309999999999999432e+01,3.609456999999999915e+00
7.320000000000000284e+01,3.612880000000000091e+00
7.329999999999999716e+01,3.616300999999999988e+00
7.340000000000000568e+01,2.592201000000000199e+00
7.350000000000000000e+01,2.592858999999999803e+00
7.359999999999999432e+01,4.143919999999999604e+00
7.370000000000000284e+01,4.149320999999999593e+00
7.379999999999999716e+01,4.154717999999999911e+00
7.390000000000000568e+01,5.205011999999999972e+00
7.400000000000000000e+01,5.215479000000000198e+00
7.409999999999999432e+01,4.560844000000000342e+00
7.420000000000000284e+01,4.567896000000000178e+00
7.429999999999999716e+01,4.574943000000000204e+00
7.440000000000000568e+01,4.517369000000000412e+00
7.450000000000000000e+01,4.524111000000000438e+00
7.459999999999999432e+01,5.121116999999999919e+00
7.470000000000000284e+01,5.130751000000000062e+00
7.479999999999999716e+01,5.140378000000000114e+00
7.490000000000000568e+01,5.537071000000000076e+00
7.500000000000000000e+01,5.548824999999999896e+00
7.509999999999999432e+01,6.450333999999999790e+00
7.520000000000000284e+01,6.467730999999999675e+00
7.529999999999999716e+01,6.485115999999999659e+00
7.540000000000000568e+01,6.866324999999999790e+00
7.550000000000000000e+01,6.886267000000000138e+00
7.559999999999999432e+01,6.800086000000000297e+00
7.570000000000000284e+01,6.819231000000000265e+00
7.579999999999999716e+01,6.838363000000000191e+00
7.590000000000000568e+01,6.777927000000000035e+00
7.600000000000000000e+01,6.796471000000000373e+00
7.609999999999999432e+01,7.448090999999999795e+00
7.620000000000000284e+01,7.471260000000000012e+00
7.629999999999999716e+01,7.494411999999999630e+00
7.640000000000000568e+01,7.724014000000000379e+00
7.650000000000000000e+01,7.748736000000000068e+00
7.659999999999999432e+01,7.565472999999999892e+00
7.670000000000000284e+01,7.588549000000000433e+00
7.679999999999999716e+01,7.611608000000000374e+00
7.690000000000000568e+01,7.494875000000000398e+00
7.700000000000000000e+01,7.516860000000000319e+00
7.709999999999999432e+01,5.359671999999999770e+00
7.720000000000000284e+01,5.368465999999999738e+00
7.729999999999999716e+01,5.377257000000000176e+00
7.740000000000000568e+01,4.630842999999999599e+00
7.750000000000000000e+01,4.636388000000000176e+00
7.759999999999999432e+01,5.214802999999999855e+00
7.770000000000000284e+01,5.222731999999999708e+00
7.779999999999999716e+01,5.230654999999999610e+00
7.790000000000000568e+01,5.637437000000000253e+00
7.800000000000000000e+01,5.647223000000000326e+00
7.809999999999999432e+01,1.661558000000000090e+00
7.820000000000000284e+01,1.659286000000000039e+00
7.829999999999999716e+01,1.658214000000000077e+00
7.840000000000000568e+01,7.831939999999999458e-01
7.850000000000000000e+01,7.826480000000000103e-01
7.859999999999999432e+01,1.887445999999999957e+00
7.870000000000000284e+01,1.886843000000000048e+00
7.879999999999999716e+01,1.886241000000000057e+00
7.890000000000000568e+01,2.643756999999999913e+00
7.900000000000000000e+01,2.643944999999999990e+00
7.909999999999999432e+01,2.910639999999999894e-01
7.920000000000000284e+01,2.910639999999999894e-01
7.929999999999999716e+01,2.910639999999999894e-01
7.940000000000000568e+01,2.910639999999999894e-01
7.950000000000000000e+01,2.910639999999999894e-01
7.959999999999999432e+01,2.910639999999999894e-01
7.970000000000000284e+01,2.910639999999999894e-01
7.979999999999999716e+01,2.910639999999999894e-01
7.990000000000000568e+01,2.910639999999999894e-01
8.000000000000000000e+01,2.910639999999999894e-01
8.009999999999999432e+01,6.037620000000000209e-01
8.020000000000000284e+01,6.033699999999999619e-01
8.029999999999999716e+01,6.029780000000000140e-01
8.040000000000000568e+01,6.806020000000000403e-01
8.050000000000000000e+01,6.801420000000000243e-01
8.059999999999999432e+01,7.176350000000000229e-01
8.070000000000000284e+01,7.171440000000000037e-01
8.079999999999999716e+01,7.166540000000000132e-01
8.090000000000000568e+01,7.323119999999999630e-01
8.100000000000000000e+01,7.318099999999999605e-01
8.109999999999999432e+01,2.910639999999999894e-01
8.120000000000000284e+01,2.910639999999999894e-01
8.129999999999999716e+01,2.910639999999999894e-01
8.140000000000000568e+01,2.910639999999999894e-01
8.150000000000000000e+01,2.910639999999999894e-01
8.159999999999999432e+01,2.910639999999999894e-01
8.170000000000000284e+01,2.910639999999999894e-01
8.179999999999999716e+01,2.910639999999999894e-01
8.190000000000000568e+01,2.910639999999999894e-01
8.200000000000000000e+01,2.910639999999999894e-01
8.209999999999999432e+01,8.966830000000000078e-01
8.220000000000000284e+01,8.960749999999999549e-01
8.229999999999999716e+01,8.954680000000000417e-01
8.240000000000000568e+01,1.852981999999999907e+00
8.250000000000000000e+01,1.852511999999999937e+00
8.259999999999999432e+01,1.717562000000000033e+00
8.270000000000000284e+01,1.716997000000000106e+00
8.279999999999999716e+01,1.716431999999999958e+00
8.290000000000000568e+01,1.593348999999999904e+00
8.300000000000000000e+01,1.592718999999999996e+00
8.309999999999999432e+01,1.513787999999999911e+00
8.320000000000000284e+01,1.513128000000000029e+00
8.329999999999999716e+01,1.512467999999999924e+00
8.340000000000000568e+01,1.461651999999999951e+00
8.350000000000000000e+01,1.460978000000000110e+00
8.359999999999999432e+01,1.426906000000000008e+00
8.370000000000000284e+01,1.426223999999999936e+00
8.379999999999999716e+01,1.425542000000000087e+00
8.390000000000000568e+01,1.401397999999999922e+00
8.400000000000000000e+01,1.400711999999999957e+00
8.409999999999999432e+01,2.910639999999999894e-01
8.420000000000000284e+01,2.910639999999999894e-01
8.429999999999999716e+01,2.910639999999999894e-01
8.440000000000000568e+01,2.910639999999999894e-01
8.450000000000000000e+01,2.910639999999999894e-01
8.459999999999999432e+01,2.910639999999999894e-01
8.470000000000000284e+01,2.910639999999999894e-01
8.479999999999999716e+01,2.910639999999999894e-01
8.490000000000000568e+01,2.910639999999999894e-01
8.500000000000000000e+01,2.910639999999999894e-01
8.509999999999999432e+01,2.910639999999999894e-01
8.520000000000000284e+01,2.910639999999999894e-01
8.529999999999999716e+01,2.910639999999999894e-01
8.540000000000000568e+01,2.910639999999999894e-01
8.550000000000000000e+01,2.910639999999999894e-01
8.559999999999999432e+01,2.910639999999999894e-01
8.570000000000000284e+01,2.910639999999999894e-01
8.579999999999999716e+01,2.910639999999999894e-01
8.590000000000000568e+01,2.910639999999999894e-01
8.600000000000000000e+01,2.910639999999999894e-01
8.609999999999999432e+01,2.910639999999999894e-01
8.620000000000000284e+01,2.910639999999999894e-01
8.629999999999999716e+01,2.910639999999999894e-01
8.640000000000000568e+01,2.910639999999999894e-01
8.650000000000000000e+01,2.910639999999999894e-01
8.659999999999999432e+01,2.910639999999999894e-01
8.670000000000000284e+01,2.910639999999999894e-01
8.679999999999999716e+01,2.910639999999999894e-01
8.690000000000000568e+01,2.910639999999999894e-01
8.700000000000000000e+01,2.910639999999999894e-01
8.709999999999999432e+01,4.931909999999999905e-01
8.720000000000000284e+01,4.929049999999999820e-01
8.729999999999999716e+01,4.926180000000000003e-01
8.740000000000000568e+01,7.928020000000000067e-01
8.750000000000000000e+01,7.922580000000000178e-01
8.759999999999999432e+01,8.096550000000000136e-01
8.770000000000000284e+01,8.091009999999999591e-01
8.779999999999999716e+01,8.085470000000000157e-01
8.790000000000000568e+01,8.067170000000000174e-01
8.800000000000000000e+01,8.061650000000000205e-01
8.809999999999999432e+01,2.910639999999999894e-01
8.820000000000000284e+01,2.910639999999999894e-01
8.829999999999999716e+01,2.910639999999999894e-01
8.840000000000000568e+01,2.910639999999999894e-01
8.850000000000000000e+01,2.910639999999999894e-01
8.859999999999999432e+01,2.910639999999999894e-01
8.870000000000000284e+01,2.910639999999999894e-01
8.879999999999999716e+01,2.910639999999999894e-01
8.890000000000000568e+01,2.910639999999999894e-01
8.900000000000000000e+01,2.910639999999999894e-01
8.909999999999999432e+01,2.910639999999999894e-01
8.920000000000000284e+01,2.910639999999999894e-01
8.929999999999999716e+01,2.910639999999999894e-01
8.940000000000000568e+01,2.910639999999999894e-01
8.950000000000000000e+01,2.910639999999999894e-01
8.959999999999999432e+01,2.910639999999999894e-01
8.970000000000000284e+01,2.910639999999999894e-01
8.979999999999999716e+01,2.910639999999999894e-01
8.990000000000000568e+01,2.910639999999999894e-01
9.000000000000000000e+01,2.910639999999999894e-01
9.009999999999999432e+01,2.910639999999999894e-01
9.020000000000000284e+01,2.910639999999999894e-01
9.029999999999999716e+01,2.910639999999999894e-01
9.040000000000000568e+01,2.910639999999999894e-01
9.050000000000000000e+01,2.910639999999999894e-01
9.059999999999999432e+01,2.910639999999999894e-01
9.070000000000000284e+01,2.910639999999999894e-01
9.079999999999999716e+01,2.910639999999999894e-01
9.090000000000000568e+01,2.910639999999999894e-01
9.100000000000000000e+01,2.910639999999999894e-01
9.109999999999999432e+01,2.910639999999999894e-01
9.120000000000000284e+01,2.910639999999999894e-01
9.129999999999999716e+01,2.910639999999999894e-01
9.140000000000000568e+01,2.910639999999999894e-01
9.150000000000000000e+01,2.910639999999999894e-01
9.159999999999999432e+01,2.910639999999999894e-01
9.170000000000000284e+01,2.910639999999999894e-01
9.179999999999999716e+01,2.910639999999999894e-01
9.190000000000000568e+01,2.910639999999999894e-01
9.200000000000000000e+01,2.910639999999999894e-01
9.209999999999999432e+01,2.910639999999999894e-01
9.220000000000000284e+01,2.910639999999999894e-01
9.229999999999999716e+01,2.910639999999999894e-01
9.240000000000000568e+01,2.910639999999999894e-01
9.250000000000000000e+01,2.910639999999999894e-01
9.259999999999999432e+01,2.910639999999999894e-01
9.270000000000000284e+01,2.910639999999999894e-01
9.279999999999999716e+01,2.910639999999999894e-01
9.290000000000000568e+01,2.910639999999999894e-01
9.300000000000000000e+01,2.910639999999999894e-01
9.309999999999999432e+01,2.910639999999999894e-01
9.320000000000000284e+01,2.910639999999999894e-01
9.329999999999999716e+01,2.910639999999999894e-01
9.340000000000000568e+01,2.910639999999999894e-01
9.350000000000000000e+01,2.910639999999999894e-01
9.359999999999999432e+01,2.910639999999999894e-01
9.370000000000000284e+01,2.910639999999999894e-01
9.379999999999999716e+01,2.910639999999999894e-01
9.390000000000000568e+01,2.910639999999999894e-01
9.400000000000000000e+01,2.910639999999999894e-01
9.409999999999999432e+01,2.910639999999999894e-01
9.420000000000000284e+01,2.910639999999999894e-01
9.429999999999999716e+01,2.910639999999999894e-01
9.440000000000000568e+01,2.910639999999999894e-01
9.450000000000000000e+01,2.910639999999999894e-01
9.459999999999999432e+01,2.910639999999999894e-01
9.470000000000000284e+01,2.910639999999999894e-01
9.479999999999999716e+01,2.910639999999999894e-01
9.490000000000000568e+01,2.910639999999999894e-01
9.500000000000000000e+01,2.910639999999999894e-01
9.509999999999999432e+01,2.910639999999999894e-01
9.520000000000000284e+01,2.910639999999999894e-01
9.529999999999999716e+01,2.910639999999999894e-01
9.540000000000000568e+01,2.910639999999999894e-01
9.550000000000000000e+01,2.910639999999999894e-01
9.559999999999999432e+01,2.910639999999999894e-01
9.570000000000000284e+01,2.910639999999999894e-01
9.579999999999999716e+01,2.910639999999999894e-01
9.590000000000000568e+01,2.910639999999999894e-01
9.600000000000000000e+01,2.910639999999999894e-01
9.609999999999999432e+01,2.910639999999999894e-01
9.620000000000000284e+01,2.910639999999999894e-01
9.629999999999999716e+01,2.910639999999999894e-01
9.640000000000000568e+01,2.910639999999999894e-01
9.650000000000000000e+01,2.910639999999999894e-01
9.659999999999999432e+01,2.910639999999999894e-01
9.670000000000000284e+01,2.910639999999999894e-01
9.679999999999999716e+01,2.910639999999999894e-01
9.690000000000000568e+01,2.910639999999999894e-01
9.700000000000000000e+01,2.910639999999999894e-01
9.709999999999999432e+01,2.910639999999999894e-01
9.720000000000000284e+01,2.910639999999999894e-01
9.729999999999999716e+01,2.910639999999999894e-01
9.740000000000000568e+01,2.910639999999999894e-01
9.750000000000000000e+01,2.910639999999999894e-01
9.759999999999999432e+01,2.910639999999999894e-01
9.770000000000000284e+01,2.910639999999999894e-01
9.779999999999999716e+01,2.910639999999999894e-01
9.790000000000000568e+01,2.910639999999999894e-01
9.800000000000000000e+01,2.910639999999999894e-01
9.809999999999999432e+01,2.910639999999999894e-01
9.820000000000000284e+01,2.910639999999999894e-01
9.829999999999999716e+01,2.910639999999999894e-01
9.840000000000000568e+01,2.910639999999999894e-01
9.850000000000000000e+01,2.911099999999999799e-01
9.859999999999999432e+01,2.912230000000000096e-01
9.870000000000000284e+01,2.913200000000000234e-01
9.879999999999999716e+01,2.912830000000000141e-01
9.890000000000000568e+01,2.911500000000000199e-01
9.900000000000000000e+01,2.910650000000000182e-01
9.909999999999999432e+01,2.910659999999999914e-01
9.920000000000000284e+01,2.910670000000000202e-01
9.929999999999999716e+01,2.910679999999999934e-01
9.940000000000000568e+01,2.910690000000000222e-01
9.950000000000000000e+01,2.910699999999999954e-01
9.959999999999999432e+01,2.910710000000000242e-01
9.970000000000000284e+01,2.910710000000000242e-01
9.979999999999999716e+01,2.910710000000000242e-01
9.990000000000000568e+01,2.910719999999999974e-01
1.000000000000000000e+02,2.910719999999999974e-01
1.000999999999999943e+02,2.910719999999999974e-01
1.002000000000000028e+02,2.910719999999999974e-01
1.002999999999999972e+02,2.910719999999999974e-01
1.004000000000000057e+02,2.910719999999999974e-01
1.005000000000000000e+02,2.910710000000000242e-01
1.005999999999999943e+02,2.910710000000000242e-01
1.007000000000000028e+02,2.910710000000000242e-01
1.007999999999999972e+02,2.910699999999999954e-01
1.009000000000000057e+02,2.910699999999999954e-01
1.010000000000000000e+02,2.910699999999999954e-01
1.010999999999999943e+02,2.910690000000000222e-01
1.012000000000000028e+02,2.910690000000000222e-01
1.012999999999999972e+02,2.910679999999999934e-01
1.014000000000000057e+02,2.910679999999999934e-01
1.015000000000000000e+02,2.910679999999999934e-01
1.015999999999999943e+02,2.910670000000000202e-01
1.017000000000000028e+02,2.910670000000000202e-01
1.017999999999999972e+02,2.910659999999999914e-01
1.019000000000000057e+02,2.910659999999999914e-01
1.020000000000000000e+02,2.910650000000000182e-01
1.020999999999999943e+02,2.910650000000000182e-01
1.022000000000000028e+02,2.910650000000000182e-01
1.022999999999999972e+02,2.910650000000000182e-01
1.024000000000000057e+02,2.910639999999999894e-01
1.025000000000000000e+02,2.910639999999999894e-01
1.025999999999999943e+02,2.910639999999999894e-01
1.027000000000000028e+02,2.910639999999999894e-01
1.027999999999999972e+02,2.910639999999999894e-01
1.029000000000000057e+02,2.910650000000000182e-01
1.030000000000000000e+02,2.910650000000000182e-01
1.030999999999999943e+02,2.910650000000000182e-01
1.032000000000000028e+02,2.910650000000000182e-01
1.032999999999999972e+02,2.910650000000000182e-01
1.034000000000000057e+02,2.910650000000000182e-01
1.035000000000000000e+02,2.910650000000000182e-01
1.035999999999999943e+02,2.910650000000000182e-01
1.037000000000000028e+02,2.910650000000000182e-01
1.037999999999999972e+02,2.910650000000000182e-01
1.039000000000000057e+02,2.910650000000000182e-01
1.040000000000000000e+02,2.910650000000000182e-01
1.040999999999999943e+02,2.910650000000000182e-01
1.042000000000000028e+02,2.910650000000000182e-01
1.042999999999999972e+02,2.910650000000000182e-01
1.044000000000000057e+02,2.910650000000000182e-01
1.045000000000000000e+02,2.910650000000000182e-01
1.045999999999999943e+02,2.910650000000000182e-01
1.047000000000000028e+02,2.910650000000000182e-01
1.047999999999999972e+02,2.910650000000000182e-01
1.049000000000000057e+02,2.910650000000000182e-01
1.050000000000000000e+02,2.910650000000000182e-01
1.050999999999999943e+02,2.910639999999999894e-01
1.052000000000000028e+02,2.910639999999999894e-01
1.052999999999999972e+02,2.910639999999999894e-01
1.054000000000000057e+02,2.910639999999999894e-01
1.055000000000000000e+02,2.910639999999999894e-01
1.055999999999999943e+02,2.910639999999999894e-01
1.057000000000000028e+02,2.910639999999999894e-01
1.057999999999999972e+02,2.910639999999999894e-01
1.059000000000000057e+02,2.910639999999999894e-01
1.060000000000000000e+02,2.910639999999999894e-01
1.060999999999999943e+02,2.910639999999999894e-01
1.062000000000000028e+02,2.910639999999999894e-01
1.062999999999999972e+02,2.910639999999999894e-01
1.064000000000000057e+02,2.910639999999999894e-01
1.065000000000000000e+02,2.910639999999999894e-01
1.065999999999999943e+02,2.910639999999999894e-01
1.067000000000000028e+02,2.910639999999999894e-01
1.067999999999999972e+02,2.910639999999999894e-01
1.069000000000000057e+02,2.910639999999999894e-01
1.070000000000000000e+02,2.910639999999999894e-01
1.070999999999999943e+02,2.910639999999999894e-01
1.072000000000000028e+02,2.910639999999999894e-01
1.072999999999999972e+02,2.910639999999999894e-01
1.074000000000000057e+02,2.910639999999999894e-01
1.075000000000000000e+02,2.910639999999999894e-01
1.075999999999999943e+02,2.910639999999999894e-01
1.077000000000000028e+02,2.910639999999999894e-01
1.077999999999999972e+02,2.910639999999999894e-01
1.079000000000000057e+02,2.910639999999999894e-01
1.080000000000000000e+02,2.910639999999999894e-01
1.080999999999999943e+02,2.910639999999999894e-01
1.082000000000000028e+02,2.910639999999999894e-01
1.082999999999999972e+02,2.910639999999999894e-01
1.084000000000000057e+02,2.910639999999999894e-01
1.085000000000000000e+02,2.910639999999999894e-01
1.085999999999999943e+02,2.910639999999999894e-01
1.087000000000000028e+02,2.910639999999999894e-01
1.087999999999999972e+02,2.910639999999999894e-01
1.089000000000000057e+02,2.910639999999999894e-01
1.090000000000000000e+02,2.910639999999999894e-01
1.090999999999999943e+02,2.910639999999999894e-01
1.092000000000000028e+02,2.910639999999999894e-01
1.092999999999999972e+02,2.910639999999999894e-01
1.094000000000000057e+02,2.910639999999999894e-01
1.095000000000000000e+02,2.910639999999999894e-01
1.095999999999999943e+02,2.910639999999999894e-01
1.097000000000000028e+02,2.910639999999999894e-01
1.097999999999999972e+02,2.910639999999999894e-01
1.099000000000000057e+02,2.910639999999999894e-01
1.100000000000000000e+02,2.910639999999999894e-01
1.100999999999999943e+02,2.910639999999999894e-01
1.102000000000000028e+02,2.910639999999999894e-01
1.102999999999999972e+02,2.910639999999999894e-01
1.104000000000000057e+02,2.910639999999999894e-01
1.105000000000000000e+02,2.910639999999999894e-01
1.105999999999999943e+02,2.910639999999999894e-01
1.107000000000000028e+02,2.910639999999999894e-01
1.107999999999999972e+02,2.910639999999999894e-01
1.109000000000000057e+02,2.910639999999999894e-01
1.110000000000000000e+02,2.910639999999999894e-01
1.110999999999999943e+02,2.910639999999999894e-01
1.112000000000000028e+02,2.910639999999999894e-01
1.112999999999999972e+02,2.910639999999999894e-01
1.114000000000000057e+02,2.910639999999999894e-01
1.115000000000000000e+02,2.910639999999999894e-01
1.115999999999999943e+02,2.910639999999999894e-01
1.117000000000000028e+02,2.910639999999999894e-01
1.117999999999999972e+02,2.910639999999999894e-01
1.119000000000000057e+02,2.910639999999999894e-01
1.120000000000000000e+02,2.910639999999999894e-01
1.120999999999999943e+02,2.910639999999999894e-01
1.122000000000000028e+02,2.910639999999999894e-01
1.122999999999999972e+02,2.910639999999999894e-01
1.124000000000000057e+02,2.910639999999999894e-01
1.125000000000000000e+02,2.910639999999999894e-01
1.125999999999999943e+02,2.910639999999999894e-01
1.127000000000000028e+02,2.910639999999999894e-01
1.127999999999999972e+02,2.910639999999999894e-01
1.129000000000000057e+02,2.910639999999999894e-01
1.130000000000000000e+02,2.910639999999999894e-01
1.130999999999999943e+02,2.910639999999999894e-01
1.132000000000000028e+02,2.910639999999999894e-01
1.132999999999999972e+02,2.910639999999999894e-01
1.134000000000000057e+02,2.910639999999999894e-01
1.135000000000000000e+02,2.910639999999999894e-01
1.135999999999999943e+02,2.910639999999999894e-01
1.137000000000000028e+02,2.910639999999999894e-01
1.137999999999999972e+02,2.910639999999999894e-01
1.139000000000000057e+02,2.910639999999999894e-01
1.140000000000000000e+02,2.910639999999999894e-01
1.140999999999999943e+02,2.910639999999999894e-01
1.142000000000000028e+02,2.910639999999999894e-01
1.142999999999999972e+02,2.910639999999999894e-01
1.144000000000000057e+02,2.910639999999999894e-01
1.145000000000000000e+02,2.910639999999999894e-01
1.145999999999999943e+02,2.910639999999999894e-01
1.147000000000000028e+02,2.910639999999999894e-01
1.147999999999999972e+02,2.910639999999999894e-01
1.149000000000000057e+02,2.910639999999999894e-01
1.150000000000000000e+02,2.910639999999999894e-01
1.150999999999999943e+02,2.910639999999999894e-01
1.152000000000000028e+02,2.910639999999999894e-01
1.152999999999999972e+02,2.910639999999999894e-01
1.154000000000000057e+02,2.910639999999999894e-01
1.155000000000000000e+02,2.910639999999999894e-01
1.155999999999999943e+02,2.910639999999999894e-01
1.157000000000000028e+02,2.910639999999999894e-01
1.157999999999999972e+02,2.910639999999999894e-01
1.159000000000000057e+02,2.910639999999999894e-01
1.160000000000000000e+02,2.910639999999999894e-01
1.160999999999999943e+02,2.910639999999999894e-01
1.162000000000000028e+02,2.910639999999999894e-01
1.162999999999999972e+02,2.910639999999999894e-01
1.164000000000000057e+02,2.910639999999999894e-01
1.165000000000000000e+02,2.910639999999999894e-01
1.165999999999999943e+02,2.910639999999999894e-01
1.167000000000000028e+02,2.910639999999999894e-01
1.167999999999999972e+02,2.910639999999999894e-01
1.169000000000000057e+02,2.910639999999999894e-01
1.170000000000000000e+02,2.910639999999999894e-01
1.170999999999999943e+02,2.910639999999999894e-01
1.172000000000000028e+02,2.910639999999999894e-01
1.172999999999999972e+02,2.910639999999999894e-01
1.174000000000000057e+02,2.910639999999999894e-01
1.175000000000000000e+02,2.910639999999999894e-01
1.175999999999999943e+02,2.910639999999999894e-01
1.177000000000000028e+02,2.910639999999999894e-01
1.177999999999999972e+02,2.910639999999999894e-01
1.179000000000000057e+02,2.910639999999999894e-01
1.180000000000000000e+02,2.910639999999999894e-01
1.180999999999999943e+02,2.910639999999999894e-01
1.182000000000000028e+02,2.910639999999999894e-01
1.182999999999999972e+02,2.910639999999999894e-01
1.184000000000000057e+02,2.910639999999999894e-01
1.185000000000000000e+02,2.910639999999999894e-01
1.185999999999999943e+02,2.910639999999999894e-01
1.187000000000000028e+02,2.910639999999999894e-01
1.187999999999999972e+02,2.910639999999999894e-01
1.189000000000000057e+02,2.910639999999999894e-01
1.190000000000000000e+02,2.910639999999999894e-01
1.190999999999999943e+02,2.910639999999999894e-01
1.192000000000000028e+02,2.910639999999999894e-01
1.192999999999999972e+02,2.910639999999999894e-01
1.194000000000000057e+02,2.910639999999999894e-01
1.195000000000000000e+02,2.910639999999999894e-01
1.195999999999999943e+02,2.910639999999999894e-01
1.197000000000000028e+02,2.910639999999999894e-01
1.197999999999999972e+02,2.910639999999999894e-01
1.199000000000000057e+02,2.910639999999999894e-01
1.200000000000000000e+02,2.910639999999999894e-01
1.200999999999999943e+02,2.910639999999999894e-01
1.202000000000000028e+02,2.910639999999999894e-01
1.202999999999999972e+02,2.910639999999999894e-01
1.204000000000000057e+02,2.910639999999999894e-01
1.205000000000000000e+02,2.910639999999999894e-01
1.205999999999999943e+02,2.910639999999999894e-01
1.207000000000000028e+02,2.910639999999999894e-01
1.207999999999999972e+02,2.910639999999999894e-01
1.209000000000000057e+02,2.910639999999999894e-01
1.210000000000000000e+02,2.910639999999999894e-01
1.210999999999999943e+02,2.910639999999999894e-01
1.212000000000000028e+02,2.910639999999999894e-01
1.212999999999999972e+02,2.910639999999999894e-01
1.214000000000000057e+02,2.910639999999999894e-01
1.215000000000000000e+02,2.910639999999999894e-01
1.215999999999999943e+02,2.910639999999999894e-01
1.217000000000000028e+02,2.910639999999999894e-01
1.217999999999999972e+02,2.910639999999999894e-01
1.219000000000000057e+02,2.910639999999999894e-01
1.220000000000000000e+02,2.910639999999999894e-01
1.220999999999999943e+02,2.910639999999999894e-01
1.222000000000000028e+02,2.910639999999999894e-01
1.222999999999999972e+02,2.910639999999999894e-01
1.224000000000000057e+02,2.910639999999999894e-01
1.225000000000000000e+02,2.910639999999999894e-01
1.225999999999999943e+02,2.910639999999999894e-01
1.227000000000000028e+02,2.910639999999999894e-01
1.227999999999999972e+02,2.910639999999999894e-01
1.229000000000000057e+02,2.910639999999999894e-01
1.230000000000000000e+02,2.910639999999999894e-01
1.230999999999999943e+02,2.910639999999999894e-01
1.232000000000000028e+02,2.910639999999999894e-01
1.232999999999999972e+02,2.910639999999999894e-01
1.234000000000000057e+02,2.910639999999999894e-01
1.235000000000000000e+02,2.910639999999999894e-01
1.235999999999999943e+02,2.910639999999999894e-01
1.237000000000000028e+02,2.910639999999999894e-01
1.237999999999999972e+02,2.910639999999999894e-01
1.239000000000000057e+02,2.910639999999999894e-01
1.240000000000000000e+02,2.910639999999999894e-01
1.240999999999999943e+02,2.910639999999999894e-01
1.242000000000000028e+02,2.910639999999999894e-01
1.242999999999999972e+02,2.910639999999999894e-01
1.244000000000000057e+02,2.910639999999999894e-01
1.245000000000000000e+02,2.910639999999999894e-01
1.245999999999999943e+02,2.910639999999999894e-01
1.247000000000000028e+02,2.910639999999999894e-01
1.247999999999999972e+02,2.910639999999999894e-01
1.249000000000000057e+02,2.910639999999999894e-01
1.250000000000000000e+02,2.910639999999999894e-01
1.250999999999999943e+02,2.910639999999999894e-01
1.252000000000000028e+02,2.910639999999999894e-01
1.252999999999999972e+02,2.910639999999999894e-01
1.254000000000000057e+02,2.910639999999999894e-01
1.255000000000000000e+02,2.910639999999999894e-01
1.255999999999999943e+02,2.910639999999999894e-01
1.257000000000000028e+02,2.910639999999999894e-01
1.257999999999999972e+02,2.910639999999999894e-01
1.259000000000000057e+02,2.910639999999999894e-01
1.260000000000000000e+02,2.910639999999999894e-01
1.260999999999999943e+02,2.910639999999999894e-01
1.262000000000000028e+02,2.910639999999999894e-01
1.262999999999999972e+02,2.910639999999999894e-01
1.264000000000000057e+02,2.910639999999999894e-01
1.265000000000000000e+02,2.910639999999999894e-01
1.265999999999999943e+02,2.910639999999999894e-01
1.267000000000000028e+02,2.910639999999999894e-01
1.267999999999999972e+02,2.910639999999999894e-01
1.269000000000000057e+02,2.910639999999999894e-01
1.270000000000000000e+02,2.910639999999999894e-01
1.270999999999999943e+02,2.910639999999999894e-01
1.272000000000000028e+02,2.910639999999999894e-01
1.272999999999999972e+02,2.910639999999999894e-01
1.274000000000000057e+02,2.910639999999999894e-01
1.275000000000000000e+02,2.910639999999999894e-01
1.275999999999999943e+02,2.910639999999999894e-01
1.277000000000000028e+02,2.910639999999999894e-01
1.277999999999999972e+02,2.910639999999999894e-01
1.279000000000000057e+02,2.910639999999999894e-01
1.280000000000000000e+02,2.910639999999999894e-01
1.280999999999999943e+02,2.910639999999999894e-01
1.281999999999999886e+02,2.910639999999999894e-01
1.283000000000000114e+02,2.910639999999999894e-01
1.284000000000000057e+02,2.910639999999999894e-01
1.285000000000000000e+02,2.910639999999999894e-01
1.285999999999999943e+02,2.910639999999999894e-01
1.286999999999999886e+02,2.910639999999999894e-01
1.288000000000000114e+02,2.910639999999999894e-01
1.289000000000000057e+02,2.910639999999999894e-01
1.290000000000000000e+02,2.910639999999999894e-01
1.290999999999999943e+02,2.910639999999999894e-01
1.291999999999999886e+02,2.910639999999999894e-01
1.293000000000000114e+02,2.910639999999999894e-01
1.294000000000000057e+02,2.910639999999999894e-01
1.295000000000000000e+02,2.910639999999999894e-01
1.295999999999999943e+02,2.910639999999999894e-01
1.296999999999999886e+02,2.910639999999999894e-01
1.298000000000000114e+02,2.910639999999999894e-01
1.299000000000000057e+02,2.910639999999999894e-01
1.300000000000000000e+02,2.910639999999999894e-01
1.300999999999999943e+02,2.910639999999999894e-01
1.301999999999999886e+02,2.910639999999999894e-01
1.303000000000000114e+02,2.910639999999999894e-01
1.304000000000000057e+02,2.910639999999999894e-01
1.305000000000000000e+02,2.910639999999999894e-01
1.305999999999999943e+02,2.910639999999999894e-01
1.306999999999999886e+02,2.910639999999999894e-01
1.308000000000000114e+02,2.910639999999999894e-01
1.309000000000000057e+02,2.910639999999999894e-01
1.310000000000000000e+02,2.910639999999999894e-01
1.310999999999999943e+02,2.910639999999999894e-01
1.311999999999999886e+02,2.910639999999999894e-01
1.313000000000000114e+02,2.910639999999999894e-01
1.314000000000000057e+02,2.910639999999999894e-01
1.315000000000000000e+02,2.910639999999999894e-01
1.315999999999999943e+02,2.910639999999999894e-01
1.316999999999999886e+02,2.910639999999999894e-01
1.318000000000000114e+02,2.910639999999999894e-01
1.319000000000000057e+02,2.910639999999999894e-01
1.320000000000000000e+02,2.910639999999999894e-01
1.320999999999999943e+02,2.910639999999999894e-01
1.321999999999999886e+02,2.910639999999999894e-01
1.323000000000000114e+02,2.910639999999999894e-01
1.324000000000000057e+02,2.910639999999999894e-01
1.325000000000000000e+02,2.910639999999999894e-01
1.325999999999999943e+02,2.910639999999999894e-01
1.326999999999999886e+02,2.910639999999999894e-01
1.328000000000000114e+02,2.910639999999999894e-01
1.329000000000000057e+02,2.910639999999999894e-01
1.330000000000000000e+02,2.910639999999999894e-01
1.330999999999999943e+02,2.910639999999999894e-01
1.331999999999999886e+02,2.910639999999999894e-01
1.333000000000000114e+02,2.910639999999999894e-01
1.334000000000000057e+02,2.910639999999999894e-01
1.335000000000000000e+02,2.910639999999999894e-01
1.335999999999999943e+02,2.910639999999999894e-01
1.336999999999999886e+02,2.910639999999999894e-01
1.338000000000000114e+02,2.910639999999999894e-01
1.339000000000000057e+02,2.910639999999999894e-01
1.340000000000000000e+02,2.910639999999999894e-01
1.340999999999999943e+02,2.910639999999999894e-01
1.341999999999999886e+02,2.910639999999999894e-01
1.343000000000000114e+02,2.910639999999999894e-01
1.344000000000000057e+02,2.910639999999999894e-01
1.345000000000000000e+02,2.910639999999999894e-01
1.345999999999999943e+02,2.910639999999999894e-01
1.346999999999999886e+02,2.910639999999999894e-01
1.348000000000000114e+02,2.910639999999999894e-01
1.349000000000000057e+02,2.910639999999999894e-01
1.350000000000000000e+02,2.910639999999999894e-01
1.350999999999999943e+02,2.910639999999999894e-01
1.351999999999999886e+02,2.910639999999999894e-01
1.353000000000000114e+02,2.910639999999999894e-01
1.354000000000000057e+02,2.910639999999999894e-01
1.355000000000000000e+02,2.910639999999999894e-01
1.355999999999999943e+02,2.910639999999999894e-01
1.356999999999999886e+02,2.910639999999999894e-01
1.358000000000000114e+02,2.910639999999999894e-01
1.359000000000000057e+02,2.910639999999999894e-01
1.360000000000000000e+02,2.910639999999999894e-01
1.360999999999999943e+02,2.910679999999999934e-01
1.361999999999999886e+02,2.910829999999999806e-01
1.363000000000000114e+02,2.910980000000000234e-01
1.364000000000000057e+02,3.193170000000000175e-01
1.365000000000000000e+02,3.498009999999999731e-01
1.365999999999999943e+02,3.780439999999999912e-01
1.366999999999999886e+02,4.050489999999999924e-01
1.368000000000000114e+02,4.319709999999999939e-01
1.369000000000000057e+02,4.137759999999999772e-01
1.370000000000000000e+02,4.282179999999999875e-01
1.370999999999999943e+02,4.588639999999999941e-01
1.371999999999999886e+02,4.769680000000000031e-01
1.373000000000000114e+02,4.950709999999999833e-01
1.374000000000000057e+02,7.838960000000000372e-01
1.375000000000000000e+02,8.683089999999999975e-01
1.375999999999999943e+02,8.258450000000000513e-01
1.376999999999999886e+02,8.809930000000000261e-01
1.378000000000000114e+02,9.361350000000000504e-01
1.379000000000000057e+02,5.504599999999999493e-01
1.380000000000000000e+02,5.567520000000000246e-01
1.380999999999999943e+02,1.729257000000000044e+00
1.381999999999999886e+02,1.948274000000000061e+00
1.383000000000000114e+02,2.140216999999999814e+00
1.384000000000000057e+02,2.420011999999999830e+00
1.385000000000000000e+02,2.627152999999999849e+00
1.385999999999999943e+02,1.672333000000000069e+00
1.386999999999999886e+02,1.734979999999999967e+00
1.388000000000000114e+02,1.797612999999999905e+00
1.389000000000000057e+02,2.337762999999999813e+00
1.390000000000000000e+02,2.443106999999999918e+00
1.390999999999999943e+02,5.129756000000000427e+00
1.391999999999999886e+02,5.585251999999999661e+00
1.393000000000000114e+02,6.040428000000000353e+00
1.394000000000000057e+02,8.195703999999999212e+00
1.395000000000000000e+02,8.902483000000000146e+00
1.395999999999999943e+02,8.384855999999999199e+00
1.396999999999999886e+02,8.925166000000000821e+00
1.398000000000000114e+02,9.465346999999999511e+00
1.399000000000000057e+02,7.455486999999999753e+00
1.400000000000000000e+02,7.757164000000000392e+00
1.400999999999999943e+02,8.874724000000000501e+00
1.401999999999999886e+02,9.241490000000000649e+00
1.403000000000000114e+02,9.608249999999999957e+00
1.404000000000000057e+02,9.236005999999999716e+00
1.405000000000000000e+02,9.550240000000000506e+00
1.405999999999999943e+02,7.513906000000000418e+00
1.406999999999999886e+02,7.692156999999999911e+00
1.408000000000000114e+02,7.870394000000000112e+00
1.409000000000000057e+02,6.606457999999999942e+00
1.410000000000000000e+02,6.724076000000000164e+00
1.410999999999999943e+02,5.479536999999999658e+00
1.411999999999999886e+02,5.551893999999999885e+00
1.413000000000000114e+02,5.624245000000000161e+00
1.414000000000000057e+02,5.929835999999999885e+00
1.415000000000000000e+02,6.008853000000000222e+00
1.415999999999999943e+02,7.712642999999999915e+00
1.416999999999999886e+02,7.844646000000000008e+00
1.418000000000000114e+02,7.976632999999999640e+00
1.419000000000000057e+02,9.242008999999999475e+00
1.420000000000000000e+02,9.415699999999999292e+00
1.420999999999999943e+02,2.329724000000000128e+00
1.421999999999999886e+02,2.317813999999999819e+00
1.423000000000000114e+02,2.312940000000000218e+00
1.424000000000000057e+02,1.064097999999999988e+00
1.425000000000000000e+02,1.063876000000000044e+00
1.425999999999999943e+02,3.138580000000000148e+00
1.426999999999999886e+02,3.151857999999999826e+00
1.428000000000000114e+02,3.165131999999999834e+00
1.429000000000000057e+02,4.608716000000000257e+00
1.430000000000000000e+02,4.642343999999999582e+00
1.430999999999999943e+02,-2.767839999999999745e-01
1.431999999999999886e+02,-2.705330000000000235e-01
1.433000000000000114e+02,-2.661080000000000112e-01
1.434000000000000057e+02,-2.301749999999999907e-01
1.435000000000000000e+02,-2.283370000000000122e-01
1.435999999999999943e+02,1.457068000000000030e+00
1.436999999999999886e+02,1.457848000000000033e+00
1.438000000000000114e+02,1.458628000000000036e+00
1.439000000000000057e+02,2.329108000000000178e+00
1.440000000000000000e+02,2.334672999999999998e+00
1.440999999999999943e+02,2.492504999999999971e+00
1.441999999999999886e+02,2.499263000000000012e+00
1.443000000000000114e+02,2.506018000000000079e+00
1.444000000000000057e+02,2.692356000000000193e+00
1.445000000000000000e+02,2.700636999999999954e+00
1.445999999999999943e+02,2.988110999999999962e+00
1.446999999999999886e+02,2.999031000000000002e+00
1.448000000000000114e+02,3.009946999999999928e+00
1.449000000000000057e+02,3.196623999999999910e+00
1.450000000000000000e+02,3.209346000000000032e+00
1.450999999999999943e+02,7.432958000000000176e+00
1.451999999999999886e+02,7.526091000000000086e+00
1.453000000000000114e+02,7.619205000000000005e+00
1.454000000000000057e+02,9.265456000000000358e+00
1.455000000000000000e+02,9.403237000000000734e+00
1.455999999999999943e+02,8.322056999999999150e+00
1.456999999999999886e+02,8.424761999999999418e+00
1.458000000000000114e+02,8.527457999999999316e+00
1.459000000000000057e+02,7.754823000000000022e+00
1.460000000000000000e+02,7.836219999999999963e+00
1.460999999999999943e+02,9.966153999999999513e+00
1.461999999999999886e+02,1.010005400000000009e+01
1.463000000000000114e+02,1.023397300000000065e+01
1.464000000000000057e+02,1.096121699999999954e+01
1.465000000000000000e+02,1.111201600000000056e+01
1.465999999999999943e+02,1.028722100000000061e+01
1.466999999999999886e+02,1.041145400000000087e+01
1.468000000000000114e+02,1.053563899999999975e+01
1.469000000000000057e+02,9.982507000000000019e+00
1.470000000000000000e+02,1.009035599999999988e+01
1.470999999999999943e+02,8.334861999999999327e+00
1.471999999999999886e+02,8.404099999999999682e+00
1.473000000000000114e+02,8.473309000000000424e+00
1.474000000000000057e+02,7.791223999999999705e+00
1.475000000000000000e+02,7.847544000000000075e+00
1.475999999999999943e+02,8.184044000000000096e+00
1.476999999999999886e+02,8.244911999999999352e+00
1.478000000000000114e+02,8.305763000000000673e+00
1.479000000000000057e+02,8.584319000000000699e+00
1.480000000000000000e+02,8.648706999999999923e+00
1.480999999999999943e+02,4.699734000000000300e+00
1.481999999999999886e+02,4.714413000000000409e+00
1.483000000000000114e+02,4.729085999999999679e+00
1.484000000000000057e+02,3.418255999999999961e+00
1.485000000000000000e+02,3.424078999999999873e+00
1.485999999999999943e+02,4.658756999999999593e+00
1.486999999999999886e+02,4.672627999999999560e+00
1.488000000000000114e+02,4.686492000000000324e+00
1.489000000000000057e+02,5.551721999999999824e+00
1.490000000000000000e+02,5.572918999999999734e+00
1.490999999999999943e+02,1.348222999999999949e+00
1.491999999999999886e+02,1.345056999999999947e+00
1.493000000000000114e+02,1.342994000000000021e+00
1.494000000000000057e+02,6.969899999999999984e-01
1.495000000000000000e+02,6.965029999999999832e-01
1.495999999999999943e+02,1.960383999999999904e+00
1.496999999999999886e+02,1.960765000000000091e+00
1.498000000000000114e+02,1.961144999999999916e+00
1.499000000000000057e+02,2.816028000000000198e+00
1.500000000000000000e+02,2.818906999999999829e+00
1.500999999999999943e+02,-4.111747000000000263e+00
1.501999999999999886e+02,-4.074672999999999767e+00
1.503000000000000114e+02,-4.043237999999999666e+00
1.504000000000000057e+02,-2.526393000000000111e+00
1.505000000000000000e+02,-2.512103999999999893e+00
1.505999999999999943e+02,2.042090000000000016e-01
1.506999999999999886e+02,2.043300000000000116e-01
1.508000000000000114e+02,2.044519999999999949e-01
1.509000000000000057e+02,6.306370000000000031e-01
1.510000000000000000e+02,6.301959999999999784e-01
1.510999999999999943e+02,-3.405908000000000158e+00
1.511999999999999886e+02,-3.377067999999999959e+00
1.513000000000000114e+02,-3.347083000000000030e+00
1.514000000000000057e+02,-4.275559999999999583e+00
1.515000000000000000e+02,-4.239739000000000146e+00
1.515999999999999943e+02,-4.071280999999999928e+00
1.516999999999999886e+02,-4.037382000000000026e+00
1.518000000000000114e+02,-4.003498999999999697e+00
1.519000000000000057e+02,-3.956404000000000032e+00
1.520000000000000000e+02,-3.922744999999999926e+00
1.520999999999999943e+02,-6.847179999999999822e+00
1.521999999999999886e+02,-6.709455000000000169e+00
1.523000000000000114e+02,-6.571015000000000050e+00
1.524000000000000057e+02,-6.132229999999999848e+00
1.525000000000000000e+02,-6.006555999999999784e+00
1.525999999999999943e+02,-5.606864999999999988e+00
1.526999999999999886e+02,-5.489093999999999696e+00
1.528000000000000114e+02,-5.372239000000000431e+00
1.529000000000000057e+02,-5.020520000000000316e+00
1.530000000000000000e+02,-4.909267999999999965e+00
1.530999999999999943e+02,-4.589284000000000141e+00
1.531999999999999886e+02,-4.462111000000000161e+00
1.533000000000000114e+02,-4.335416999999999632e+00
1.534000000000000057e+02,-4.041128999999999749e+00
1.535000000000000000e+02,-3.921403999999999890e+00
1.535999999999999943e+02,-3.659717000000000109e+00
1.536999999999999886e+02,-3.545085999999999959e+00
1.538000000000000114e+02,-3.430813000000000113e+00
1.539000000000000057e+02,-3.200315999999999939e+00
1.540000000000000000e+02,-3.089952999999999950e+00
1.540999999999999943e+02,-2.891554000000000180e+00
1.541999999999999886e+02,-2.817899000000000154e+00
1.543000000000000114e+02,-2.743968999999999880e+00
1.544000000000000057e+02,-2.587501000000000051e+00
1.545000000000000000e+02,-2.512099000000000082e+00
1.545999999999999943e+02,-2.366967999999999961e+00
1.546999999999999886e+02,-2.291984999999999939e+00
1.548000000000000114e+02,-2.216685000000000016e+00
1.549000000000000057e+02,-2.084499999999999797e+00
1.550000000000000000e+02,-2.010546000000000166e+00
1.550999999999999943e+02,-7.004740000000000411e-01
1.551999999999999886e+02,-6.903390000000000359e-01
1.553000000000000114e+02,-6.801869999999999861e-01
1.554000000000000057e+02,1.306789999999999896e-01
1.555000000000000000e+02,1.317020000000000135e-01
1.555999999999999943e+02,-2.848600000000000021e-01
1.556999999999999886e+02,-2.800610000000000044e-01
1.558000000000000114e+02,-2.748269999999999880e-01
1.559000000000000057e+02,-4.626899999999999902e-01
1.560000000000000000e+02,-4.551350000000000118e-01
1.560999999999999943e+02,2.015800000000000036e+00
1.561999999999999886e+02,2.030800999999999856e+00
1.563000000000000114e+02,2.045799999999999841e+00
1.564000000000000057e+02,3.035477000000000203e+00
1.565000000000000000e+02,3.075467999999999869e+00
1.565999999999999943e+02,2.578803999999999874e+00
1.566999999999999886e+02,2.603979999999999961e+00
1.568000000000000114e+02,2.629191000000000056e+00
1.569000000000000057e+02,2.260413999999999923e+00
1.570000000000000000e+02,2.277054999999999829e+00
1.570999999999999943e+02,4.140760000000000218e+00
1.571999999999999886e+02,4.210670999999999609e+00
1.573000000000000114e+02,4.280578000000000216e+00
1.574000000000000057e+02,4.964574999999999960e+00
1.575000000000000000e+02,5.058004000000000389e+00
1.575999999999999943e+02,4.403668999999999834e+00
1.576999999999999886e+02,4.469586999999999755e+00
1.578000000000000114e+02,4.535498999999999725e+00
1.579000000000000057e+02,4.070878999999999692e+00
1.580000000000000000e+02,4.120834999999999582e+00
1.580999999999999943e+02,8.328305999999999543e+00
1.581999999999999886e+02,8.553411000000000541e+00
1.583000000000000114e+02,8.778499999999999304e+00
1.584000000000000057e+02,1.049919799999999981e+01
1.585000000000000000e+02,1.080723399999999934e+01
1.585999999999999943e+02,9.521069999999999922e+00
1.586999999999999886e+02,9.744505999999999446e+00
1.588000000000000114e+02,9.967916000000000665e+00
1.589000000000000057e+02,9.024444000000000798e+00
1.590000000000000000e+02,9.197946999999999207e+00
1.590999999999999943e+02,7.933885000000000076e+00
1.591999999999999886e+02,8.055631999999999238e+00
1.593000000000000114e+02,8.177360999999999436e+00
1.594000000000000057e+02,7.595302000000000220e+00
1.595000000000000000e+02,7.695983000000000018e+00
1.595999999999999943e+02,7.746650999999999954e+00
1.596999999999999886e+02,7.845895999999999759e+00
1.598000000000000114e+02,7.945122999999999713e+00
1.599000000000000057e+02,8.039979000000000653e+00
1.600000000000000000e+02,8.139049999999999230e+00
1.600999999999999943e+02,9.885878999999999195e+00
1.601999999999999886e+02,1.003233900000000034e+01
1.603000000000000114e+02,1.017878499999999953e+01
1.604000000000000057e+02,1.092643499999999968e+01
1.605000000000000000e+02,1.109131099999999925e+01
1.605999999999999943e+02,1.077415099999999981e+01
1.606999999999999886e+02,1.092469400000000057e+01
1.608000000000000114e+02,1.107520000000000060e+01
1.609000000000000057e+02,1.088253800000000027e+01
1.610000000000000000e+02,1.102340599999999959e+01
1.610999999999999943e+02,5.343017999999999823e+00
1.611999999999999886e+02,5.369855000000000267e+00
1.613000000000000114e+02,5.396682000000000201e+00
1.614000000000000057e+02,3.396551999999999794e+00
1.615000000000000000e+02,3.404415000000000191e+00
1.615999999999999943e+02,4.935837000000000252e+00
1.616999999999999886e+02,4.956907000000000174e+00
1.618000000000000114e+02,4.977967999999999726e+00
1.619000000000000057e+02,6.077694000000000152e+00
1.620000000000000000e+02,6.111436000000000313e+00
1.620999999999999943e+02,6.802736000000000338e+00
1.621999999999999886e+02,6.845467000000000191e+00
1.623000000000000114e+02,6.888181000000000331e+00
1.624000000000000057e+02,7.337273999999999852e+00
1.625000000000000000e+02,7.385881000000000363e+00
1.625999999999999943e+02,7.683491000000000071e+00
1.626999999999999886e+02,7.735839000000000354e+00
1.628000000000000114e+02,7.788178000000000267e+00
1.629000000000000057e+02,7.997243000000000102e+00
1.630000000000000000e+02,8.051928999999999448e+00
1.630999999999999943e+02,7.163948000000000427e+00
1.631999999999999886e+02,7.205128000000000199e+00
1.633000000000000114e+02,7.246290000000000120e+00
1.634000000000000057e+02,6.990653000000000006e+00
1.635000000000000000e+02,7.027999000000000329e+00
1.635999999999999943e+02,7.406782999999999895e+00
1.636999999999999886e+02,7.448423000000000016e+00
1.638000000000000114e+02,7.490044000000000146e+00
1.639000000000000057e+02,7.772617999999999583e+00
1.640000000000000000e+02,7.817320999999999742e+00
1.640999999999999943e+02,6.363012000000000334e+00
1.641999999999999886e+02,6.390160999999999980e+00
1.643000000000000114e+02,6.417296000000000333e+00
1.644000000000000057e+02,5.970347000000000293e+00
1.645000000000000000e+02,5.992834000000000216e+00
1.645999999999999943e+02,6.546418000000000070e+00
1.646999999999999886e+02,6.574061999999999628e+00
1.648000000000000114e+02,6.601691999999999894e+00
1.649000000000000057e+02,6.997327000000000297e+00
1.650000000000000000e+02,7.028728000000000087e+00
1.650999999999999943e+02,3.859380999999999950e+00
1.651999999999999886e+02,3.865709999999999980e+00
1.653000000000000114e+02,3.872034999999999894e+00
1.654000000000000057e+02,2.858887999999999874e+00
1.655000000000000000e+02,2.861066999999999805e+00
1.655999999999999943e+02,3.918127000000000137e+00
1.656999999999999886e+02,3.924619999999999997e+00
1.658000000000000114e+02,3.931109999999999882e+00
1.659000000000000057e+02,4.658907000000000131e+00
1.660000000000000000e+02,4.669437000000000282e+00
1.660999999999999943e+02,5.691722000000000392e+00
1.661999999999999886e+02,5.709404000000000146e+00
1.663000000000000114e+02,5.727077000000000417e+00
1.664000000000000057e+02,6.201258000000000159e+00
1.665000000000000000e+02,6.222661999999999694e+00
1.665999999999999943e+02,6.229243999999999559e+00
1.666999999999999886e+02,6.250499999999999723e+00
1.668000000000000114e+02,6.271743999999999986e+00
1.669000000000000057e+02,6.268511000000000166e+00
1.670000000000000000e+02,6.289527999999999786e+00
1.670999999999999943e+02,1.174897700000000000e+01
1.671999999999999886e+02,1.183785899999999991e+01
1.673000000000000114e+02,1.192669599999999974e+01
1.674000000000000057e+02,1.393709100000000056e+01
1.675000000000000000e+02,1.405943199999999926e+01
1.675999999999999943e+02,1.257630600000000065e+01
1.676999999999999886e+02,1.267044600000000010e+01
1.678000000000000114e+02,1.276453300000000013e+01
1.679000000000000057e+02,1.173270800000000058e+01
1.680000000000000000e+02,1.180953899999999912e+01
1.680999999999999943e+02,1.121031699999999987e+01
1.681999999999999886e+02,1.127754999999999974e+01
1.683000000000000114e+02,1.134473799999999954e+01
1.684000000000000057e+02,1.100821999999999967e+01
1.685000000000000000e+02,1.107011999999999929e+01
1.685999999999999943e+02,1.089813499999999991e+01
1.686999999999999886e+02,1.095705500000000043e+01
1.688000000000000114e+02,1.101593199999999939e+01
1.689000000000000057e+02,1.094149600000000078e+01
1.690000000000000000e+02,1.099870100000000050e+01
1.690999999999999943e+02,2.737617000000000189e+00
1.691999999999999886e+02,2.732060000000000155e+00
1.693000000000000114e+02,2.728660000000000085e+00
1.694000000000000057e+02,1.021468000000000043e+00
1.695000000000000000e+02,1.020798000000000094e+00
1.695999999999999943e+02,2.896329000000000153e+00
1.696999999999999886e+02,2.897164000000000073e+00
1.698000000000000114e+02,2.897998999999999992e+00
1.699000000000000057e+02,4.189295999999999687e+00
1.700000000000000000e+02,4.193712999999999802e+00
1.700999999999999943e+02,-7.959175000000000111e+00
1.701999999999999886e+02,-7.886123999999999690e+00
1.703000000000000114e+02,-7.823711000000000304e+00
1.704000000000000057e+02,-5.296369999999999578e+00
1.705000000000000000e+02,-5.265645000000000131e+00
1.705999999999999943e+02,-7.458350000000000257e-01
1.706999999999999886e+02,-7.436570000000000125e-01
1.708000000000000114e+02,-7.414800000000000280e-01
1.709000000000000057e+02,2.910639999999999894e-01
1.710000000000000000e+02,2.910639999999999894e-01
1.710999999999999943e+02,-5.125163999999999831e+00
1.711999999999999886e+02,-5.089589000000000141e+00
1.713000000000000114e+02,-5.053182999999999758e+00
1.714000000000000057e+02,-6.046198000000000405e+00
1.715000000000000000e+02,-6.005141000000000062e+00
1.715999999999999943e+02,-5.679273000000000238e+00
1.716999999999999886e+02,-5.641570999999999891e+00
1.718000000000000114e+02,-5.603893000000000235e+00
1.719000000000000057e+02,-5.523101999999999734e+00
1.720000000000000000e+02,-5.485966999999999594e+00
1.720999999999999943e+02,-1.082820700000000080e+01
1.721999999999999886e+02,-1.068855699999999942e+01
1.723000000000000114e+02,-1.054696900000000070e+01
1.724000000000000057e+02,-1.139259400000000078e+01
1.725000000000000000e+02,-1.124293300000000073e+01
1.725999999999999943e+02,-1.082300900000000077e+01
1.726999999999999886e+02,-1.068026300000000006e+01
1.728000000000000114e+02,-1.053758900000000054e+01
1.729000000000000057e+02,-1.035697099999999971e+01
1.730000000000000000e+02,-1.021541599999999939e+01
1.730999999999999943e+02,-9.573496999999999701e+00
1.731999999999999886e+02,-9.444931000000000409e+00
1.733000000000000114e+02,-9.316425999999999874e+00
1.734000000000000057e+02,-9.030179999999999652e+00
1.735000000000000000e+02,-8.905383999999999745e+00
1.735999999999999943e+02,-8.860042999999999225e+00
1.736999999999999886e+02,-8.733753000000000100e+00
1.738000000000000114e+02,-8.607037000000000049e+00
1.739000000000000057e+02,-8.528534000000000503e+00
1.740000000000000000e+02,-8.401049999999999685e+00
1.740999999999999943e+02,-3.529799999999999827e+00
1.741999999999999886e+02,-3.501568999999999932e+00
1.743000000000000114e+02,-3.473351000000000077e+00
1.744000000000000057e+02,-1.760231000000000101e+00
1.745000000000000000e+02,-1.749120999999999926e+00
1.745999999999999943e+02,-2.357997000000000121e+00
1.746999999999999886e+02,-2.341876000000000069e+00
1.748000000000000114e+02,-2.325098000000000109e+00
1.749000000000000057e+02,-2.613789000000000140e+00
1.750000000000000000e+02,-2.594387999999999916e+00
1.750999999999999943e+02,5.508070000000000466e-01
1.751999999999999886e+02,5.504189999999999916e-01
1.753000000000000114e+02,5.500319999999999654e-01
1.754000000000000057e+02,1.700533000000000072e+00
1.755000000000000000e+02,1.701051000000000091e+00
1.755999999999999943e+02,1.526356000000000046e+00
1.756999999999999886e+02,1.526480000000000059e+00
1.758000000000000114e+02,1.526602999999999932e+00
1.759000000000000057e+02,1.371736000000000066e+00
1.760000000000000000e+02,1.371588000000000029e+00
1.760999999999999943e+02,5.701696000000000097e+00
1.761999999999999886e+02,5.735827999999999705e+00
1.763000000000000114e+02,5.769948000000000299e+00
1.764000000000000057e+02,7.286535999999999902e+00
1.765000000000000000e+02,7.343947000000000003e+00
1.765999999999999943e+02,6.048458000000000112e+00
1.766999999999999886e+02,6.084548999999999985e+00
1.768000000000000114e+02,6.120625999999999678e+00
1.769000000000000057e+02,5.213106999999999935e+00
1.770000000000000000e+02,5.237345999999999613e+00
1.770999999999999943e+02,9.959732000000000696e+00
1.771999999999999886e+02,1.006379699999999922e+01
1.773000000000000114e+02,1.016781899999999972e+01
1.774000000000000057e+02,1.180438400000000065e+01
1.775000000000000000e+02,1.194421700000000008e+01
1.775999999999999943e+02,1.029317799999999927e+01
1.776999999999999886e+02,1.039213600000000071e+01
1.778000000000000114e+02,1.049105499999999935e+01
1.779000000000000057e+02,9.346811000000000647e+00
1.780000000000000000e+02,9.422067000000000192e+00
1.780999999999999943e+02,6.108127999999999780e+00
1.781999999999999886e+02,6.135366000000000319e+00
1.783000000000000114e+02,6.162592000000000070e+00
1.784000000000000057e+02,4.840290999999999677e+00
1.785000000000000000e+02,4.854974000000000345e+00
1.785999999999999943e+02,5.364450999999999858e+00
1.786999999999999886e+02,5.383269000000000304e+00
1.788000000000000114e+02,5.402078000000000380e+00
1.789000000000000057e+02,5.794815999999999967e+00
1.790000000000000000e+02,5.817014999999999603e+00
1.790999999999999943e+02,-5.640389999999999571e-01
1.791999999999999886e+02,-5.601819999999999578e-01
1.793000000000000114e+02,-5.571650000000000214e-01
1.794000000000000057e+02,-1.249770000000000048e-01
1.795000000000000000e+02,-1.241609999999999936e-01
1.795999999999999943e+02,1.379582000000000086e+00
1.796999999999999886e+02,1.379115000000000091e+00
1.798000000000000114e+02,1.378648000000000096e+00
1.799000000000000057e+02,2.146904999999999841e+00
1.800000000000000000e+02,2.147610999999999937e+00
1.800999999999999943e+02,-1.062035000000000062e+00
1.801999999999999886e+02,-1.056702999999999948e+00
1.803000000000000114e+02,-1.052245000000000097e+00
1.804000000000000057e+02,-3.051360000000000183e-01
1.805000000000000000e+02,-3.038159999999999750e-01
1.805999999999999943e+02,7.917140000000000288e-01
1.806999999999999886e+02,7.911709999999999576e-01
1.808000000000000114e+02,7.906290000000000262e-01
1.809000000000000057e+02,1.165896999999999961e+00
1.810000000000000000e+02,1.165329999999999977e+00
1.810999999999999943e+02,4.022099999999999981e-02
1.811999999999999886e+02,4.075100000000000250e-02
1.813000000000000114e+02,4.122100000000000070e-02
1.814000000000000057e+02,2.954030000000000267e-01
1.815000000000000000e+02,2.953680000000000194e-01
1.815999999999999943e+02,6.332510000000000083e-01
1.816999999999999886e+02,6.328110000000000124e-01
1.818000000000000114e+02,6.323699999999999877e-01
1.819000000000000057e+02,8.016550000000000065e-01
1.820000000000000000e+02,8.011080000000000423e-01
1.820999999999999943e+02,-1.378080000000000138e-01
1.821999999999999886e+02,-1.367180000000000062e-01
1.823000000000000114e+02,-1.355349999999999888e-01
1.824000000000000057e+02,-6.637330000000000174e-01
1.825000000000000000e+02,-6.610629999999999562e-01
1.825999999999999943e+02,-7.306759999999999922e-01
1.826999999999999886e+02,-7.277599999999999625e-01
1.828000000000000114e+02,-7.248080000000000078e-01
1.829000000000000057e+02,-7.611510000000000220e-01
1.830000000000000000e+02,-7.580719999999999681e-01
1.830999999999999943e+02,-3.986394999999999911e+00
1.831999999999999886e+02,-3.950972999999999846e+00
1.833000000000000114e+02,-3.914855999999999892e+00
1.834000000000000057e+02,-4.488440999999999903e+00
1.835000000000000000e+02,-4.448822999999999972e+00
1.835999999999999943e+02,-4.250842999999999705e+00
1.836999999999999886e+02,-4.213665999999999912e+00
1.838000000000000114e+02,-4.176505999999999830e+00
1.839000000000000057e+02,-4.114639000000000379e+00
1.840000000000000000e+02,-4.077892000000000294e+00
1.840999999999999943e+02,-4.720842000000000205e+00
1.841999999999999886e+02,-4.671536999999999829e+00
1.843000000000000114e+02,-4.622041000000000288e+00
1.844000000000000057e+02,-4.702355999999999980e+00
1.845000000000000000e+02,-4.652026000000000217e+00
1.845999999999999943e+02,-4.573752999999999957e+00
1.846999999999999886e+02,-4.524000000000000021e+00
1.848000000000000114e+02,-4.474268999999999608e+00
1.849000000000000057e+02,-4.425781999999999883e+00
1.850000000000000000e+02,-4.375879000000000296e+00
1.850999999999999943e+02,-4.534796000000000049e+00
1.851999999999999886e+02,-4.480158999999999558e+00
1.853000000000000114e+02,-4.425449000000000410e+00
1.854000000000000057e+02,-4.411985999999999741e+00
1.855000000000000000e+02,-4.356957000000000413e+00
1.855999999999999943e+02,-4.297075999999999674e+00
1.856999999999999886e+02,-4.242176999999999865e+00
1.858000000000000114e+02,-4.187291000000000096e+00
1.859000000000000057e+02,-4.135746000000000144e+00
1.860000000000000000e+02,-4.080808000000000213e+00
1.860999999999999943e+02,-3.136527000000000065e+00
1.861999999999999886e+02,-3.100746000000000002e+00
1.863000000000000114e+02,-3.064973000000000170e+00
1.864000000000000057e+02,-2.723414000000000001e+00
1.865000000000000000e+02,-2.692918000000000145e+00
1.865999999999999943e+02,-2.776933000000000096e+00
1.866999999999999886e+02,-2.744733999999999785e+00
1.868000000000000114e+02,-2.712194999999999911e+00
1.869000000000000057e+02,-2.738192999999999877e+00
1.870000000000000000e+02,-2.704883000000000148e+00
1.870999999999999943e+02,-2.215644000000000169e+00
1.871999999999999886e+02,-2.191082000000000196e+00
1.873000000000000114e+02,-2.166525000000000034e+00
1.874000000000000057e+02,-1.986202999999999941e+00
1.875000000000000000e+02,-1.964134000000000047e+00
1.875999999999999943e+02,-2.007966999999999835e+00
1.876999999999999886e+02,-1.984963000000000033e+00
1.878000000000000114e+02,-1.961789999999999923e+00
1.879000000000000057e+02,-1.970958999999999905e+00
1.880000000000000000e+02,-1.947421000000000069e+00
1.880999999999999943e+02,-1.355807999999999902e+00
1.881999999999999886e+02,-1.341841000000000061e+00
1.883000000000000114e+02,-1.327873999999999999e+00
1.884000000000000057e+02,-1.113183000000000034e+00
1.885000000000000000e+02,-1.101849999999999996e+00
1.885999999999999943e+02,-1.166184000000000109e+00
1.886999999999999886e+02,-1.153990999999999989e+00
1.888000000000000114e+02,-1.141642000000000046e+00
1.889000000000000057e+02,-1.167972000000000010e+00
1.890000000000000000e+02,-1.155226000000000086e+00
1.890999999999999943e+02,-8.916680000000000161e-01
1.891999999999999886e+02,-8.825039999999999552e-01
1.893000000000000114e+02,-8.733410000000000339e-01
1.894000000000000057e+02,-7.788439999999999808e-01
1.895000000000000000e+02,-7.706899999999999862e-01
1.895999999999999943e+02,-8.000340000000000229e-01
1.896999999999999886e+02,-7.914999999999999813e-01
1.898000000000000114e+02,-7.828880000000000283e-01
1.899000000000000057e+02,-7.940840000000000121e-01
1.900000000000000000e+02,-7.852869999999999573e-01
1.900999999999999943e+02,-2.826259999999999883e-01
1.901999999999999886e+02,-2.793559999999999932e-01
1.903000000000000114e+02,-2.760870000000000268e-01
1.904000000000000057e+02,-9.225400000000000267e-02
1.905000000000000000e+02,-9.032300000000000051e-02
1.905999999999999943e+02,-1.555910000000000071e-01
1.906999999999999886e+02,-1.532320000000000071e-01
1.908000000000000114e+02,-1.508200000000000096e-01
1.909000000000000057e+02,-1.827110000000000123e-01
1.910000000000000000e+02,-1.800869999999999971e-01
1.910999999999999943e+02,-1.936690000000000078e-01
1.911999999999999886e+02,-1.909210000000000074e-01
1.913000000000000114e+02,-1.881730000000000069e-01
1.914000000000000057e+02,-1.944589999999999930e-01
1.915000000000000000e+02,-1.916339999999999988e-01
1.915999999999999943e+02,-1.921410000000000062e-01
1.916999999999999886e+02,-1.892870000000000108e-01
1.918000000000000114e+02,-1.864339999999999886e-01
1.919000000000000057e+02,-1.851039999999999908e-01
1.920000000000000000e+02,-1.822380000000000111e-01
1.920999999999999943e+02,2.843720000000000137e-01
1.921999999999999886e+02,2.843740000000000157e-01
1.923000000000000114e+02,2.843760000000000177e-01
1.924000000000000057e+02,3.972740000000000160e-01
1.925000000000000000e+02,3.969770000000000243e-01
1.925999999999999943e+02,3.768380000000000063e-01
1.926999999999999886e+02,3.765830000000000011e-01
1.928000000000000114e+02,3.763270000000000226e-01
1.929000000000000057e+02,3.591139999999999888e-01
1.930000000000000000e+02,3.588979999999999948e-01
1.930999999999999943e+02,3.726209999999999800e-01
1.931999999999999886e+02,3.723730000000000095e-01
1.933000000000000114e+02,3.721240000000000103e-01
1.934000000000000057e+02,4.185030000000000139e-01
1.935000000000000000e+02,4.181610000000000049e-01
1.935999999999999943e+02,4.391079999999999983e-01
1.936999999999999886e+02,4.387320000000000109e-01
1.938000000000000114e+02,4.383560000000000234e-01
1.939000000000000057e+02,4.495720000000000272e-01
1.940000000000000000e+02,4.491800000000000237e-01
1.940999999999999943e+02,5.705270000000000064e-01
1.941999999999999886e+02,5.700690000000000479e-01
1.943000000000000114e+02,5.696099999999999497e-01
1.944000000000000057e+02,6.332339999999999636e-01
1.945000000000000000e+02,6.328160000000000451e-01
1.945999999999999943e+02,6.174669999999999881e-01
1.946999999999999886e+02,6.170350000000000001e-01
1.948000000000000114e+02,6.166030000000000122e-01
1.949000000000000057e+02,6.040790000000000326e-01
1.950000000000000000e+02,6.036449999999999871e-01
1.950999999999999943e+02,1.016804999999999959e+00
1.951999999999999886e+02,1.017735999999999974e+00
1.953000000000000114e+02,1.018666000000000071e+00
1.954000000000000057e+02,1.159818999999999933e+00
1.955000000000000000e+02,1.161699999999999955e+00
1.955999999999999943e+02,1.037832000000000088e+00
1.956999999999999886e+02,1.038856999999999919e+00
1.958000000000000114e+02,1.039881000000000055e+00
1.959000000000000057e+02,9.542329999999999979e-01
1.960000000000000000e+02,9.547820000000000196e-01
1.960999999999999943e+02,9.033710000000000351e-01
1.961999999999999886e+02,9.036809999999999565e-01
1.963000000000000114e+02,9.039899999999999602e-01
1.964000000000000057e+02,8.733570000000000499e-01
1.965000000000000000e+02,8.735380000000000367e-01
1.965999999999999943e+02,8.553749999999999964e-01
1.966999999999999886e+02,8.554869999999999974e-01
1.968000000000000114e+02,8.555989999999999984e-01
1.969000000000000057e+02,8.447740000000000249e-01
1.970000000000000000e+02,8.448459999999999859e-01
1.970999999999999943e+02,8.384019999999999806e-01
1.971999999999999886e+02,8.384509999999999463e-01
1.973000000000000114e+02,8.385000000000000231e-01
1.974000000000000057e+02,8.346320000000000405e-01
1.975000000000000000e+02,8.346679999999999655e-01
1.975999999999999943e+02,8.323369999999999935e-01
1.976999999999999886e+02,8.323639999999999928e-01
1.978000000000000114e+02,8.323920000000000208e-01
1.979000000000000057e+02,8.309659999999999824e-01
1.980000000000000000e+02,8.309889999999999777e-01
1.980999999999999943e+02,1.927251000000000047e+00
1.981999999999999886e+02,1.938164999999999916e+00
1.983000000000000114e+02,1.949078000000000088e+00
1.984000000000000057e+02,2.343239000000000072e+00
1.985000000000000000e+02,2.361056000000000044e+00
1.985999999999999943e+02,2.051673000000000080e+00
1.986999999999999886e+02,2.063553999999999888e+00
1.988000000000000114e+02,2.075432999999999861e+00
1.989000000000000057e+02,1.858138000000000067e+00
1.990000000000000000e+02,1.866621000000000086e+00
1.990999999999999943e+02,1.738499000000000017e+00
1.991999999999999886e+02,1.745214000000000043e+00
1.993000000000000114e+02,1.751929000000000070e+00
1.994000000000000057e+02,1.677043999999999979e+00
1.995000000000000000e+02,1.682811000000000057e+00
1.995999999999999943e+02,1.640781000000000045e+00
1.996999999999999886e+02,1.646025999999999989e+00
1.998000000000000114e+02,1.651269000000000098e+00
1.999000000000000057e+02,1.628506000000000009e+00
2.000000000000000000e+02,1.633458000000000077e+00
2.000999999999999943e+02,2.858270999999999784e+00
2.001999999999999886e+02,2.882585000000000175e+00
2.003000000000000114e+02,2.906895000000000007e+00
2.004000000000000057e+02,3.357628000000000057e+00
2.005000000000000000e+02,3.391497000000000206e+00
2.005999999999999943e+02,3.048664000000000041e+00
2.006999999999999886e+02,3.074124999999999996e+00
2.008000000000000114e+02,3.099582999999999977e+00
2.009000000000000057e+02,2.860055000000000014e+00
2.010000000000000000e+02,2.880421999999999816e+00
2.010999999999999943e+02,2.741992000000000207e+00
2.011999999999999886e+02,2.759596999999999856e+00
2.013000000000000114e+02,2.777198999999999973e+00
2.014000000000000057e+02,2.700517000000000056e+00
2.015000000000000000e+02,2.716598999999999986e+00
2.015999999999999943e+02,2.678052000000000099e+00
2.016999999999999886e+02,2.693287999999999904e+00
2.018000000000000114e+02,2.708521000000000178e+00
2.019000000000000057e+02,2.692296999999999940e+00
2.020000000000000000e+02,2.707062000000000079e+00
2.020999999999999943e+02,4.163269999999999804e+00
2.021999999999999886e+02,4.205710999999999977e+00
2.023000000000000114e+02,4.248147000000000340e+00
2.024000000000000057e+02,4.800203999999999915e+00
2.025000000000000000e+02,4.855043000000000220e+00
2.025999999999999943e+02,4.468039000000000094e+00
2.026999999999999886e+02,4.512197999999999709e+00
2.028000000000000114e+02,4.556351000000000262e+00
2.029000000000000057e+02,4.288676999999999850e+00
2.030000000000000000e+02,4.326171000000000433e+00
2.030999999999999943e+02,7.474254000000000175e+00
2.031999999999999886e+02,7.599148999999999710e+00
2.033000000000000114e+02,7.724027000000000420e+00
2.034000000000000057e+02,8.942821000000000353e+00
2.035000000000000000e+02,9.107157000000000835e+00
2.035999999999999943e+02,8.182634999999999437e+00
2.036999999999999886e+02,8.308604000000000767e+00
2.038000000000000114e+02,8.434552000000000049e+00
2.039000000000000057e+02,7.780439000000000327e+00
2.040000000000000000e+02,7.883115000000000094e+00
2.040999999999999943e+02,6.352591000000000321e+00
2.041999999999999886e+02,6.414558999999999678e+00
2.043000000000000114e+02,6.476513999999999882e+00
2.044000000000000057e+02,5.848580000000000112e+00
2.045000000000000000e+02,5.896741999999999706e+00
2.045999999999999943e+02,6.117760999999999783e+00
2.046999999999999886e+02,6.169152000000000413e+00
2.048000000000000114e+02,6.220537000000000205e+00
2.049000000000000057e+02,6.416445999999999650e+00
2.050000000000000000e+02,6.470526000000000444e+00
2.050999999999999943e+02,8.310620000000000118e+00
2.051999999999999886e+02,8.403162999999999272e+00
2.053000000000000114e+02,8.495684000000000680e+00
2.054000000000000057e+02,9.256567999999999685e+00
2.055000000000000000e+02,9.365505000000000635e+00
2.055999999999999943e+02,9.015809000000000850e+00
2.056999999999999886e+02,9.113609000000000293e+00
2.058000000000000114e+02,9.211372000000000781e+00
2.059000000000000057e+02,8.984159000000000006e+00
2.060000000000000000e+02,9.074607000000000312e+00
2.060999999999999943e+02,1.135522699999999929e+01
2.061999999999999886e+02,1.149862099999999998e+01
2.063000000000000114e+02,1.164195800000000069e+01
2.064000000000000057e+02,1.252607099999999996e+01
2.065000000000000000e+02,1.268892999999999915e+01
2.065999999999999943e+02,1.208382800000000046e+01
2.066999999999999886e+02,1.222659400000000041e+01
2.068000000000000114e+02,1.236932599999999915e+01
2.069000000000000057e+02,1.197598100000000088e+01
2.070000000000000000e+02,1.210594299999999990e+01
2.070999999999999943e+02,9.775031999999999499e+00
2.071999999999999886e+02,9.854767999999999972e+00
2.073000000000000114e+02,9.934468000000000742e+00
2.074000000000000057e+02,9.085316999999999865e+00
2.075000000000000000e+02,9.149520000000000763e+00
2.075999999999999943e+02,9.733427000000000717e+00
2.076999999999999886e+02,9.805913000000000324e+00
2.078000000000000114e+02,9.878363999999999479e+00
2.079000000000000057e+02,1.033880599999999994e+01
2.080000000000000000e+02,1.041755999999999993e+01
2.080999999999999943e+02,9.019413000000000125e+00
2.081999999999999886e+02,9.075473000000000567e+00
2.083000000000000114e+02,9.131503999999999621e+00
2.084000000000000057e+02,8.747813999999999979e+00
2.085000000000000000e+02,8.797905999999999338e+00
2.085999999999999943e+02,9.447202000000000766e+00
2.086999999999999886e+02,9.505271999999999721e+00
2.088000000000000114e+02,9.563311000000000561e+00
2.089000000000000057e+02,1.004358900000000077e+01
2.090000000000000000e+02,1.010742499999999922e+01
2.090999999999999943e+02,1.535872799999999927e+01
2.091999999999999886e+02,1.551545300000000083e+01
2.093000000000000114e+02,1.567209599999999980e+01
2.094000000000000057e+02,1.775455200000000033e+01
2.095000000000000000e+02,1.795395999999999859e+01
2.095999999999999943e+02,1.681740200000000129e+01
2.096999999999999886e+02,1.698670600000000164e+01
2.098000000000000114e+02,1.715556600000000032e+01
2.099000000000000057e+02,1.637342900000000157e+01
2.100000000000000000e+02,1.652301200000000136e+01
2.100999999999999943e+02,9.996634000000000242e+00
2.101999999999999886e+02,1.004486400000000046e+01
2.103000000000000114e+02,1.009305799999999920e+01
2.104000000000000057e+02,7.718536000000000286e+00
2.105000000000000000e+02,7.743775000000000297e+00
2.105999999999999943e+02,9.313767999999999603e+00
2.106999999999999886e+02,9.352693999999999619e+00
2.108000000000000114e+02,9.391591999999999274e+00
2.109000000000000057e+02,1.054204900000000045e+01
2.110000000000000000e+02,1.059230799999999917e+01
2.110999999999999943e+02,7.113469000000000264e+00
2.111999999999999886e+02,7.132467000000000112e+00
2.113000000000000114e+02,7.151462999999999681e+00
2.114000000000000057e+02,6.148393000000000441e+00
2.115000000000000000e+02,6.161052999999999891e+00
2.115999999999999943e+02,7.623719999999999608e+00
2.116999999999999886e+02,7.645640000000000214e+00
2.118000000000000114e+02,7.667544000000000359e+00
2.119000000000000057e+02,8.677758000000000749e+00
2.120000000000000000e+02,8.707214999999999705e+00
2.120999999999999943e+02,6.454564999999999664e+00
2.121999999999999886e+02,6.468161000000000271e+00
2.123000000000000114e+02,6.481746000000000230e+00
2.124000000000000057e+02,5.877752000000000088e+00
2.125000000000000000e+02,5.888052000000000064e+00
2.125999999999999943e+02,6.936655000000000015e+00
2.126999999999999886e+02,6.952652999999999750e+00
2.128000000000000114e+02,6.968638000000000332e+00
2.129000000000000057e+02,7.683567000000000036e+00
2.130000000000000000e+02,7.703979999999999606e+00
2.130999999999999943e+02,6.673667000000000016e+00
2.131999999999999886e+02,6.687572000000000294e+00
2.133000000000000114e+02,6.701467000000000063e+00
2.134000000000000057e+02,6.469066999999999901e+00
2.135000000000000000e+02,6.481601999999999641e+00
2.135999999999999943e+02,7.066159999999999997e+00
2.136999999999999886e+02,7.081870000000000331e+00
2.138000000000000114e+02,7.097567999999999877e+00
2.139000000000000057e+02,7.496618999999999922e+00
2.140000000000000000e+02,7.514596000000000053e+00
2.140999999999999943e+02,1.077487600000000079e+01
2.141999999999999886e+02,1.081808299999999967e+01
2.143000000000000114e+02,1.086125400000000063e+01
2.144000000000000057e+02,1.208729600000000026e+01
2.145000000000000000e+02,1.214198599999999928e+01
2.145999999999999943e+02,1.142103099999999927e+01
2.146999999999999886e+02,1.146793300000000038e+01
2.148000000000000114e+02,1.151479699999999973e+01
2.149000000000000057e+02,1.101839700000000022e+01
2.150000000000000000e+02,1.106021199999999993e+01
2.150999999999999943e+02,1.392452899999999971e+01
2.151999999999999886e+02,1.399488200000000049e+01
2.153000000000000114e+02,1.406517900000000054e+01
2.154000000000000057e+02,1.504206800000000044e+01
2.155000000000000000e+02,1.512310000000000088e+01
2.155999999999999943e+02,1.420014899999999969e+01
2.156999999999999886e+02,1.427018999999999949e+01
2.158000000000000114e+02,1.434018000000000015e+01
2.159000000000000057e+02,1.372746899999999926e+01
2.160000000000000000e+02,1.379006700000000052e+01
2.160999999999999943e+02,1.510117800000000088e+01
2.161999999999999886e+02,1.517723299999999931e+01
2.163000000000000114e+02,1.525323400000000085e+01
2.164000000000000057e+02,1.562286100000000033e+01
2.165000000000000000e+02,1.570210699999999981e+01
2.165999999999999943e+02,1.512325099999999978e+01
2.166999999999999886e+02,1.519506799999999913e+01
2.168000000000000114e+02,1.526683099999999982e+01
2.169000000000000057e+02,1.491721100000000000e+01
2.170000000000000000e+02,1.498183799999999977e+01
2.170999999999999943e+02,1.311965000000000003e+01
2.171999999999999886e+02,1.316664600000000007e+01
2.173000000000000114e+02,1.321360199999999985e+01
2.174000000000000057e+02,1.255536999999999992e+01
2.175000000000000000e+02,1.259659100000000009e+01
2.175999999999999943e+02,1.305050199999999982e+01
2.176999999999999886e+02,1.309490300000000040e+01
2.178000000000000114e+02,1.313926499999999997e+01
2.179000000000000057e+02,1.348949200000000026e+01
2.180000000000000000e+02,1.353622999999999976e+01
2.180999999999999943e+02,1.120547400000000060e+01
2.181999999999999886e+02,1.123480699999999999e+01
2.183000000000000114e+02,1.126493199999999995e+01
2.184000000000000057e+02,1.052296399999999998e+01
2.185000000000000000e+02,1.054824100000000087e+01
2.185999999999999943e+02,1.135997899999999916e+01
2.186999999999999886e+02,1.139019200000000076e+01
2.188000000000000114e+02,1.142038299999999929e+01
2.189000000000000057e+02,1.200584800000000030e+01
2.190000000000000000e+02,1.203972300000000040e+01
2.190999999999999943e+02,8.949536999999999409e+00
2.191999999999999886e+02,8.965118999999999616e+00
2.193000000000000114e+02,8.980686999999999642e+00
2.194000000000000057e+02,7.982491999999999699e+00
2.195000000000000000e+02,7.993553999999999604e+00
2.195999999999999943e+02,9.063748000000000360e+00
2.196999999999999886e+02,9.079482999999999748e+00
2.198000000000000114e+02,9.095204999999999984e+00
2.199000000000000057e+02,9.847144999999999371e+00
2.200000000000000000e+02,9.866504000000000829e+00
2.200999999999999943e+02,7.708568999999999782e+00
2.201999999999999886e+02,7.718112999999999779e+00
2.203000000000000114e+02,7.727648000000000295e+00
2.204000000000000057e+02,7.082987000000000144e+00
2.205000000000000000e+02,7.090195999999999721e+00
2.205999999999999943e+02,7.954909999999999926e+00
2.206999999999999886e+02,7.965188999999999631e+00
2.208000000000000114e+02,7.975458999999999854e+00
2.209000000000000057e+02,8.579720999999999265e+00
2.210000000000000000e+02,8.592392999999999503e+00
2.210999999999999943e+02,4.625097000000000236e+00
2.211999999999999886e+02,4.626022999999999996e+00
2.213000000000000114e+02,4.626948999999999756e+00
2.214000000000000057e+02,3.287726000000000148e+00
2.215000000000000000e+02,3.287027000000000143e+00
2.215999999999999943e+02,4.526809000000000083e+00
2.216999999999999886e+02,4.527576999999999963e+00
2.218000000000000114e+02,4.528343999999999703e+00
2.219000000000000057e+02,5.407376000000000182e+00
2.220000000000000000e+02,5.409780999999999729e+00
2.220999999999999943e+02,5.961191999999999602e+00
2.221999999999999886e+02,5.964871999999999730e+00
2.223000000000000114e+02,5.968548000000000187e+00
2.224000000000000057e+02,6.311979000000000006e+00
2.225000000000000000e+02,6.316535000000000011e+00
2.225999999999999943e+02,6.529962000000000266e+00
2.226999999999999886e+02,6.535092999999999819e+00
2.228000000000000114e+02,6.540219999999999700e+00
2.229000000000000057e+02,6.673389000000000237e+00
2.230000000000000000e+02,6.678874000000000422e+00
2.230999999999999943e+02,5.892773000000000039e+00
2.231999999999999886e+02,5.896137000000000405e+00
2.233000000000000114e+02,5.899497000000000213e+00
2.234000000000000057e+02,5.630618000000000123e+00
2.235000000000000000e+02,5.633340999999999710e+00
2.235999999999999943e+02,5.880542000000000158e+00
2.236999999999999886e+02,5.883823999999999721e+00
2.238000000000000114e+02,5.887103999999999893e+00
2.239000000000000057e+02,6.061287000000000091e+00
2.240000000000000000e+02,6.064975999999999701e+00
2.240999999999999943e+02,7.043327999999999811e+00
2.241999999999999886e+02,7.049732999999999805e+00
2.243000000000000114e+02,7.056130999999999709e+00
2.244000000000000057e+02,7.447167000000000314e+00
2.245000000000000000e+02,7.454786000000000357e+00
2.245999999999999943e+02,7.284178999999999959e+00
2.246999999999999886e+02,7.291202000000000183e+00
2.248000000000000114e+02,7.298218999999999568e+00
2.249000000000000057e+02,7.172197999999999851e+00
2.250000000000000000e+02,7.178783000000000136e+00
2.250999999999999943e+02,8.839254999999999640e+00
2.251999999999999886e+02,8.851827000000000112e+00
2.253000000000000114e+02,8.864388999999999186e+00
2.254000000000000057e+02,9.467354000000000269e+00
2.255000000000000000e+02,9.482419999999999405e+00
2.255999999999999943e+02,9.032797999999999661e+00
2.256999999999999886e+02,9.045837000000000572e+00
2.258000000000000114e+02,9.058865000000000833e+00
2.259000000000000057e+02,8.740843999999999170e+00
2.260000000000000000e+02,8.752511999999999404e+00
2.260999999999999943e+02,7.686300000000000132e+00
2.261999999999999886e+02,7.694036999999999793e+00
2.263000000000000114e+02,7.701767000000000252e+00
2.264000000000000057e+02,7.252748000000000417e+00
2.265000000000000000e+02,7.259030000000000094e+00
2.265999999999999943e+02,7.392316000000000109e+00
2.266999999999999886e+02,7.398971999999999660e+00
2.268000000000000114e+02,7.405623000000000289e+00
2.269000000000000057e+02,7.513203999999999994e+00
2.270000000000000000e+02,7.520153999999999783e+00
2.270999999999999943e+02,7.592939999999999579e+00
2.271999999999999886e+02,7.600083999999999840e+00
2.273000000000000114e+02,7.607221000000000011e+00
2.274000000000000057e+02,7.657244000000000383e+00
2.275000000000000000e+02,7.664462999999999582e+00
2.275999999999999943e+02,7.699842000000000297e+00
2.276999999999999886e+02,7.707123000000000168e+00
2.278000000000000114e+02,7.714395999999999809e+00
2.279000000000000057e+02,7.740591000000000221e+00
2.280000000000000000e+02,7.747910000000000075e+00
2.280999999999999943e+02,6.900457000000000285e+00
2.281999999999999886e+02,6.905281999999999698e+00
2.283000000000000114e+02,6.910103000000000328e+00
2.284000000000000057e+02,6.591476000000000113e+00
2.285000000000000000e+02,6.595461000000000240e+00
2.285999999999999943e+02,6.806751000000000218e+00
2.286999999999999886e+02,6.811251000000000388e+00
2.288000000000000114e+02,6.815745999999999860e+00
2.289000000000000057e+02,6.972997999999999585e+00
2.290000000000000000e+02,6.977883000000000280e+00
2.290999999999999943e+02,6.214949999999999974e+00
2.291999999999999886e+02,6.217956000000000039e+00
2.293000000000000114e+02,6.220958999999999683e+00
2.294000000000000057e+02,5.953058000000000405e+00
2.295000000000000000e+02,5.955474999999999852e+00
2.295999999999999943e+02,6.196888000000000396e+00
2.296999999999999886e+02,6.199809000000000125e+00
2.298000000000000114e+02,6.202727999999999575e+00
2.299000000000000057e+02,6.378694999999999560e+00
2.300000000000000000e+02,6.381994999999999862e+00
2.300999999999999943e+02,3.899894000000000194e+00
2.301999999999999886e+02,3.899259999999999948e+00
2.303000000000000114e+02,3.898626999999999843e+00
2.304000000000000057e+02,2.961246000000000045e+00
2.305000000000000000e+02,2.960036000000000111e+00
2.305999999999999943e+02,3.579696000000000211e+00
2.306999999999999886e+02,3.578819000000000194e+00
2.308000000000000114e+02,3.577942000000000178e+00
2.309000000000000057e+02,4.034347000000000349e+00
2.310000000000000000e+02,4.033853999999999829e+00
2.310999999999999943e+02,1.765513000000000110e+00
2.311999999999999886e+02,1.764315000000000078e+00
2.313000000000000114e+02,1.763117000000000045e+00
2.314000000000000057e+02,9.610779999999999879e-01
2.315000000000000000e+02,9.603289999999999882e-01
2.315999999999999943e+02,1.632184999999999997e+00
2.316999999999999886e+02,1.631038999999999906e+00
2.318000000000000114e+02,1.629895000000000094e+00
2.319000000000000057e+02,2.116551999999999989e+00
2.320000000000000000e+02,2.115288000000000057e+00
2.320999999999999943e+02,-3.374286000000000119e+00
2.321999999999999886e+02,-3.363910999999999873e+00
2.323000000000000114e+02,-3.353667999999999871e+00
2.324000000000000057e+02,-4.047119000000000355e+00
2.325000000000000000e+02,-4.036112000000000144e+00
2.325999999999999943e+02,-3.080824999999999925e+00
2.326999999999999886e+02,-3.073137000000000008e+00
2.328000000000000114e+02,-3.065456000000000181e+00
2.329000000000000057e+02,-2.851189999999999891e+00
2.330000000000000000e+02,-2.844227000000000061e+00
2.330999999999999943e+02,-6.228291999999999717e+00
2.331999999999999886e+02,-6.204653000000000418e+00
2.333000000000000114e+02,-6.180717999999999712e+00
2.334000000000000057e+02,-6.829536000000000051e+00
2.335000000000000000e+02,-6.803815000000000168e+00
2.335999999999999943e+02,-6.633589999999999876e+00
2.336999999999999886e+02,-6.608755999999999631e+00
2.338000000000000114e+02,-6.583934000000000175e+00
2.339000000000000057e+02,-6.555641999999999747e+00
2.340000000000000000e+02,-6.530865999999999616e+00
2.340999999999999943e+02,-6.068882000000000332e+00
2.341999999999999886e+02,-6.046746999999999872e+00
2.343000000000000114e+02,-6.024624000000000201e+00
2.344000000000000057e+02,-5.865715999999999930e+00
2.345000000000000000e+02,-5.844363000000000419e+00
2.345999999999999943e+02,-5.912797000000000303e+00
2.346999999999999886e+02,-5.890992999999999924e+00
2.348000000000000114e+02,-5.869153999999999982e+00
2.349000000000000057e+02,-5.910345999999999655e+00
2.350000000000000000e+02,-5.888200000000000323e+00
2.350999999999999943e+02,-2.756073000000000217e+00
2.351999999999999886e+02,-2.748826999999999909e+00
2.353000000000000114e+02,-2.741586999999999996e+00
2.354000000000000057e+02,-1.605150999999999994e+00
2.355000000000000000e+02,-1.601374999999999993e+00
2.355999999999999943e+02,-2.021590999999999916e+00
2.356999999999999886e+02,-2.016683000000000003e+00
2.358000000000000114e+02,-2.011587000000000014e+00
2.359000000000000057e+02,-2.224473999999999840e+00
2.360000000000000000e+02,-2.218716999999999828e+00
2.360999999999999943e+02,2.910639999999999894e-01
2.361999999999999886e+02,2.910639999999999894e-01
2.363000000000000114e+02,2.910639999999999894e-01
2.364000000000000057e+02,8.981390000000000207e-01
2.365000000000000000e+02,8.974950000000000427e-01
2.365999999999999943e+02,8.034900000000000375e-01
2.366999999999999886e+02,8.029199999999999671e-01
2.368000000000000114e+02,8.023500000000000076e-01
2.369000000000000057e+02,7.206409999999999760e-01
2.370000000000000000e+02,7.201419999999999488e-01
2.370999999999999943e+02,-8.941399999999999348e-02
2.371999999999999886e+02,-8.888600000000000667e-02
2.373000000000000114e+02,-8.834200000000000386e-02
2.374000000000000057e+02,-3.997109999999999830e-01
2.375000000000000000e+02,-3.986910000000000176e-01
2.375999999999999943e+02,-4.486939999999999817e-01
2.376999999999999886e+02,-4.475810000000000066e-01
2.378000000000000114e+02,-4.464690000000000047e-01
2.379000000000000057e+02,-4.715969999999999884e-01
2.380000000000000000e+02,-4.704380000000000228e-01
2.380999999999999943e+02,-3.533414000000000055e+00
2.381999999999999886e+02,-3.520938000000000123e+00
2.383000000000000114e+02,-3.508271999999999835e+00
2.384000000000000057e+02,-4.077289000000000385e+00
2.385000000000000000e+02,-4.063199000000000005e+00
2.385999999999999943e+02,-3.903922000000000114e+00
2.386999999999999886e+02,-3.891162000000000010e+00
2.388000000000000114e+02,-3.878410000000000135e+00
2.389000000000000057e+02,-3.850022000000000055e+00
2.390000000000000000e+02,-3.837366999999999972e+00
2.390999999999999943e+02,-8.405118999999999119e+00
2.391999999999999886e+02,-8.355454999999999188e+00
2.393000000000000114e+02,-8.305118000000000222e+00
2.394000000000000057e+02,-9.128315999999999875e+00
2.395000000000000000e+02,-9.074559999999999960e+00
2.395999999999999943e+02,-8.795467999999999620e+00
2.396999999999999886e+02,-8.744099999999999540e+00
2.398000000000000114e+02,-8.692764000000000379e+00
2.399000000000000057e+02,-8.614959999999999951e+00
2.400000000000000000e+02,-8.563810000000000144e+00
2.400999999999999943e+02,-9.313428000000000040e+00
2.401999999999999886e+02,-9.251934000000000324e+00
2.403000000000000114e+02,-9.190298999999999552e+00
2.404000000000000057e+02,-9.293393999999999266e+00
2.405000000000000000e+02,-9.231085999999999459e+00
2.405999999999999943e+02,-9.155027000000000470e+00
2.406999999999999886e+02,-9.092980000000000729e+00
2.408000000000000114e+02,-9.030979000000000312e+00
2.409000000000000057e+02,-8.986605000000000842e+00
2.410000000000000000e+02,-8.924480000000000857e+00
2.410999999999999943e+02,-5.962784000000000084e+00
2.411999999999999886e+02,-5.931484000000000201e+00
2.413000000000000114e+02,-5.900206999999999979e+00
2.414000000000000057e+02,-4.841535000000000366e+00
2.415000000000000000e+02,-4.818119000000000263e+00
2.415999999999999943e+02,-5.181109000000000187e+00
2.416999999999999886e+02,-5.155119000000000007e+00
2.418000000000000114e+02,-5.128804999999999836e+00
2.419000000000000057e+02,-5.298573000000000199e+00
2.420000000000000000e+02,-5.271017999999999759e+00
2.420999999999999943e+02,-7.085975000000000357e+00
2.421999999999999886e+02,-7.038323000000000107e+00
2.423000000000000114e+02,-6.990266000000000091e+00
2.424000000000000057e+02,-7.318450000000000344e+00
2.425000000000000000e+02,-7.268629999999999924e+00
2.425999999999999943e+02,-7.166026999999999703e+00
2.426999999999999886e+02,-7.116908999999999708e+00
2.428000000000000114e+02,-7.067823999999999884e+00
2.429000000000000057e+02,-7.022802999999999685e+00
2.430000000000000000e+02,-6.973734999999999573e+00
2.430999999999999943e+02,-6.616137000000000157e+00
2.431999999999999886e+02,-6.570877000000000301e+00
2.433000000000000114e+02,-6.525647000000000197e+00
2.434000000000000057e+02,-6.382074000000000247e+00
2.435000000000000000e+02,-6.338013000000000119e+00
2.435999999999999943e+02,-6.351538999999999824e+00
2.436999999999999886e+02,-6.306982999999999784e+00
2.438000000000000114e+02,-6.262391000000000041e+00
2.439000000000000057e+02,-6.255090000000000039e+00
2.440000000000000000e+02,-6.210150999999999755e+00
2.440999999999999943e+02,-5.885652000000000328e+00
2.441999999999999886e+02,-5.844236000000000431e+00
2.443000000000000114e+02,-5.802844999999999587e+00
2.444000000000000057e+02,-5.670453000000000188e+00
2.445000000000000000e+02,-5.630160000000000053e+00
2.445999999999999943e+02,-5.642844000000000193e+00
2.446999999999999886e+02,-5.601988999999999663e+00
2.448000000000000114e+02,-5.561098999999999570e+00
2.449000000000000057e+02,-5.553679999999999950e+00
2.450000000000000000e+02,-5.512470000000000425e+00
2.450999999999999943e+02,-8.314045999999999381e+00
2.451999999999999886e+02,-8.221648000000000067e+00
2.453000000000000114e+02,-8.128393000000000868e+00
2.454000000000000057e+02,-8.560347000000000151e+00
2.455000000000000000e+02,-8.463466999999999629e+00
2.455999999999999943e+02,-8.223048000000000357e+00
2.456999999999999886e+02,-8.129284999999999428e+00
2.458000000000000114e+02,-8.035569000000000628e+00
2.459000000000000057e+02,-7.922001999999999988e+00
2.460000000000000000e+02,-7.828808000000000433e+00
2.460999999999999943e+02,-9.242483000000000004e+00
2.461999999999999886e+02,-9.108712999999999838e+00
2.463000000000000114e+02,-8.974315000000000708e+00
2.464000000000000057e+02,-9.118510000000000559e+00
2.465000000000000000e+02,-8.981626999999999583e+00
2.465999999999999943e+02,-8.773939000000000377e+00
2.466999999999999886e+02,-8.639217000000000368e+00
2.468000000000000114e+02,-8.504552000000000334e+00
2.469000000000000057e+02,-8.363702999999999221e+00
2.470000000000000000e+02,-8.229335999999999984e+00
2.470999999999999943e+02,-5.957570999999999728e+00
2.471999999999999886e+02,-5.881207999999999991e+00
2.473000000000000114e+02,-5.804877000000000287e+00
2.474000000000000057e+02,-4.992509000000000086e+00
2.475000000000000000e+02,-4.931340999999999752e+00
2.475999999999999943e+02,-5.145743000000000400e+00
2.476999999999999886e+02,-5.079367999999999661e+00
2.478000000000000114e+02,-5.012291000000000274e+00
2.479000000000000057e+02,-5.077258999999999745e+00
2.480000000000000000e+02,-5.007861000000000118e+00
2.480999999999999943e+02,-1.915621999999999936e+00
2.481999999999999886e+02,-1.901140999999999970e+00
2.483000000000000114e+02,-1.886665000000000036e+00
2.484000000000000057e+02,-7.992510000000000447e-01
2.485000000000000000e+02,-7.940030000000000143e-01
2.485999999999999943e+02,-1.193299000000000110e+00
2.486999999999999886e+02,-1.185273999999999939e+00
2.488000000000000114e+02,-1.176919000000000048e+00
2.489000000000000057e+02,-1.364138000000000073e+00
2.490000000000000000e+02,-1.354336999999999902e+00
2.490999999999999943e+02,6.574699999999999989e-02
2.491999999999999886e+02,6.631700000000000095e-02
2.493000000000000114e+02,6.688800000000000301e-02
2.494000000000000057e+02,4.726350000000000273e-01
2.495000000000000000e+02,4.723180000000000156e-01
2.495999999999999943e+02,2.910639999999999894e-01
2.496999999999999886e+02,2.910639999999999894e-01
2.498000000000000114e+02,2.910639999999999894e-01
2.499000000000000057e+02,2.602619999999999933e-01
2.500000000000000000e+02,2.603179999999999938e-01
2.500999999999999943e+02,-5.350300000000000056e-01
2.501999999999999886e+02,-5.313050000000000272e-01
2.503000000000000114e+02,-5.275039999999999729e-01
2.504000000000000057e+02,-6.833219999999999850e-01
2.505000000000000000e+02,-6.789159999999999640e-01
2.505999999999999943e+02,-6.495539999999999647e-01
2.506999999999999886e+02,-6.453250000000000375e-01
2.508000000000000114e+02,-6.410979999999999457e-01
2.509000000000000057e+02,-6.332940000000000236e-01
2.510000000000000000e+02,-6.290940000000000420e-01
2.510999999999999943e+02,-9.736799999999999899e-01
2.511999999999999886e+02,-9.664070000000000160e-01
2.513000000000000114e+02,-9.590899999999999981e-01
2.514000000000000057e+02,-1.018928999999999974e+00
2.515000000000000000e+02,-1.011323999999999890e+00
2.515999999999999943e+02,-9.868909999999999627e-01
2.516999999999999886e+02,-9.794509999999999605e-01
2.518000000000000114e+02,-9.720130000000000159e-01
2.519000000000000057e+02,-9.623099999999999987e-01
2.520000000000000000e+02,-9.548980000000000246e-01
2.520999999999999943e+02,-1.230200000000000043e-01
2.521999999999999886e+02,-1.215770000000000045e-01
2.523000000000000114e+02,-1.201350000000000057e-01
2.524000000000000057e+02,1.862290000000000056e-01
2.525000000000000000e+02,1.865100000000000091e-01
2.525999999999999943e+02,7.874000000000000443e-02
2.526999999999999886e+02,7.936600000000000599e-02
2.528000000000000114e+02,8.001500000000000279e-02
2.529000000000000057e+02,2.548399999999999971e-02
2.530000000000000000e+02,2.631899999999999865e-02
2.530999999999999943e+02,1.180994000000000099e+00
2.531999999999999886e+02,1.181194999999999995e+00
2.533000000000000114e+02,1.181397000000000030e+00
2.534000000000000057e+02,1.663296000000000108e+00
2.535000000000000000e+02,1.665475000000000039e+00
2.535999999999999943e+02,1.462652000000000063e+00
2.536999999999999886e+02,1.463831000000000104e+00
2.538000000000000114e+02,1.465009999999999923e+00
2.539000000000000057e+02,1.317047000000000079e+00
2.540000000000000000e+02,1.317649000000000070e+00
2.540999999999999943e+02,9.856199999999999684e-02
2.541999999999999886e+02,9.933300000000000463e-02
2.543000000000000114e+02,1.000700000000000062e-01
2.544000000000000057e+02,-1.100899999999999969e-02
2.545000000000000000e+02,-1.001900000000000013e-02
2.545999999999999943e+02,2.713780000000000081e-01
2.546999999999999886e+02,2.714119999999999866e-01
2.548000000000000114e+02,2.714449999999999918e-01
2.549000000000000057e+02,2.910639999999999894e-01
2.550000000000000000e+02,2.910639999999999894e-01
2.550999999999999943e+02,-1.684728000000000003e+00
2.551999999999999886e+02,-1.663580999999999976e+00
2.553000000000000114e+02,-1.641936999999999980e+00
2.554000000000000057e+02,-1.989722999999999908e+00
2.555000000000000000e+02,-1.965257000000000032e+00
2.555999999999999943e+02,-1.835107999999999961e+00
2.556999999999999886e+02,-1.812677000000000094e+00
2.558000000000000114e+02,-1.790249999999999897e+00
2.559000000000000057e+02,-1.746170000000000000e+00
2.560000000000000000e+02,-1.724172000000000038e+00
2.561000000000000227e+02,-1.015849999999999920e+00
2.561999999999999886e+02,-1.005309999999999926e+00
2.563000000000000114e+02,-9.947709999999999608e-01
2.563999999999999773e+02,-7.400619999999999976e-01
2.565000000000000000e+02,-7.324589999999999712e-01
2.566000000000000227e+02,-8.118530000000000468e-01
2.566999999999999886e+02,-8.033620000000000205e-01
2.568000000000000114e+02,-7.947210000000000107e-01
2.568999999999999773e+02,-8.294369999999999798e-01
2.570000000000000000e+02,-8.203880000000000061e-01
2.571000000000000227e+02,3.246624999999999872e+00
2.571999999999999886e+02,3.275049000000000099e+00
2.573000000000000114e+02,3.303468000000000071e+00
2.573999999999999773e+02,4.845621999999999652e+00
2.575000000000000000e+02,4.913306999999999647e+00
2.576000000000000227e+02,4.036926000000000236e+00
2.576999999999999886e+02,4.078758999999999801e+00
2.578000000000000114e+02,4.120587000000000444e+00
2.578999999999999773e+02,3.478488000000000024e+00
2.580000000000000000e+02,3.505786000000000069e+00
2.581000000000000227e+02,7.987633999999999901e+00
2.581999999999999886e+02,8.158144000000000062e+00
2.583000000000000114e+02,8.328656000000000503e+00
2.583999999999999773e+02,1.005213400000000057e+01
2.585000000000000000e+02,1.029351899999999986e+01
2.586000000000000227e+02,8.819696999999999676e+00
2.586999999999999886e+02,8.985901999999999390e+00
2.588000000000000114e+02,9.152084000000000330e+00
2.588999999999999773e+02,8.079910999999999177e+00
2.590000000000000000e+02,8.202925999999999718e+00
2.591000000000000227e+02,8.320398000000000849e+00
2.591999999999999886e+02,8.443198999999999899e+00
2.593000000000000114e+02,8.565979999999999706e+00
2.593999999999999773e+02,8.488692000000000348e+00
2.595000000000000000e+02,8.605491000000000668e+00
2.596000000000000227e+02,8.218942000000000192e+00
2.596999999999999886e+02,8.321652999999999523e+00
2.598000000000000114e+02,8.424341999999999331e+00
2.598999999999999773e+02,8.200411000000000783e+00
2.600000000000000000e+02,8.294764999999999944e+00
2.601000000000000227e+02,7.772865000000000357e+00
2.601999999999999886e+02,7.852661000000000335e+00
2.603000000000000114e+02,7.932437000000000182e+00
2.603999999999999773e+02,7.752411000000000385e+00
2.605000000000000000e+02,7.826672000000000295e+00
2.606000000000000227e+02,7.966410999999999909e+00
2.606999999999999886e+02,8.042094999999999771e+00
2.608000000000000114e+02,8.117749999999999133e+00
2.608999999999999773e+02,8.254141999999999868e+00
2.610000000000000000e+02,8.330977999999999994e+00
2.611000000000000227e+02,7.987243999999999566e+00
2.611999999999999886e+02,8.055763000000000673e+00
2.613000000000000114e+02,8.124254999999999782e+00
2.613999999999999773e+02,8.065756000000000370e+00
2.615000000000000000e+02,8.131864999999999455e+00
2.616000000000000227e+02,8.364611999999999270e+00
2.616999999999999886e+02,8.433693999999999136e+00
2.618000000000000114e+02,8.502746999999999389e+00
2.618999999999999773e+02,8.695831999999999340e+00
2.620000000000000000e+02,8.767054999999999154e+00
2.621000000000000227e+02,1.147262100000000018e+01
2.621999999999999886e+02,1.159832600000000014e+01
2.623000000000000114e+02,1.172398600000000002e+01
2.623999999999999773e+02,1.282055300000000031e+01
2.625000000000000000e+02,1.296893500000000010e+01
2.626000000000000227e+02,1.240827499999999972e+01
2.626999999999999886e+02,1.253995300000000057e+01
2.628000000000000114e+02,1.267156899999999986e+01
2.628999999999999773e+02,1.230250799999999956e+01
2.630000000000000000e+02,1.242326699999999917e+01
2.631000000000000227e+02,1.682007300000000072e+01
2.631999999999999886e+02,1.704501499999999936e+01
2.633000000000000114e+02,1.726985399999999871e+01
2.633999999999999773e+02,1.896625500000000031e+01
2.635000000000000000e+02,1.923194200000000009e+01
2.636000000000000227e+02,1.804054999999999964e+01
2.636999999999999886e+02,1.826615400000000022e+01
2.638000000000000114e+02,1.849166500000000113e+01
2.638999999999999773e+02,1.769578500000000076e+01
2.640000000000000000e+02,1.789607799999999926e+01
2.641000000000000227e+02,1.619311799999999835e+01
2.641999999999999886e+02,1.635111799999999960e+01
2.643000000000000114e+02,1.650881599999999949e+01
2.643999999999999773e+02,1.585400300000000051e+01
2.645000000000000000e+02,1.599546300000000087e+01
2.646000000000000227e+02,1.632132599999999911e+01
2.646999999999999886e+02,1.646608900000000020e+01
2.648000000000000114e+02,1.661075599999999852e+01
2.648999999999999773e+02,1.692567000000000021e+01
2.650000000000000000e+02,1.707329700000000017e+01
2.651000000000000227e+02,1.239835500000000046e+01
2.651999999999999886e+02,1.247022100000000044e+01
2.653000000000000114e+02,1.254205400000000026e+01
2.653999999999999773e+02,1.099804199999999987e+01
2.655000000000000000e+02,1.105069699999999955e+01
2.656000000000000227e+02,1.258608199999999933e+01
2.656999999999999886e+02,1.265594100000000033e+01
2.658000000000000114e+02,1.272574799999999939e+01
2.658999999999999773e+02,1.384931899999999949e+01
2.660000000000000000e+02,1.393244400000000027e+01
2.661000000000000227e+02,6.526767999999999681e+00
2.661999999999999886e+02,6.539875999999999578e+00
2.663000000000000114e+02,6.552973999999999855e+00
2.663999999999999773e+02,4.205991000000000035e+00
2.665000000000000000e+02,4.209226000000000134e+00
2.666000000000000227e+02,6.742169999999999774e+00
2.666999999999999886e+02,6.756175999999999959e+00
2.668000000000000114e+02,6.770171000000000383e+00
2.668999999999999773e+02,8.521259999999999835e+00
2.670000000000000000e+02,8.546393000000000129e+00
2.671000000000000227e+02,1.187941999999999965e+01
2.671999999999999886e+02,1.193392200000000081e+01
2.673000000000000114e+02,1.198838100000000040e+01
2.673999999999999773e+02,1.346934599999999982e+01
2.675000000000000000e+02,1.353942600000000063e+01
2.676000000000000227e+02,1.335304000000000002e+01
2.676999999999999886e+02,1.342006499999999924e+01
2.678000000000000114e+02,1.348703599999999980e+01
2.678999999999999773e+02,1.334754500000000021e+01
2.680000000000000000e+02,1.341212699999999991e+01
2.681000000000000227e+02,8.632177000000000433e+00
2.681999999999999886e+02,8.654455000000000453e+00
2.683000000000000114e+02,8.676712999999999454e+00
2.683999999999999773e+02,7.020210999999999757e+00
2.685000000000000000e+02,7.032830999999999833e+00
2.686000000000000227e+02,8.347884999999999778e+00
2.686999999999999886e+02,8.367694999999999439e+00
2.688000000000000114e+02,8.387627000000000166e+00
2.688999999999999773e+02,9.320643999999999707e+00
2.690000000000000000e+02,9.346628000000000824e+00
2.691000000000000227e+02,9.928668000000000049e+00
2.691999999999999886e+02,9.958595000000000752e+00
2.693000000000000114e+02,9.988497999999999877e+00
2.693999999999999773e+02,1.035868699999999976e+01
2.695000000000000000e+02,1.039107199999999942e+01
2.696000000000000227e+02,1.063286199999999937e+01
2.696999999999999886e+02,1.066679500000000047e+01
2.698000000000000114e+02,1.070069999999999943e+01
2.698999999999999773e+02,1.086707400000000057e+01
2.700000000000000000e+02,1.090194200000000002e+01
2.701000000000000227e+02,-4.330102000000000118e+00
2.701999999999999886e+02,-4.306118999999999808e+00
2.703000000000000114e+02,-4.286710000000000242e+00
2.703999999999999773e+02,-3.015201999999999938e+00
2.705000000000000000e+02,-3.006006999999999874e+00
2.706000000000000227e+02,1.402371000000000034e+00
2.706999999999999886e+02,1.401488000000000067e+00
2.708000000000000114e+02,1.400606000000000018e+00
2.708999999999999773e+02,2.637217999999999840e+00
2.710000000000000000e+02,2.636715999999999838e+00
2.711000000000000227e+02,-2.659143999999999952e+00
2.711999999999999886e+02,-2.649783000000000222e+00
2.713000000000000114e+02,-2.641725000000000101e+00
2.713999999999999773e+02,-1.292205999999999966e+00
2.715000000000000000e+02,-1.289082999999999979e+00
2.716000000000000227e+02,7.588190000000000213e-01
2.716999999999999886e+02,7.582799999999999541e-01
2.718000000000000114e+02,7.577420000000000266e-01
2.718999999999999773e+02,1.228054999999999897e+00
2.720000000000000000e+02,1.227235999999999994e+00
2.721000000000000227e+02,2.221096999999999877e+00
2.721999999999999886e+02,2.220365999999999840e+00
2.723000000000000114e+02,2.219634999999999803e+00
2.723999999999999773e+02,2.614917000000000158e+00
2.725000000000000000e+02,2.614472000000000129e+00
2.726000000000000227e+02,2.459239999999999871e+00
2.726999999999999886e+02,2.458667000000000158e+00
2.728000000000000114e+02,2.458095000000000141e+00
2.728999999999999773e+02,2.336990000000000123e+00
2.730000000000000000e+02,2.336333999999999911e+00
2.731000000000000227e+02,-2.602425000000000210e+00
2.731999999999999886e+02,-2.592217999999999911e+00
2.733000000000000114e+02,-2.581472000000000211e+00
2.733999999999999773e+02,-4.008958999999999939e+00
2.735000000000000000e+02,-3.993885999999999825e+00
2.736000000000000227e+02,-3.812835999999999892e+00
2.736999999999999886e+02,-3.798740000000000006e+00
2.738000000000000114e+02,-3.784654999999999880e+00
2.738999999999999773e+02,-3.759794999999999998e+00
2.740000000000000000e+02,-3.745792999999999928e+00
2.741000000000000227e+02,-8.688703999999999539e+00
2.741999999999999886e+02,-8.626348000000000127e+00
2.743000000000000114e+02,-8.563083000000000666e+00
2.743999999999999773e+02,-9.440122000000000568e+00
2.745000000000000000e+02,-9.372455000000000425e+00
2.746000000000000227e+02,-9.064728000000000563e+00
2.746999999999999886e+02,-9.000234999999999985e+00
2.748000000000000114e+02,-8.935788999999999760e+00
2.748999999999999773e+02,-8.845064999999999955e+00
2.750000000000000000e+02,-8.781052000000000746e+00
2.751000000000000227e+02,-8.390161000000000868e+00
2.751999999999999886e+02,-8.330434000000000339e+00
2.753000000000000114e+02,-8.270749000000000350e+00
2.753999999999999773e+02,-8.115505000000000635e+00
2.755000000000000000e+02,-8.057021000000000654e+00
2.756000000000000227e+02,-8.069233999999999796e+00
2.756999999999999886e+02,-8.009987000000000634e+00
2.758000000000000114e+02,-7.950688999999999673e+00
2.758999999999999773e+02,-7.941631000000000107e+00
2.760000000000000000e+02,-7.881836999999999982e+00
2.761000000000000227e+02,-1.046977300000000000e+01
2.761999999999999886e+02,-1.036359999999999992e+01
2.763000000000000114e+02,-1.025666000000000011e+01
2.763999999999999773e+02,-1.065040499999999923e+01
2.765000000000000000e+02,-1.054028699999999930e+01
2.766000000000000227e+02,-1.031587999999999994e+01
2.766999999999999886e+02,-1.020835399999999993e+01
2.768000000000000114e+02,-1.010088999999999970e+01
2.768999999999999773e+02,-9.989043999999999812e+00
2.770000000000000000e+02,-9.881788999999999490e+00
2.771000000000000227e+02,-9.502408000000000854e+00
2.771999999999999886e+02,-9.400695000000000690e+00
2.773000000000000114e+02,-9.299010000000000886e+00
2.773999999999999773e+02,-9.116742000000000345e+00
2.775000000000000000e+02,-9.016669000000000267e+00
2.776000000000000227e+02,-8.972697999999999396e+00
2.776999999999999886e+02,-8.871705999999999648e+00
2.778000000000000114e+02,-8.770649000000000584e+00
2.778999999999999773e+02,-8.707917000000000129e+00
2.780000000000000000e+02,-8.606256999999999380e+00
2.781000000000000227e+02,-1.346930200000000077e+01
2.781999999999999886e+02,-1.320875999999999983e+01
2.783000000000000114e+02,-1.294546399999999942e+01
2.783999999999999773e+02,-1.357243800000000000e+01
2.785000000000000000e+02,-1.329841799999999985e+01
2.786000000000000227e+02,-1.277323499999999967e+01
2.786999999999999886e+02,-1.250947700000000040e+01
2.788000000000000114e+02,-1.224582799999999949e+01
2.788999999999999773e+02,-1.194482999999999961e+01
2.790000000000000000e+02,-1.168299299999999974e+01
2.791000000000000227e+02,-8.700670000000000570e+00
2.791999999999999886e+02,-8.544973000000000596e+00
2.793000000000000114e+02,-8.389335000000000875e+00
2.793999999999999773e+02,-7.319499999999999673e+00
2.795000000000000000e+02,-7.191627000000000436e+00
2.796000000000000227e+02,-7.405410999999999966e+00
2.796999999999999886e+02,-7.268078000000000038e+00
2.798000000000000114e+02,-7.129359000000000002e+00
2.798999999999999773e+02,-7.151565999999999867e+00
2.800000000000000000e+02,-7.008499999999999730e+00
2.801000000000000227e+02,-1.736479000000000106e+00
2.801999999999999886e+02,-1.722598999999999991e+00
2.803000000000000114e+02,-1.708722000000000074e+00
2.803999999999999773e+02,1.597909999999999886e-01
2.805000000000000000e+02,1.602179999999999993e-01
2.806000000000000227e+02,-5.485299999999999621e-01
2.806999999999999886e+02,-5.448009999999999797e-01
2.808000000000000114e+02,-5.407140000000000279e-01
2.808999999999999773e+02,-8.750320000000000320e-01
2.810000000000000000e+02,-8.688259999999999872e-01
2.811000000000000227e+02,1.114154899999999948e+01
2.811999999999999886e+02,1.137365699999999968e+01
2.813000000000000114e+02,1.160572699999999990e+01
2.813999999999999773e+02,1.655390799999999984e+01
2.815000000000000000e+02,1.701268699999999967e+01
2.816000000000000227e+02,1.390255400000000030e+01
2.816999999999999886e+02,1.418950599999999973e+01
2.818000000000000114e+02,1.447639900000000068e+01
2.818999999999999773e+02,1.213819600000000065e+01
2.820000000000000000e+02,1.232994099999999982e+01
2.821000000000000227e+02,1.553117800000000059e+01
2.821999999999999886e+02,1.583137999999999934e+01
2.823000000000000114e+02,1.613148500000000141e+01
2.823999999999999773e+02,1.710312499999999858e+01
2.825000000000000000e+02,1.742865400000000164e+01
2.826000000000000227e+02,1.571799299999999988e+01
2.826999999999999886e+02,1.597066099999999977e+01
2.828000000000000114e+02,1.622326899999999839e+01
2.828999999999999773e+02,1.507120600000000010e+01
2.830000000000000000e+02,1.528098300000000087e+01
2.831000000000000227e+02,1.410060299999999955e+01
2.831999999999999886e+02,1.427248200000000011e+01
2.833000000000000114e+02,1.444428500000000071e+01
2.833999999999999773e+02,1.391168599999999955e+01
2.835000000000000000e+02,1.406634500000000010e+01
2.836000000000000227e+02,1.408797599999999939e+01
2.836999999999999886e+02,1.423942599999999992e+01
2.838000000000000114e+02,1.439080200000000076e+01
2.838999999999999773e+02,1.449166800000000066e+01
2.840000000000000000e+02,1.464178300000000021e+01
2.841000000000000227e+02,1.660164599999999879e+01
2.841999999999999886e+02,1.679329600000000156e+01
2.843000000000000114e+02,1.698489000000000004e+01
2.843999999999999773e+02,1.783478399999999908e+01
2.845000000000000000e+02,1.804191099999999892e+01
2.846000000000000227e+02,1.773365599999999986e+01
2.846999999999999886e+02,1.792841100000000054e+01
2.848000000000000114e+02,1.812302299999999988e+01
2.848999999999999773e+02,1.796511500000000083e+01
2.850000000000000000e+02,1.815130200000000116e+01
2.851000000000000227e+02,1.407430500000000073e+01
2.851999999999999886e+02,1.417963800000000063e+01
2.853000000000000114e+02,1.428489800000000010e+01
2.853999999999999773e+02,1.287516399999999983e+01
2.855000000000000000e+02,1.295757599999999954e+01
2.856000000000000227e+02,1.416951899999999931e+01
2.856999999999999886e+02,1.426833899999999922e+01
2.858000000000000114e+02,1.436708900000000000e+01
2.858999999999999773e+02,1.528915399999999991e+01
2.860000000000000000e+02,1.540040399999999998e+01
2.861000000000000227e+02,1.603151700000000091e+01
2.861999999999999886e+02,1.615085699999999846e+01
2.863000000000000114e+02,1.627011099999999999e+01
2.863999999999999773e+02,1.672474100000000163e+01
2.865000000000000000e+02,1.684914799999999957e+01
2.866000000000000227e+02,1.717215099999999950e+01
2.866999999999999886e+02,1.729954999999999998e+01
2.868000000000000114e+02,1.742685399999999873e+01
2.868999999999999773e+02,1.769452100000000172e+01
2.870000000000000000e+02,1.782384000000000057e+01
2.871000000000000227e+02,1.805822200000000066e+01
2.871999999999999886e+02,1.818899100000000146e+01
2.873000000000000114e+02,1.831965900000000147e+01
2.873999999999999773e+02,1.853592199999999934e+01
2.875000000000000000e+02,1.866770100000000099e+01
2.876000000000000227e+02,1.887268299999999854e+01
2.876999999999999886e+02,1.900678299999999865e+01
2.878000000000000114e+02,1.914149799999999857e+01
2.878999999999999773e+02,1.934328100000000106e+01
2.880000000000000000e+02,1.947885199999999983e+01
2.881000000000000227e+02,1.967734899999999953e+01
2.881999999999999886e+02,1.981370400000000132e+01
2.883000000000000114e+02,1.994997400000000098e+01
2.883999999999999773e+02,2.003117999999999910e+01
2.885000000000000000e+02,2.016647299999999987e+01
2.886000000000000227e+02,2.025922299999999865e+01
2.886999999999999886e+02,2.038951099999999883e+01
2.888000000000000114e+02,2.051807300000000112e+01
2.888999999999999773e+02,2.064919000000000082e+01
2.890000000000000000e+02,2.077756400000000170e+01
2.891000000000000227e+02,8.962965000000000515e+00
2.891999999999999886e+02,8.980264999999999276e+00
2.893000000000000114e+02,8.997550000000000381e+00
2.893999999999999773e+02,4.966302999999999912e+00
2.895000000000000000e+02,4.968725000000000058e+00
2.896000000000000227e+02,8.263227999999999795e+00
2.896999999999999886e+02,8.276837000000000444e+00
2.898000000000000114e+02,8.290435000000000443e+00
2.898999999999999773e+02,1.062481200000000037e+01
2.900000000000000000e+02,1.065077800000000074e+01
2.901000000000000227e+02,-1.533052999999999999e+00
2.901999999999999886e+02,-1.526653999999999956e+00
2.903000000000000114e+02,-1.521822000000000008e+00
2.903999999999999773e+02,-1.612929999999999919e-01
2.905000000000000000e+02,-1.606899999999999995e-01
2.906000000000000227e+02,2.896475999999999829e+00
2.906999999999999886e+02,2.895834999999999937e+00
2.908000000000000114e+02,2.895194000000000045e+00
2.908999999999999773e+02,4.709776999999999880e+00
2.910000000000000000e+02,4.711643999999999721e+00
2.911000000000000227e+02,-8.686491000000000184e+00
2.911999999999999886e+02,-8.630701000000000178e+00
2.913000000000000114e+02,-8.582997000000000654e+00
2.913999999999999773e+02,-5.602883000000000280e+00
2.915000000000000000e+02,-5.580225999999999686e+00
2.916000000000000227e+02,-2.620580000000000132e-01
2.916999999999999886e+02,-2.612760000000000082e-01
2.918000000000000114e+02,-2.604940000000000033e-01
2.918999999999999773e+02,7.324310000000000542e-01
2.920000000000000000e+02,7.319240000000000190e-01
2.921000000000000227e+02,-8.859839999999999938e-01
2.921999999999999886e+02,-8.836629999999999763e-01
2.923000000000000114e+02,-8.812670000000000226e-01
2.923999999999999773e+02,-1.427540000000000031e+00
2.925000000000000000e+02,-1.424231999999999942e+00
2.926000000000000227e+02,-1.415407999999999999e+00
2.926999999999999886e+02,-1.412120000000000042e+00
2.928000000000000114e+02,-1.408833999999999920e+00
2.928999999999999773e+02,-1.430306000000000077e+00
2.930000000000000000e+02,-1.426957000000000031e+00
2.931000000000000227e+02,-1.603870000000000018e-01
2.931999999999999886e+02,-1.597959999999999936e-01
2.933000000000000114e+02,-1.592050000000000132e-01
2.933999999999999773e+02,2.863129999999999842e-01
2.935000000000000000e+02,2.862600000000000144e-01
2.936000000000000227e+02,9.664699999999999680e-02
2.936999999999999886e+02,9.684900000000000453e-02
2.938000000000000114e+02,9.705500000000000238e-02
2.938999999999999773e+02,-6.342999999999999680e-03
2.940000000000000000e+02,-5.989000000000000400e-03
2.941000000000000227e+02,7.001579999999999471e-01
2.941999999999999886e+02,6.996679999999999566e-01
2.943000000000000114e+02,6.991779999999999662e-01
2.943999999999999773e+02,1.188992999999999967e+00
2.945000000000000000e+02,1.188175999999999899e+00
2.946000000000000227e+02,1.268950999999999940e+00
2.946999999999999886e+02,1.268100999999999923e+00
2.948000000000000114e+02,1.267252000000000045e+00
2.948999999999999773e+02,1.294750999999999985e+00
2.950000000000000000e+02,1.293892999999999960e+00
2.951000000000000227e+02,3.995162000000000102e+00
2.951999999999999886e+02,3.996497000000000188e+00
2.953000000000000114e+02,3.997831000000000135e+00
2.953999999999999773e+02,5.049339999999999939e+00
2.955000000000000000e+02,5.053209999999999980e+00
2.956000000000000227e+02,4.370058000000000220e+00
2.956999999999999886e+02,4.372156999999999627e+00
2.958000000000000114e+02,4.374253999999999643e+00
2.958999999999999773e+02,3.890712000000000170e+00
2.960000000000000000e+02,3.891802000000000206e+00
2.961000000000000227e+02,5.235487000000000002e+00
2.961999999999999886e+02,5.239836999999999634e+00
2.963000000000000114e+02,5.244182000000000343e+00
2.963999999999999773e+02,5.626507000000000147e+00
2.965000000000000000e+02,5.632032999999999845e+00
2.966000000000000227e+02,5.065184999999999604e+00
2.966999999999999886e+02,5.068952000000000346e+00
2.968000000000000114e+02,5.072714999999999641e+00
2.968999999999999773e+02,4.689930000000000376e+00
2.970000000000000000e+02,4.692664999999999864e+00
2.971000000000000227e+02,6.108429000000000109e+00
2.971999999999999886e+02,6.115503000000000355e+00
2.973000000000000114e+02,6.122570999999999763e+00
2.973999999999999773e+02,6.551467999999999847e+00
2.975000000000000000e+02,6.560132000000000296e+00
2.976000000000000227e+02,6.019898000000000415e+00
2.976999999999999886e+02,6.026485000000000092e+00
2.978000000000000114e+02,6.033065999999999818e+00
2.978999999999999773e+02,5.668713999999999587e+00
2.980000000000000000e+02,5.674038000000000359e+00
2.981000000000000227e+02,4.627290999999999599e+00
2.981999999999999886e+02,4.629686999999999664e+00
2.983000000000000114e+02,4.632081999999999589e+00
2.983999999999999773e+02,4.215119999999999756e+00
2.985000000000000000e+02,4.216601999999999961e+00
2.986000000000000227e+02,4.365736000000000061e+00
2.986999999999999886e+02,4.367518999999999707e+00
2.988000000000000114e+02,4.369301000000000101e+00
2.988999999999999773e+02,4.479485999999999635e+00
2.990000000000000000e+02,4.481498000000000204e+00
2.991000000000000227e+02,2.890715000000000146e+00
2.991999999999999886e+02,2.890251000000000126e+00
2.993000000000000114e+02,2.889787999999999801e+00
2.993999999999999773e+02,2.353493999999999975e+00
2.995000000000000000e+02,2.352663999999999866e+00
2.996000000000000227e+02,2.824390000000000178e+00
2.996999999999999886e+02,2.823873999999999995e+00
2.998000000000000114e+02,2.823360000000000092e+00
2.998999999999999773e+02,3.146084999999999798e+00
3.000000000000000000e+02,3.145891000000000215e+00
3.001000000000000227e+02,1.702344000000000079e+00
3.001999999999999886e+02,1.701381000000000032e+00
3.003000000000000114e+02,1.700418999999999903e+00
3.003999999999999773e+02,1.252361999999999975e+00
3.005000000000000000e+02,1.251508999999999983e+00
3.006000000000000227e+02,1.750091999999999981e+00
3.006999999999999886e+02,1.749133000000000049e+00
3.008000000000000114e+02,1.748175000000000034e+00
3.008999999999999773e+02,2.083820999999999923e+00
3.010000000000000000e+02,2.082911999999999875e+00
3.011000000000000227e+02,-2.352490000000000137e-01
3.011999999999999886e+02,-2.343810000000000060e-01
3.013000000000000114e+02,-2.335859999999999881e-01
3.013999999999999773e+02,-7.095799999999999330e-02
3.015000000000000000e+02,-7.050800000000000123e-02
3.016000000000000227e+02,6.403149999999999675e-01
3.016999999999999886e+02,6.398789999999999756e-01
3.018000000000000114e+02,6.394429999999999836e-01
3.018999999999999773e+02,8.336449999999999694e-01
3.020000000000000000e+02,8.330440000000000067e-01
3.021000000000000227e+02,1.862360000000000126e-01
3.021999999999999886e+02,1.863239999999999896e-01
3.023000000000000114e+02,1.864169999999999994e-01
3.023999999999999773e+02,-2.848519999999999941e-01
3.025000000000000000e+02,-2.840269999999999739e-01
3.026000000000000227e+02,-3.747139999999999915e-01
3.026999999999999886e+02,-3.737349999999999839e-01
3.028000000000000114e+02,-3.727509999999999990e-01
3.028999999999999773e+02,-4.308839999999999892e-01
3.030000000000000000e+02,-4.297949999999999826e-01
3.031000000000000227e+02,-1.297674999999999912e+00
3.031999999999999886e+02,-1.294426999999999994e+00
3.033000000000000114e+02,-1.291153999999999913e+00
3.033999999999999773e+02,-1.457460999999999895e+00
3.035000000000000000e+02,-1.453886999999999929e+00
3.036000000000000227e+02,-1.424114000000000102e+00
3.036999999999999886e+02,-1.420622000000000051e+00
3.038000000000000114e+02,-1.417130999999999919e+00
3.038999999999999773e+02,-1.420611999999999986e+00
3.040000000000000000e+02,-1.417105999999999977e+00
3.041000000000000227e+02,-3.417607999999999979e+00
3.041999999999999886e+02,-3.405210999999999988e+00
3.043000000000000114e+02,-3.392555999999999905e+00
3.043999999999999773e+02,-3.766544000000000114e+00
3.045000000000000000e+02,-3.752918000000000198e+00
3.046000000000000227e+02,-3.649221999999999966e+00
3.046999999999999886e+02,-3.636111999999999789e+00
3.048000000000000114e+02,-3.623010999999999981e+00
3.048999999999999773e+02,-3.605032000000000014e+00
3.050000000000000000e+02,-3.591978999999999811e+00
3.051000000000000227e+02,-3.594549999999999912e+00
3.051999999999999886e+02,-3.581430000000000113e+00
3.053000000000000114e+02,-3.568319999999999936e+00
3.053999999999999773e+02,-3.572881999999999891e+00
3.055000000000000000e+02,-3.559692000000000078e+00
3.056000000000000227e+02,-3.563790000000000013e+00
3.056999999999999886e+02,-3.550521999999999956e+00
3.058000000000000114e+02,-3.537263999999999964e+00
3.058999999999999773e+02,-3.540776999999999841e+00
3.060000000000000000e+02,-3.527442000000000188e+00
3.061000000000000227e+02,-1.677038000000000029e+00
3.061999999999999886e+02,-1.672306000000000070e+00
3.063000000000000114e+02,-1.667577000000000087e+00
3.063999999999999773e+02,-9.983840000000000492e-01
3.065000000000000000e+02,-9.956869999999999887e-01
3.066000000000000227e+02,-1.244259999999999922e+00
3.066999999999999886e+02,-1.240904999999999925e+00
3.068000000000000114e+02,-1.237471999999999905e+00
3.068999999999999773e+02,-1.365164000000000044e+00
3.070000000000000000e+02,-1.361399000000000026e+00
3.071000000000000227e+02,2.910639999999999894e-01
3.071999999999999886e+02,2.910639999999999894e-01
3.073000000000000114e+02,2.910639999999999894e-01
3.073999999999999773e+02,7.917870000000000186e-01
3.075000000000000000e+02,7.912339999999999929e-01
3.076000000000000227e+02,7.309959999999999791e-01
3.076999999999999886e+02,7.304899999999999727e-01
3.078000000000000114e+02,7.299839999999999662e-01
3.078999999999999773e+02,6.755659999999999998e-01
3.080000000000000000e+02,6.751059999999999839e-01
3.081000000000000227e+02,1.957251999999999992e+00
3.081999999999999886e+02,1.956631999999999927e+00
3.083000000000000114e+02,1.956013000000000002e+00
3.083999999999999773e+02,2.572545999999999999e+00
3.085000000000000000e+02,2.572505000000000042e+00
3.086000000000000227e+02,2.306875999999999927e+00
3.086999999999999886e+02,2.306535999999999920e+00
3.088000000000000114e+02,2.306195000000000217e+00
3.088999999999999773e+02,2.112051999999999818e+00
3.090000000000000000e+02,2.111543000000000170e+00
3.091000000000000227e+02,7.270109999999999628e-01
3.091999999999999886e+02,7.263100000000000112e-01
3.093000000000000114e+02,7.256569999999999965e-01
3.093999999999999773e+02,2.910639999999999894e-01
3.095000000000000000e+02,2.910639999999999894e-01
3.096000000000000227e+02,6.466009999999999813e-01
3.096999999999999886e+02,6.461660000000000181e-01
3.098000000000000114e+02,6.457310000000000549e-01
3.098999999999999773e+02,7.909709999999999797e-01
3.100000000000000000e+02,7.904200000000000115e-01
3.101000000000000227e+02,8.279119999999999813e-01
3.101999999999999886e+02,8.273350000000000426e-01
3.103000000000000114e+02,8.267590000000000217e-01
3.103999999999999773e+02,7.015289999999999582e-01
3.105000000000000000e+02,7.010469999999999757e-01
3.106000000000000227e+02,6.247369999999999868e-01
3.106999999999999886e+02,6.243210000000000148e-01
3.108000000000000114e+02,6.239059999999999606e-01
3.108999999999999773e+02,5.764740000000000419e-01
3.110000000000000000e+02,5.761039999999999495e-01
3.111000000000000227e+02,-9.599000000000000588e-02
3.111999999999999886e+02,-9.537700000000000344e-02
3.113000000000000114e+02,-9.475000000000000089e-02
3.113999999999999773e+02,-3.040189999999999837e-01
3.115000000000000000e+02,-3.030390000000000028e-01
3.116000000000000227e+02,-3.138489999999999891e-01
3.116999999999999886e+02,-3.128369999999999762e-01
3.118000000000000114e+02,-3.118259999999999921e-01
3.118999999999999773e+02,-3.208969999999999878e-01
3.120000000000000000e+02,-3.198659999999999837e-01
3.121000000000000227e+02,-1.725748999999999977e+00
3.121999999999999886e+02,-1.719891999999999976e+00
3.123000000000000114e+02,-1.713964999999999961e+00
3.123999999999999773e+02,-1.975710000000000077e+00
3.125000000000000000e+02,-1.969170000000000087e+00
3.126000000000000227e+02,-1.895053000000000099e+00
3.126999999999999886e+02,-1.888822999999999919e+00
3.128000000000000114e+02,-1.882595999999999936e+00
3.128999999999999773e+02,-1.869026999999999994e+00
3.130000000000000000e+02,-1.862840999999999969e+00
3.131000000000000227e+02,-2.863763000000000059e+00
3.131999999999999886e+02,-2.851799999999999891e+00
3.133000000000000114e+02,-2.839752999999999972e+00
3.133999999999999773e+02,-3.023010999999999893e+00
3.135000000000000000e+02,-3.010425999999999824e+00
3.136000000000000227e+02,-2.953705999999999943e+00
3.136999999999999886e+02,-2.941415000000000113e+00
3.138000000000000114e+02,-2.929133000000000209e+00
3.138999999999999773e+02,-2.915423999999999793e+00
3.140000000000000000e+02,-2.903166000000000135e+00
3.141000000000000227e+02,-3.537367999999999846e+00
3.141999999999999886e+02,-3.520202999999999971e+00
3.143000000000000114e+02,-3.502971000000000057e+00
3.143999999999999773e+02,-3.613869000000000220e+00
3.145000000000000000e+02,-3.596251999999999782e+00
3.146000000000000227e+02,-3.554848999999999926e+00
3.146999999999999886e+02,-3.537437999999999860e+00
3.148000000000000114e+02,-3.520036999999999860e+00
3.148999999999999773e+02,-3.505510999999999822e+00
3.150000000000000000e+02,-3.488107999999999986e+00
3.151000000000000227e+02,-2.870616000000000057e+00
3.151999999999999886e+02,-2.857660000000000089e+00
3.153000000000000114e+02,-2.844711999999999907e+00
3.153999999999999773e+02,-2.621100999999999903e+00
3.155000000000000000e+02,-2.609474000000000071e+00
3.156000000000000227e+02,-2.683110000000000106e+00
3.156999999999999886e+02,-2.671041999999999916e+00
3.158000000000000114e+02,-2.658882999999999885e+00
3.158999999999999773e+02,-2.694814000000000043e+00
3.160000000000000000e+02,-2.682421000000000166e+00
3.161000000000000227e+02,-2.407516000000000211e+00
3.161999999999999886e+02,-2.396904999999999841e+00
3.163000000000000114e+02,-2.386299999999999866e+00
3.163999999999999773e+02,-2.283374999999999932e+00
3.165000000000000000e+02,-2.273350000000000204e+00
3.166000000000000227e+02,-2.309873000000000065e+00
3.166999999999999886e+02,-2.299586999999999826e+00
3.168000000000000114e+02,-2.289306999999999981e+00
3.168999999999999773e+02,-2.309811999999999976e+00
3.170000000000000000e+02,-2.299338999999999800e+00
3.171000000000000227e+02,-3.424977999999999856e+00
3.171999999999999886e+02,-3.404551999999999801e+00
3.173000000000000114e+02,-3.383969000000000005e+00
3.173999999999999773e+02,-3.581767000000000145e+00
3.175000000000000000e+02,-3.560350999999999821e+00
3.176000000000000227e+02,-3.486272000000000038e+00
3.176999999999999886e+02,-3.465389000000000053e+00
3.178000000000000114e+02,-3.444517999999999969e+00
3.178999999999999773e+02,-3.418501000000000012e+00
3.180000000000000000e+02,-3.397702000000000222e+00
3.181000000000000227e+02,-4.179068000000000005e+00
3.181999999999999886e+02,-4.148634999999999629e+00
3.183000000000000114e+02,-4.118051999999999602e+00
3.183999999999999773e+02,-4.243223999999999663e+00
3.185000000000000000e+02,-4.211932000000000009e+00
3.186000000000000227e+02,-4.146996999999999822e+00
3.186999999999999886e+02,-4.116158000000000428e+00
3.188000000000000114e+02,-4.085333999999999577e+00
3.188999999999999773e+02,-4.053677999999999670e+00
3.190000000000000000e+02,-4.022896000000000249e+00
3.191000000000000227e+02,-3.752451999999999899e+00
3.191999999999999886e+02,-3.724714000000000080e+00
3.193000000000000114e+02,-3.696972999999999843e+00
3.193999999999999773e+02,-3.587868999999999975e+00
3.195000000000000000e+02,-3.561109000000000080e+00
3.196000000000000227e+02,-3.573281000000000152e+00
3.196999999999999886e+02,-3.546114000000000210e+00
3.198000000000000114e+02,-3.518961000000000006e+00
3.198999999999999773e+02,-3.518146000000000218e+00
3.200000000000000000e+02,-3.490679999999999783e+00
3.201000000000000227e+02,-2.210459999999999925e-01
3.201999999999999886e+02,-2.198130000000000084e-01
3.203000000000000114e+02,-2.185809999999999975e-01
3.203999999999999773e+02,7.153819999999999624e-01
3.205000000000000000e+02,7.148769999999999847e-01
3.206000000000000227e+02,5.339300000000000157e-01
3.206999999999999886e+02,5.335689999999999600e-01
3.208000000000000114e+02,5.332069999999999865e-01
3.208999999999999773e+02,2.910639999999999894e-01
3.210000000000000000e+02,2.910639999999999894e-01
3.211000000000000227e+02,-1.980119999999999936e-01
3.211999999999999886e+02,-1.967369999999999952e-01
3.213000000000000114e+02,-1.954309999999999936e-01
3.213999999999999773e+02,-3.354880000000000084e-01
3.215000000000000000e+02,-3.338220000000000076e-01
3.216000000000000227e+02,-3.411080000000000223e-01
3.216999999999999886e+02,-3.394110000000000182e-01
3.218000000000000114e+02,-3.377140000000000142e-01
3.218999999999999773e+02,-3.410929999999999795e-01
3.220000000000000000e+02,-3.393780000000000130e-01
3.221000000000000227e+02,1.613804000000000016e+00
3.221999999999999886e+02,1.614039999999999919e+00
3.223000000000000114e+02,1.614276999999999962e+00
3.223999999999999773e+02,2.379563999999999790e+00
3.225000000000000000e+02,2.382254999999999789e+00
3.226000000000000227e+02,2.057179000000000091e+00
3.226999999999999886e+02,2.058612999999999804e+00
3.228000000000000114e+02,2.060045999999999822e+00
3.228999999999999773e+02,1.823806999999999956e+00
3.230000000000000000e+02,1.824522999999999895e+00
3.231000000000000227e+02,-4.873390000000000222e-01
3.231999999999999886e+02,-4.842460000000000098e-01
3.233000000000000114e+02,-4.812640000000000251e-01
3.233999999999999773e+02,-6.901100000000000012e-01
3.235000000000000000e+02,-6.868520000000000181e-01
3.236000000000000227e+02,-2.130589999999999984e-01
3.236999999999999886e+02,-2.117729999999999890e-01
3.238000000000000114e+02,-2.104880000000000084e-01
3.238999999999999773e+02,-9.564899999999999791e-02
3.240000000000000000e+02,-9.473399999999999876e-02
3.241000000000000227e+02,2.910639999999999894e-01
3.241999999999999886e+02,2.910639999999999894e-01
3.243000000000000114e+02,2.910639999999999894e-01
3.243999999999999773e+02,4.585569999999999924e-01
3.245000000000000000e+02,4.582720000000000127e-01
3.246000000000000227e+02,4.466539999999999955e-01
3.246999999999999886e+02,4.463829999999999742e-01
3.248000000000000114e+02,4.461129999999999818e-01
3.248999999999999773e+02,4.348090000000000011e-01
3.250000000000000000e+02,4.345530000000000226e-01
3.251000000000000227e+02,1.668099999999999916e+00
3.251999999999999886e+02,1.668611000000000066e+00
3.253000000000000114e+02,1.669121999999999995e+00
3.253999999999999773e+02,2.198221000000000203e+00
3.255000000000000000e+02,2.200509999999999966e+00
3.256000000000000227e+02,1.914295000000000080e+00
3.256999999999999886e+02,1.915505000000000013e+00
3.258000000000000114e+02,1.916716000000000086e+00
3.258999999999999773e+02,1.713662000000000019e+00
3.260000000000000000e+02,1.714266999999999985e+00
3.261000000000000227e+02,-6.773999999999999640e-03
3.261999999999999886e+02,-5.876000000000000147e-03
3.263000000000000114e+02,-5.061000000000000394e-03
3.263999999999999773e+02,7.439000000000000300e-03
3.265000000000000000e+02,8.070000000000000784e-03
3.266000000000000227e+02,4.454670000000000019e-01
3.266999999999999886e+02,4.451959999999999806e-01
3.268000000000000114e+02,4.449370000000000269e-01
3.268999999999999773e+02,5.528260000000000396e-01
3.270000000000000000e+02,5.524419999999999886e-01
3.271000000000000227e+02,6.054230000000000445e-01
3.271999999999999886e+02,6.049919999999999742e-01
3.273000000000000114e+02,6.045599999999999863e-01
3.273999999999999773e+02,6.339930000000000287e-01
3.275000000000000000e+02,6.335399999999999920e-01
3.276000000000000227e+02,6.499549999999999494e-01
3.276999999999999886e+02,6.494900000000000118e-01
3.278000000000000114e+02,6.490259999999999918e-01
3.278999999999999773e+02,6.578220000000000178e-01
3.280000000000000000e+02,6.573510000000000186e-01
3.281000000000000227e+02,-4.141572000000000031e+00
3.281999999999999886e+02,-4.085380999999999929e+00
3.283000000000000114e+02,-4.026591999999999949e+00
3.283999999999999773e+02,-5.103583000000000425e+00
3.285000000000000000e+02,-5.033009999999999984e+00
3.286000000000000227e+02,-4.846199999999999619e+00
3.286999999999999886e+02,-4.778573999999999877e+00
3.288000000000000114e+02,-4.710962999999999568e+00
3.288999999999999773e+02,-4.625732000000000177e+00
3.290000000000000000e+02,-4.558610999999999969e+00
3.291000000000000227e+02,-4.846392999999999951e+00
3.291999999999999886e+02,-4.768413999999999930e+00
3.293000000000000114e+02,-4.690279999999999561e+00
3.293999999999999773e+02,-4.677175000000000082e+00
3.295000000000000000e+02,-4.598417000000000421e+00
3.296000000000000227e+02,-4.502138999999999669e+00
3.296999999999999886e+02,-4.423958999999999975e+00
3.298000000000000114e+02,-4.345791000000000182e+00
3.298999999999999773e+02,-4.265591999999999828e+00
3.300000000000000000e+02,-4.187517999999999851e+00
3.301000000000000227e+02,-4.608510000000000106e-01
3.301999999999999886e+02,-4.572019999999999973e-01
3.303000000000000114e+02,-4.535549999999999859e-01
3.303999999999999773e+02,6.527640000000000109e-01
3.305000000000000000e+02,6.522829999999999462e-01
3.306000000000000227e+02,4.170090000000000185e-01
3.306999999999999886e+02,4.167310000000000181e-01
3.308000000000000114e+02,4.163789999999999991e-01
3.308999999999999773e+02,1.782229999999999925e-01
3.310000000000000000e+02,1.785539999999999905e-01
3.311000000000000227e+02,5.695350000000000135e-01
3.311999999999999886e+02,5.690870000000000095e-01
3.313000000000000114e+02,5.686379999999999768e-01
3.313999999999999773e+02,7.913350000000000106e-01
3.315000000000000000e+02,7.909030000000000227e-01
3.316000000000000227e+02,7.613510000000000000e-01
3.316999999999999886e+02,7.608979999999999633e-01
3.318000000000000114e+02,7.604450000000000376e-01
3.318999999999999773e+02,7.336329999999999796e-01
3.320000000000000000e+02,7.331670000000000131e-01
3.321000000000000227e+02,-6.252699999999999925e-02
3.321999999999999886e+02,-6.086199999999999943e-02
3.323000000000000114e+02,-5.908700000000000063e-02
3.323999999999999773e+02,-3.500909999999999855e-01
3.325000000000000000e+02,-3.469820000000000126e-01
3.326000000000000227e+02,-3.424440000000000262e-01
3.326999999999999886e+02,-3.393470000000000097e-01
3.328000000000000114e+02,-3.362510000000000221e-01
3.328999999999999773e+02,-3.353269999999999862e-01
3.330000000000000000e+02,-3.322160000000000113e-01
3.331000000000000227e+02,2.910639999999999894e-01
3.331999999999999886e+02,2.910639999999999894e-01
3.333000000000000114e+02,2.910639999999999894e-01
3.333999999999999773e+02,4.867000000000000215e-01
3.335000000000000000e+02,4.863160000000000260e-01
3.336000000000000227e+02,4.963409999999999767e-01
3.336999999999999886e+02,4.959450000000000247e-01
3.338000000000000114e+02,4.955499999999999905e-01
3.338999999999999773e+02,4.964899999999999869e-01
3.340000000000000000e+02,4.960939999999999794e-01
3.341000000000000227e+02,2.754929999999999879e-01
3.341999999999999886e+02,2.755250000000000199e-01
3.343000000000000114e+02,2.755610000000000004e-01
3.343999999999999773e+02,8.645999999999999519e-02
3.345000000000000000e+02,8.719200000000000561e-02
3.346000000000000227e+02,4.037899999999999823e-02
3.346999999999999886e+02,4.130700000000000344e-02
3.348000000000000114e+02,4.225199999999999789e-02
3.348999999999999773e+02,2.052700000000000011e-02
3.350000000000000000e+02,2.156599999999999837e-02
3.351000000000000227e+02,1.493099999999999983e-01
3.351999999999999886e+02,1.497729999999999895e-01
3.353000000000000114e+02,1.502350000000000074e-01
3.353999999999999773e+02,1.974200000000000121e-01
3.355000000000000000e+02,1.977059999999999929e-01
3.356000000000000227e+02,1.781649999999999900e-01
3.356999999999999886e+02,1.785229999999999873e-01
3.358000000000000114e+02,1.788800000000000112e-01
3.358999999999999773e+02,1.677240000000000120e-01
3.360000000000000000e+02,1.681259999999999977e-01
3.361000000000000227e+02,4.880099999999999993e-01
3.361999999999999886e+02,4.876079999999999859e-01
3.363000000000000114e+02,4.872070000000000012e-01
3.363999999999999773e+02,6.551320000000000476e-01
3.365000000000000000e+02,6.546710000000000029e-01
3.366000000000000227e+02,6.494860000000000078e-01
3.366999999999999886e+02,6.490230000000000166e-01
3.368000000000000114e+02,6.485610000000000541e-01
3.368999999999999773e+02,6.393879999999999564e-01
3.370000000000000000e+02,6.389230000000000187e-01
3.371000000000000227e+02,1.660884999999999945e+00
3.371999999999999886e+02,1.665202999999999989e+00
3.373000000000000114e+02,1.669521999999999951e+00
3.373999999999999773e+02,2.026591999999999949e+00
3.375000000000000000e+02,2.034552999999999834e+00
3.376000000000000227e+02,1.738302000000000014e+00
3.376999999999999886e+02,1.743074000000000012e+00
3.378000000000000114e+02,1.747846000000000011e+00
3.378999999999999773e+02,1.542022000000000004e+00
3.380000000000000000e+02,1.545047000000000059e+00
3.381000000000000227e+02,3.324587000000000181e+00
3.381999999999999886e+02,3.353054999999999897e+00
3.383000000000000114e+02,3.381518999999999942e+00
3.383999999999999773e+02,4.004046999999999912e+00
3.385000000000000000e+02,4.045702000000000353e+00
3.386000000000000227e+02,3.468249999999999833e+00
3.386999999999999886e+02,3.496386999999999912e+00
3.388000000000000114e+02,3.524519000000000180e+00
3.388999999999999773e+02,3.120988999999999791e+00
3.390000000000000000e+02,3.141366999999999798e+00
3.391000000000000227e+02,7.479989999999999917e+00
3.391999999999999886e+02,7.626496999999999638e+00
3.393000000000000114e+02,7.773003000000000107e+00
3.393999999999999773e+02,9.458285000000000053e+00
3.395000000000000000e+02,9.670427999999999358e+00
3.396000000000000227e+02,8.333762999999999366e+00
3.396999999999999886e+02,8.481807999999999126e+00
3.398000000000000114e+02,8.629834000000000671e+00
3.398999999999999773e+02,7.658046999999999827e+00
3.400000000000000000e+02,7.768867000000000189e+00
3.401000000000000227e+02,1.056101300000000087e+01
3.401999999999999886e+02,1.076731200000000044e+01
3.403000000000000114e+02,1.097357799999999983e+01
3.403999999999999773e+02,1.198246600000000051e+01
3.405000000000000000e+02,1.222046100000000024e+01
3.406000000000000227e+02,1.116326300000000060e+01
3.406999999999999886e+02,1.135232500000000044e+01
3.408000000000000114e+02,1.154136100000000020e+01
3.408999999999999773e+02,1.081869299999999967e+01
3.410000000000000000e+02,1.097821300000000022e+01
3.411000000000000227e+02,9.250298000000000798e+00
3.411999999999999886e+02,9.357801000000000258e+00
3.413000000000000114e+02,9.465263999999999456e+00
3.413999999999999773e+02,8.770459000000000671e+00
3.415000000000000000e+02,8.859332000000000207e+00
3.416000000000000227e+02,9.149946999999999164e+00
3.416999999999999886e+02,9.243183000000000149e+00
3.418000000000000114e+02,9.336382000000000403e+00
3.418999999999999773e+02,9.603301999999999339e+00
3.420000000000000000e+02,9.700184000000000140e+00
3.421000000000000227e+02,-3.277371000000000034e+00
3.421999999999999886e+02,-3.235472999999999821e+00
3.423000000000000114e+02,-3.202887000000000040e+00
3.423999999999999773e+02,-2.159180000000000099e+00
3.425000000000000000e+02,-2.145897999999999861e+00
3.426000000000000227e+02,1.383262999999999909e+00
3.426999999999999886e+02,1.383045000000000080e+00
3.428000000000000114e+02,1.382827000000000028e+00
3.428999999999999773e+02,2.546864999999999934e+00
3.430000000000000000e+02,2.550069000000000141e+00
3.431000000000000227e+02,-2.171319999999999917e-01
3.431999999999999886e+02,-2.152600000000000069e-01
3.433000000000000114e+02,-2.138110000000000011e-01
3.433999999999999773e+02,2.910639999999999894e-01
3.435000000000000000e+02,2.910639999999999894e-01
3.436000000000000227e+02,1.181945000000000023e+00
3.436999999999999886e+02,1.181516000000000011e+00
3.438000000000000114e+02,1.181086999999999998e+00
3.438999999999999773e+02,1.699583999999999984e+00
3.440000000000000000e+02,1.699966000000000088e+00
3.441000000000000227e+02,1.556311999999999918e+00
3.441999999999999886e+02,1.556394999999999973e+00
3.443000000000000114e+02,1.556477000000000110e+00
3.443999999999999773e+02,1.585973000000000077e+00
3.445000000000000000e+02,1.586111000000000049e+00
3.446000000000000227e+02,1.821952000000000016e+00
3.446999999999999886e+02,1.822629000000000055e+00
3.448000000000000114e+02,1.823306000000000093e+00
3.448999999999999773e+02,1.974622000000000099e+00
3.450000000000000000e+02,1.975724000000000036e+00
3.451000000000000227e+02,5.279876999999999931e+00
3.451999999999999886e+02,5.305950000000000166e+00
3.453000000000000114e+02,5.332012999999999892e+00
3.453999999999999773e+02,6.522742000000000040e+00
3.455000000000000000e+02,6.564148000000000316e+00
3.456000000000000227e+02,5.690503999999999785e+00
3.456999999999999886e+02,5.719651999999999958e+00
3.458000000000000114e+02,5.748788000000000231e+00
3.458999999999999773e+02,5.136448999999999820e+00
3.460000000000000000e+02,5.158300999999999803e+00
3.461000000000000227e+02,1.414541000000000048e+00
3.461999999999999886e+02,1.411888000000000032e+00
3.463000000000000114e+02,1.409968000000000110e+00
3.463999999999999773e+02,5.508239999999999803e-01
3.465000000000000000e+02,5.504499999999999948e-01
3.466000000000000227e+02,1.188450000000000006e+00
3.466999999999999886e+02,1.187974000000000085e+00
3.468000000000000114e+02,1.187497999999999942e+00
3.468999999999999773e+02,1.632196999999999898e+00
3.470000000000000000e+02,1.632274999999999920e+00
3.471000000000000227e+02,3.336066000000000198e+00
3.471999999999999886e+02,3.342887000000000164e+00
3.473000000000000114e+02,3.349704000000000015e+00
3.473999999999999773e+02,4.005595999999999712e+00
3.475000000000000000e+02,4.016848000000000418e+00
3.476000000000000227e+02,3.706831000000000209e+00
3.476999999999999886e+02,3.715758000000000116e+00
3.478000000000000114e+02,3.724682000000000048e+00
3.478999999999999773e+02,3.503127000000000102e+00
3.480000000000000000e+02,3.510549000000000142e+00
3.481000000000000227e+02,3.872354000000000074e+00
3.481999999999999886e+02,3.882111000000000089e+00
3.483000000000000114e+02,3.891863999999999990e+00
3.483999999999999773e+02,3.987155000000000005e+00
3.485000000000000000e+02,3.997501999999999889e+00
3.486000000000000227e+02,3.817809000000000008e+00
3.486999999999999886e+02,3.826836000000000126e+00
3.488000000000000114e+02,3.835862000000000105e+00
3.488999999999999773e+02,3.719075000000000131e+00
3.490000000000000000e+02,3.727282000000000206e+00
3.491000000000000227e+02,2.652953000000000117e+00
3.491999999999999886e+02,2.655638999999999861e+00
3.493000000000000114e+02,2.658323000000000214e+00
3.493999999999999773e+02,2.279005000000000170e+00
3.495000000000000000e+02,2.280381000000000213e+00
3.496000000000000227e+02,2.544054000000000038e+00
3.496999999999999886e+02,2.546289999999999942e+00
3.498000000000000114e+02,2.548525000000000151e+00
3.498999999999999773e+02,2.733960999999999864e+00
3.500000000000000000e+02,2.736883000000000177e+00
3.501000000000000227e+02,1.333074000000000092e+00
3.501999999999999886e+02,1.332635000000000014e+00
3.503000000000000114e+02,1.332197000000000076e+00
3.503999999999999773e+02,8.984710000000000196e-01
3.505000000000000000e+02,8.978960000000000274e-01
3.506000000000000227e+02,1.352085999999999899e+00
3.506999999999999886e+02,1.351668000000000092e+00
3.508000000000000114e+02,1.351250999999999980e+00
3.508999999999999773e+02,1.662295999999999996e+00
3.510000000000000000e+02,1.662258999999999931e+00
3.511000000000000227e+02,8.594129999999999825e-01
3.511999999999999886e+02,8.588470000000000271e-01
3.513000000000000114e+02,8.582809999999999606e-01
3.513999999999999773e+02,6.349590000000000511e-01
3.515000000000000000e+02,6.345140000000000224e-01
3.516000000000000227e+02,9.719020000000000437e-01
3.516999999999999886e+02,9.713209999999999900e-01
3.518000000000000114e+02,9.707400000000000473e-01
3.518999999999999773e+02,1.193497999999999948e+00
3.520000000000000000e+02,1.192978000000000094e+00
3.521000000000000227e+02,1.323514999999999997e+00
3.521999999999999886e+02,1.323085999999999984e+00
3.523000000000000114e+02,1.322657999999999889e+00
3.523999999999999773e+02,1.397742999999999958e+00
3.525000000000000000e+02,1.397386000000000017e+00
3.526000000000000227e+02,1.439789999999999903e+00
3.526999999999999886e+02,1.439480000000000093e+00
3.528000000000000114e+02,1.439170000000000060e+00
3.528999999999999773e+02,1.462428000000000061e+00
3.530000000000000000e+02,1.462145999999999946e+00
3.531000000000000227e+02,1.474159999999999915e+00
3.531999999999999886e+02,1.473892999999999898e+00
3.533000000000000114e+02,1.473626000000000102e+00
3.533999999999999773e+02,1.479073000000000082e+00
3.535000000000000000e+02,1.478812999999999933e+00
3.536000000000000227e+02,1.480426999999999937e+00
3.536999999999999886e+02,1.480169999999999986e+00
3.538000000000000114e+02,1.479913999999999952e+00
3.538999999999999773e+02,1.479308999999999985e+00
3.540000000000000000e+02,1.479052000000000033e+00
3.541000000000000227e+02,1.974507999999999930e+00
3.541999999999999886e+02,1.975136000000000003e+00
3.543000000000000114e+02,1.975762999999999936e+00
3.543999999999999773e+02,2.141668000000000127e+00
3.545000000000000000e+02,2.142717999999999900e+00
3.546000000000000227e+02,1.999222000000000055e+00
3.546999999999999886e+02,1.999897999999999954e+00
3.548000000000000114e+02,2.000573999999999852e+00
3.548999999999999773e+02,1.901346999999999898e+00
3.550000000000000000e+02,1.901793999999999984e+00
3.551000000000000227e+02,2.842111000000000054e+00
3.551999999999999886e+02,2.845622999999999791e+00
3.553000000000000114e+02,2.849133999999999833e+00
3.553999999999999773e+02,3.155121999999999982e+00
3.555000000000000000e+02,3.160038000000000125e+00
3.556000000000000227e+02,2.854881999999999920e+00
3.556999999999999886e+02,2.858356000000000119e+00
3.558000000000000114e+02,2.861828000000000038e+00
3.558999999999999773e+02,2.653948000000000196e+00
3.560000000000000000e+02,2.656566999999999901e+00
3.561000000000000227e+02,2.026867000000000196e+00
3.561999999999999886e+02,2.027534000000000169e+00
3.563000000000000114e+02,2.028200000000000003e+00
3.563999999999999773e+02,1.784038999999999930e+00
3.565000000000000000e+02,1.784192999999999918e+00
3.566000000000000227e+02,1.884762000000000048e+00
3.566999999999999886e+02,1.885110000000000063e+00
3.568000000000000114e+02,1.885458000000000078e+00
3.568999999999999773e+02,1.958488000000000007e+00
3.570000000000000000e+02,1.958989000000000091e+00
3.571000000000000227e+02,1.874550000000000105e-01
3.571999999999999886e+02,1.876659999999999995e-01
3.573000000000000114e+02,1.878519999999999912e-01
3.573999999999999773e+02,2.778809999999999891e-01
3.575000000000000000e+02,2.778749999999999831e-01
3.576000000000000227e+02,6.784660000000000135e-01
3.576999999999999886e+02,6.779880000000000351e-01
3.578000000000000114e+02,6.775099999999999456e-01
3.578999999999999773e+02,8.854009999999999936e-01
3.580000000000000000e+02,8.848300000000000054e-01
3.581000000000000227e+02,-1.373493999999999993e+00
3.581999999999999886e+02,-1.365882999999999958e+00
3.583000000000000114e+02,-1.358206000000000024e+00
3.583999999999999773e+02,-1.736261999999999972e+00
3.585000000000000000e+02,-1.727498999999999896e+00
3.586000000000000227e+02,-1.464345999999999925e+00
3.586999999999999886e+02,-1.457313999999999998e+00
3.588000000000000114e+02,-1.450285000000000046e+00
3.588999999999999773e+02,-1.388166000000000011e+00
3.590000000000000000e+02,-1.381496999999999975e+00
3.591000000000000227e+02,-3.263491999999999837e+00
3.591999999999999886e+02,-3.237220000000000208e+00
3.593000000000000114e+02,-3.210583000000000187e+00
3.593999999999999773e+02,-3.545386999999999844e+00
3.595000000000000000e+02,-3.516904999999999948e+00
3.596000000000000227e+02,-3.395948000000000189e+00
3.596999999999999886e+02,-3.368726000000000109e+00
3.598000000000000114e+02,-3.341515999999999931e+00
3.598999999999999773e+02,-3.300027000000000044e+00
3.600000000000000000e+02,-3.273033999999999999e+00
3.601000000000000227e+02,-3.032154999999999934e+00
3.601999999999999886e+02,-3.008020000000000138e+00
3.603000000000000114e+02,-2.983894999999999964e+00
3.603999999999999773e+02,-2.887948999999999877e+00
3.605000000000000000e+02,-2.864735000000000031e+00
3.606000000000000227e+02,-2.875912000000000024e+00
3.606999999999999886e+02,-2.852244999999999919e+00
3.608000000000000114e+02,-2.828549000000000202e+00
3.608999999999999773e+02,-2.828003999999999962e+00
3.610000000000000000e+02,-2.804006000000000220e+00
3.611000000000000227e+02,-1.775476000000000054e+00
3.611999999999999886e+02,-1.763419999999999987e+00
3.613000000000000114e+02,-1.751366999999999896e+00
3.613999999999999773e+02,-1.377421000000000006e+00
3.615000000000000000e+02,-1.368508999999999975e+00
3.616000000000000227e+02,-1.488715000000000011e+00
3.616999999999999886e+02,-1.478850999999999916e+00
3.618000000000000114e+02,-1.468814000000000064e+00
3.618999999999999773e+02,-1.525460000000000038e+00
3.620000000000000000e+02,-1.514976000000000100e+00
3.621000000000000227e+02,-5.699419999999999487e-01
3.621999999999999886e+02,-5.666820000000000190e-01
3.623000000000000114e+02,-5.634230000000000071e-01
3.623999999999999773e+02,-2.193799999999999917e-01
3.625000000000000000e+02,-2.177260000000000029e-01
3.626000000000000227e+02,-3.470480000000000231e-01
3.626999999999999886e+02,-3.448689999999999811e-01
3.628000000000000114e+02,-3.426259999999999861e-01
3.628999999999999773e+02,-4.075489999999999946e-01
3.630000000000000000e+02,-4.050420000000000131e-01
3.631000000000000227e+02,2.910639999999999894e-01
3.631999999999999886e+02,2.910639999999999894e-01
3.633000000000000114e+02,2.910639999999999894e-01
3.633999999999999773e+02,4.887650000000000050e-01
3.635000000000000000e+02,4.884299999999999753e-01
3.636000000000000227e+02,4.610730000000000106e-01
3.636999999999999886e+02,4.607720000000000149e-01
3.638000000000000114e+02,4.604710000000000192e-01
3.638999999999999773e+02,4.375470000000000192e-01
3.640000000000000000e+02,4.372770000000000268e-01
3.641000000000000227e+02,1.455384999999999929e+00
3.641999999999999886e+02,1.455899000000000054e+00
3.643000000000000114e+02,1.456412000000000040e+00
3.643999999999999773e+02,1.904249000000000080e+00
3.645000000000000000e+02,1.906479000000000035e+00
3.646000000000000227e+02,1.673996999999999957e+00
3.646999999999999886e+02,1.675221999999999989e+00
3.648000000000000114e+02,1.676447000000000020e+00
3.648999999999999773e+02,1.510367999999999933e+00
3.650000000000000000e+02,1.511018999999999890e+00
3.651000000000000227e+02,1.785091999999999901e+00
3.651999999999999886e+02,1.786739999999999995e+00
3.653000000000000114e+02,1.788386999999999949e+00
3.653999999999999773e+02,1.856670999999999960e+00
3.655000000000000000e+02,1.858605999999999980e+00
3.656000000000000227e+02,1.718402999999999903e+00
3.656999999999999886e+02,1.719743999999999939e+00
3.658000000000000114e+02,1.721084000000000058e+00
3.658999999999999773e+02,1.628150999999999904e+00
3.660000000000000000e+02,1.629145000000000065e+00
3.661000000000000227e+02,2.710601000000000038e+00
3.661999999999999886e+02,2.717694999999999972e+00
3.663000000000000114e+02,2.724787000000000070e+00
3.663999999999999773e+02,3.086622000000000199e+00
3.665000000000000000e+02,3.096687000000000189e+00
3.666000000000000227e+02,2.757251999999999814e+00
3.666999999999999886e+02,2.764387999999999845e+00
3.668000000000000114e+02,2.771522000000000041e+00
3.668999999999999773e+02,2.539893000000000178e+00
3.670000000000000000e+02,2.545310999999999879e+00
3.671000000000000227e+02,4.373415999999999748e+00
3.671999999999999886e+02,4.397203000000000195e+00
3.673000000000000114e+02,4.420982999999999663e+00
3.673999999999999773e+02,5.038485999999999798e+00
3.675000000000000000e+02,5.070648000000000266e+00
3.676000000000000227e+02,4.473830000000000418e+00
3.676999999999999886e+02,4.497207999999999650e+00
3.678000000000000114e+02,4.520578999999999681e+00
3.678999999999999773e+02,4.111530000000000129e+00
3.680000000000000000e+02,4.129726999999999926e+00
3.681000000000000227e+02,5.984821000000000168e+00
3.681999999999999886e+02,6.028874000000000066e+00
3.683000000000000114e+02,6.072916000000000203e+00
3.683999999999999773e+02,6.695313999999999766e+00
3.685000000000000000e+02,6.749357999999999969e+00
3.686000000000000227e+02,6.096424999999999983e+00
3.686999999999999886e+02,6.138576999999999728e+00
3.688000000000000114e+02,6.180712999999999901e+00
3.688999999999999773e+02,5.737587000000000437e+00
3.690000000000000000e+02,5.772460999999999842e+00
3.691000000000000227e+02,2.827801000000000009e+00
3.691999999999999886e+02,2.832894000000000023e+00
3.693000000000000114e+02,2.837984000000000062e+00
3.693999999999999773e+02,1.773331999999999908e+00
3.695000000000000000e+02,1.773970000000000047e+00
3.696000000000000227e+02,2.441894000000000009e+00
3.696999999999999886e+02,2.444925000000000015e+00
3.698000000000000114e+02,2.447954000000000185e+00
3.698999999999999773e+02,2.924188000000000009e+00
3.700000000000000000e+02,2.929670000000000218e+00
3.701000000000000227e+02,-4.812099999999999711e-02
3.701999999999999886e+02,-4.689600000000000019e-02
3.703000000000000114e+02,-4.592999999999999861e-02
3.703999999999999773e+02,2.767530000000000268e-01
3.705000000000000000e+02,2.767530000000000268e-01
3.706000000000000227e+02,9.911280000000000090e-01
3.706999999999999886e+02,9.906030000000000113e-01
3.708000000000000114e+02,9.900769999999999849e-01
3.708999999999999773e+02,1.421618000000000048e+00
3.710000000000000000e+02,1.421526000000000067e+00
3.711000000000000227e+02,-2.384434000000000164e+00
3.711999999999999886e+02,-2.364346999999999976e+00
3.713000000000000114e+02,-2.346494999999999997e+00
3.713999999999999773e+02,-1.852206999999999937e+00
3.715000000000000000e+02,-1.840462000000000042e+00
3.716000000000000227e+02,-5.952859999999999818e-01
3.716999999999999886e+02,-5.923389999999999489e-01
3.718000000000000114e+02,-5.893800000000000150e-01
3.718999999999999773e+02,-2.819989999999999997e-01
3.720000000000000000e+02,-2.803700000000000081e-01
3.721000000000000227e+02,-4.002069999999999794e+00
3.721999999999999886e+02,-3.952707000000000193e+00
3.723000000000000114e+02,-3.902206000000000063e+00
3.723999999999999773e+02,-4.547356999999999871e+00
3.725000000000000000e+02,-4.491274999999999906e+00
3.726000000000000227e+02,-4.241175000000000139e+00
3.726999999999999886e+02,-4.189327999999999719e+00
3.728000000000000114e+02,-4.137495000000000367e+00
3.728999999999999773e+02,-4.048974000000000295e+00
3.730000000000000000e+02,-3.997977999999999810e+00
3.731000000000000227e+02,-5.937365999999999921e+00
3.731999999999999886e+02,-5.824148000000000103e+00
3.733000000000000114e+02,-5.709901000000000337e+00
3.733999999999999773e+02,-5.948029000000000011e+00
3.735000000000000000e+02,-5.829621999999999638e+00
3.736000000000000227e+02,-5.603453000000000017e+00
3.736999999999999886e+02,-5.489180000000000170e+00
3.738000000000000114e+02,-5.374924000000000035e+00
3.738999999999999773e+02,-5.241182000000000230e+00
3.740000000000000000e+02,-5.127744999999999997e+00
3.741000000000000227e+02,-4.575139000000000067e+00
3.741999999999999886e+02,-4.479269999999999641e+00
3.743000000000000114e+02,-4.383409999999999584e+00
3.743999999999999773e+02,-4.143391000000000268e+00
3.745000000000000000e+02,-4.052776999999999852e+00
3.746000000000000227e+02,-4.018246000000000429e+00
3.746999999999999886e+02,-3.925802000000000014e+00
3.748000000000000114e+02,-3.833003000000000160e+00
3.748999999999999773e+02,-3.766227999999999909e+00
3.750000000000000000e+02,-3.672756000000000132e+00
3.751000000000000227e+02,-2.642602000000000118e+00
3.751999999999999886e+02,-2.587781000000000109e+00
3.753000000000000114e+02,-2.532964999999999911e+00
3.753999999999999773e+02,-2.163879999999999804e+00
3.755000000000000000e+02,-2.119270999999999905e+00
3.756000000000000227e+02,-2.193550999999999807e+00
3.756999999999999886e+02,-2.145430999999999866e+00
3.758000000000000114e+02,-2.096833999999999865e+00
3.758999999999999773e+02,-2.103111999999999870e+00
3.760000000000000000e+02,-2.052855999999999792e+00
3.761000000000000227e+02,-1.234375000000000000e+00
3.761999999999999886e+02,-1.210868000000000055e+00
3.763000000000000114e+02,-1.187365999999999921e+00
3.763999999999999773e+02,-9.052069999999999839e-01
3.765000000000000000e+02,-8.880660000000000220e-01
3.766000000000000227e+02,-9.716160000000000352e-01
3.766999999999999886e+02,-9.522559999999999913e-01
3.768000000000000114e+02,-9.326079999999999925e-01
3.768999999999999773e+02,-9.607269999999999976e-01
3.770000000000000000e+02,-9.400359999999999827e-01
3.771000000000000227e+02,-5.980670000000000153e-01
3.771999999999999886e+02,-5.861539999999999528e-01
3.773000000000000114e+02,-5.742439999999999767e-01
3.773999999999999773e+02,-4.559150000000000147e-01
3.775000000000000000e+02,-4.462229999999999808e-01
3.776000000000000227e+02,-4.813439999999999941e-01
3.776999999999999886e+02,-4.708249999999999935e-01
3.778000000000000114e+02,-4.601609999999999867e-01
3.778999999999999773e+02,-4.716529999999999889e-01
3.780000000000000000e+02,-4.606120000000000214e-01
3.781000000000000227e+02,-1.568970000000000087e-01
3.781999999999999886e+02,-1.521049999999999902e-01
3.783000000000000114e+02,-1.473150000000000015e-01
3.783999999999999773e+02,-4.073500000000000038e-02
3.785000000000000000e+02,-3.747199999999999837e-02
3.786000000000000227e+02,-7.345599999999999352e-02
3.786999999999999886e+02,-6.967900000000000482e-02
3.788000000000000114e+02,-6.582699999999999663e-02
3.788999999999999773e+02,-8.160399999999999598e-02
3.790000000000000000e+02,-7.750600000000000545e-02
3.791000000000000227e+02,-1.400900000000000062e-02
3.791999999999999886e+02,-1.090999999999999956e-02
3.793000000000000114e+02,-7.812000000000000367e-03
3.793999999999999773e+02,1.440400000000000014e-02
3.795000000000000000e+02,1.721500000000000113e-02
3.796000000000000227e+02,9.376999999999999919e-03
3.796999999999999886e+02,1.234099999999999954e-02
3.798000000000000114e+02,1.530399999999999990e-02
3.798999999999999773e+02,1.208299999999999999e-02
3.800000000000000000e+02,1.514700000000000074e-02
3.801000000000000227e+02,-1.689239999999999908e-01
3.801999999999999886e+02,-1.614599999999999924e-01
3.803000000000000114e+02,-1.539300000000000113e-01
3.803999999999999773e+02,-1.806689999999999963e-01
3.805000000000000000e+02,-1.727160000000000084e-01
3.806000000000000227e+02,-1.557280000000000053e-01
3.806999999999999886e+02,-1.480410000000000059e-01
3.808000000000000114e+02,-1.403560000000000085e-01
3.808999999999999773e+02,-1.312989999999999990e-01
3.810000000000000000e+02,-1.236600000000000060e-01
3.811000000000000227e+02,-1.670659999999999923e-01
3.811999999999999886e+02,-1.575110000000000121e-01
3.813000000000000114e+02,-1.479300000000000059e-01
3.813999999999999773e+02,-1.478410000000000002e-01
3.815000000000000000e+02,-1.381110000000000115e-01
3.816000000000000227e+02,-1.264339999999999908e-01
3.816999999999999886e+02,-1.167880000000000029e-01
3.818000000000000114e+02,-1.071450000000000041e-01
3.818999999999999773e+02,-9.750699999999999645e-02
3.820000000000000000e+02,-8.786900000000000266e-02
3.821000000000000227e+02,2.704820000000000002e-01
3.821999999999999886e+02,2.710620000000000251e-01
3.823000000000000114e+02,2.716239999999999766e-01
3.823999999999999773e+02,2.910639999999999894e-01
3.825000000000000000e+02,2.910639999999999894e-01
3.826000000000000227e+02,2.910639999999999894e-01
3.826999999999999886e+02,2.910639999999999894e-01
3.828000000000000114e+02,2.910639999999999894e-01
3.828999999999999773e+02,2.910639999999999894e-01
3.830000000000000000e+02,2.910639999999999894e-01
3.831000000000000227e+02,2.910639999999999894e-01
3.831999999999999886e+02,2.910639999999999894e-01
3.833000000000000114e+02,2.910639999999999894e-01
3.833999999999999773e+02,2.910639999999999894e-01
3.835000000000000000e+02,2.910639999999999894e-01
3.836000000000000227e+02,2.910639999999999894e-01
3.836999999999999886e+02,2.910639999999999894e-01
3.838000000000000114e+02,2.910639999999999894e-01
3.838999999999999773e+02,2.910639999999999894e-01
3.840000000000000000e+02,2.910639999999999894e-01
3.841000000000000227e+02,2.910639999999999894e-01
3.841999999999999886e+02,2.910639999999999894e-01
3.843000000000000114e+02,2.910639999999999894e-01
3.843999999999999773e+02,2.910639999999999894e-01
3.845000000000000000e+02,2.910639999999999894e-01
3.846000000000000227e+02,2.910639999999999894e-01
3.846999999999999886e+02,2.910639999999999894e-01
3.848000000000000114e+02,2.910829999999999806e-01
3.848999999999999773e+02,2.911380000000000079e-01
3.850000000000000000e+02,2.912100000000000244e-01
3.851000000000000227e+02,2.912739999999999774e-01
3.851999999999999886e+02,2.913080000000000114e-01
3.853000000000000114e+02,2.913240000000000274e-01
3.853999999999999773e+02,2.913189999999999946e-01
3.855000000000000000e+02,2.912950000000000261e-01
3.856000000000000227e+02,2.912549999999999861e-01
3.856999999999999886e+02,2.912069999999999936e-01
3.858000000000000114e+02,2.911529999999999951e-01
3.858999999999999773e+02,2.910969999999999946e-01
3.860000000000000000e+02,2.910670000000000202e-01
3.861000000000000227e+02,2.910670000000000202e-01
3.861999999999999886e+02,2.910679999999999934e-01
3.863000000000000114e+02,2.910679999999999934e-01
3.863999999999999773e+02,2.910690000000000222e-01
3.865000000000000000e+02,2.910690000000000222e-01
3.866000000000000227e+02,2.910690000000000222e-01
3.866999999999999886e+02,2.910699999999999954e-01
3.868000000000000114e+02,2.910699999999999954e-01
3.868999999999999773e+02,2.910699999999999954e-01
3.870000000000000000e+02,2.910699999999999954e-01
3.871000000000000227e+02,2.910699999999999954e-01
3.871999999999999886e+02,2.910690000000000222e-01
3.873000000000000114e+02,2.910690000000000222e-01
3.873999999999999773e+02,2.910690000000000222e-01
3.875000000000000000e+02,2.910690000000000222e-01
3.876000000000000227e+02,2.910690000000000222e-01
3.876999999999999886e+02,2.910679999999999934e-01
3.878000000000000114e+02,2.910679999999999934e-01
3.878999999999999773e+02,2.910679999999999934e-01
3.880000000000000000e+02,2.910670000000000202e-01
3.881000000000000227e+02,2.910670000000000202e-01
3.881999999999999886e+02,2.910670000000000202e-01
3.883000000000000114e+02,2.910659999999999914e-01
3.883999999999999773e+02,2.910659999999999914e-01
3.885000000000000000e+02,2.910659999999999914e-01
3.886000000000000227e+02,2.910659999999999914e-01
3.886999999999999886e+02,2.910650000000000182e-01
3.888000000000000114e+02,2.910650000000000182e-01
3.888999999999999773e+02,2.910650000000000182e-01
3.890000000000000000e+02,2.910650000000000182e-01
3.891000000000000227e+02,2.910639999999999894e-01
3.891999999999999886e+02,2.910639999999999894e-01
3.893000000000000114e+02,2.910639999999999894e-01
3.893999999999999773e+02,2.910639999999999894e-01
3.895000000000000000e+02,2.910639999999999894e-01
3.896000000000000227e+02,2.910639999999999894e-01
3.896999999999999886e+02,2.910639999999999894e-01
3.898000000000000114e+02,2.910639999999999894e-01
3.898999999999999773e+02,2.910639999999999894e-01
3.900000000000000000e+02,2.910639999999999894e-01
3.901000000000000227e+02,2.910800000000000054e-01
3.901999999999999886e+02,2.911329999999999751e-01
3.903000000000000114e+02,2.911860000000000004e-01
3.903999999999999773e+02,3.485130000000000172e-01
3.905000000000000000e+02,4.087250000000000050e-01
3.906000000000000227e+02,4.420939999999999870e-01
3.906999999999999886e+02,4.851770000000000249e-01
3.908000000000000114e+02,5.282569999999999766e-01
3.908999999999999773e+02,4.807460000000000067e-01
3.910000000000000000e+02,5.008690000000000087e-01
3.911000000000000227e+02,6.465379999999999461e-01
3.911999999999999886e+02,6.966269999999999962e-01
3.913000000000000114e+02,7.467110000000000136e-01
3.913999999999999773e+02,1.090659999999999963e+00
3.915000000000000000e+02,1.208501000000000047e+00
3.916000000000000227e+02,9.211540000000000283e-01
3.916999999999999886e+02,9.645350000000000312e-01
3.918000000000000114e+02,1.007908999999999944e+00
3.918999999999999773e+02,6.322849999999999859e-01
3.920000000000000000e+02,6.395560000000000134e-01
3.921000000000000227e+02,1.543287000000000075e+00
3.921999999999999886e+02,1.646084000000000103e+00
3.923000000000000114e+02,1.748863999999999974e+00
3.923999999999999773e+02,2.520375000000000032e+00
3.925000000000000000e+02,2.719005999999999812e+00
3.926000000000000227e+02,2.188858000000000192e+00
3.926999999999999886e+02,2.294455000000000133e+00
3.928000000000000114e+02,2.400025999999999993e+00
3.928999999999999773e+02,2.030000999999999944e+00
3.930000000000000000e+02,2.095556000000000196e+00
3.931000000000000227e+02,3.277579999999999938e+00
3.931999999999999886e+02,3.443154999999999966e+00
3.933000000000000114e+02,3.608687000000000200e+00
3.933999999999999773e+02,4.386312000000000211e+00
3.935000000000000000e+02,4.611983999999999639e+00
3.936000000000000227e+02,4.602405000000000079e+00
3.936999999999999886e+02,4.805501999999999718e+00
3.938000000000000114e+02,5.008548000000000222e+00
3.938999999999999773e+02,3.745671000000000195e+00
3.940000000000000000e+02,3.846823000000000103e+00
3.941000000000000227e+02,3.916628000000000220e+00
3.941999999999999886e+02,4.015970000000000262e+00
3.943000000000000114e+02,4.115288999999999753e+00
3.943999999999999773e+02,3.605180999999999969e+00
3.945000000000000000e+02,3.675542000000000087e+00
3.946000000000000227e+02,2.660334999999999894e+00
3.946999999999999886e+02,2.691765999999999881e+00
3.948000000000000114e+02,2.723190000000000222e+00
3.948999999999999773e+02,2.226501999999999981e+00
3.950000000000000000e+02,2.244794000000000178e+00
3.951000000000000227e+02,3.711065000000000058e+00
3.951999999999999886e+02,3.772388999999999992e+00
3.953000000000000114e+02,3.833787000000000056e+00
3.953999999999999773e+02,5.456812000000000218e+00
3.955000000000000000e+02,5.584867000000000026e+00
3.956000000000000227e+02,6.142286999999999608e+00
3.956999999999999886e+02,6.291744999999999699e+00
3.958000000000000114e+02,6.441196999999999839e+00
3.958999999999999773e+02,6.842253999999999614e+00
3.960000000000000000e+02,7.003892999999999702e+00
3.961000000000000227e+02,8.180635999999999797e+00
3.961999999999999886e+02,8.394277999999999906e+00
3.963000000000000114e+02,8.607903999999999556e+00
3.963999999999999773e+02,9.252532000000000423e+00
3.965000000000000000e+02,9.488181000000000864e+00
3.966000000000000227e+02,9.526604999999999990e+00
3.966999999999999886e+02,9.752378999999999465e+00
3.968000000000000114e+02,9.978127000000000635e+00
3.968999999999999773e+02,1.005551700000000004e+01
3.970000000000000000e+02,1.027448200000000078e+01
3.971000000000000227e+02,1.040753499999999931e+01
3.971999999999999886e+02,1.062270700000000012e+01
3.973000000000000114e+02,1.083784600000000076e+01
3.973999999999999773e+02,1.100544999999999973e+01
3.975000000000000000e+02,1.121860799999999969e+01
3.976000000000000227e+02,1.141051299999999991e+01
3.976999999999999886e+02,1.162276800000000065e+01
3.978000000000000114e+02,1.183498299999999936e+01
3.978999999999999773e+02,1.204222399999999915e+01
3.980000000000000000e+02,1.225420300000000040e+01
3.981000000000000227e+02,8.119306999999999164e+00
3.981999999999999886e+02,8.204048000000000229e+00
3.983000000000000114e+02,8.288807999999999510e+00
3.983999999999999773e+02,6.864048999999999623e+00
3.985000000000000000e+02,6.918706000000000245e+00
3.986000000000000227e+02,8.242959000000000813e+00
3.986999999999999886e+02,8.322295999999999694e+00
3.988000000000000114e+02,8.401602999999999710e+00
3.988999999999999773e+02,9.399281000000000219e+00
3.990000000000000000e+02,9.498383999999999716e+00
3.991000000000000227e+02,-3.723400000000000043e-01
3.991999999999999886e+02,-3.675030000000000241e-01
3.993000000000000114e+02,-3.640490000000000115e-01
3.993999999999999773e+02,2.234899999999999942e-01
3.995000000000000000e+02,2.235900000000000110e-01
3.996000000000000227e+02,2.323682999999999943e+00
3.996999999999999886e+02,2.326060000000000016e+00
3.998000000000000114e+02,2.328435999999999950e+00
3.998999999999999773e+02,3.709916999999999909e+00
4.000000000000000000e+02,3.720467000000000191e+00
4.001000000000000227e+02,-5.103004999999999569e+00
4.001999999999999886e+02,-5.032790000000000319e+00
4.003000000000000114e+02,-4.974765999999999799e+00
4.003999999999999773e+02,-2.825276999999999816e+00
4.005000000000000000e+02,-2.803541000000000061e+00
4.006000000000000227e+02,5.423970000000000180e-01
4.006999999999999886e+02,5.420160000000000533e-01
4.008000000000000114e+02,5.416349999999999776e-01
4.008999999999999773e+02,1.189175000000000093e+00
4.010000000000000000e+02,1.188804999999999890e+00
4.011000000000000227e+02,-9.202620000000000244e-01
4.011999999999999886e+02,-9.144520000000000426e-01
4.013000000000000114e+02,-9.091709999999999514e-01
4.013999999999999773e+02,-7.997250000000000192e-01
4.015000000000000000e+02,-7.956830000000000291e-01
4.016000000000000227e+02,-1.130150000000000043e-01
4.016999999999999886e+02,-1.119900000000000062e-01
4.018000000000000114e+02,-1.109659999999999952e-01
4.018999999999999773e+02,5.070100000000000301e-02
4.020000000000000000e+02,5.124000000000000082e-02
4.021000000000000227e+02,-1.832594999999999974e+00
4.021999999999999886e+02,-1.818537999999999988e+00
4.023000000000000114e+02,-1.804186000000000067e+00
4.023999999999999773e+02,-2.151567000000000007e+00
4.025000000000000000e+02,-2.135460999999999832e+00
4.026000000000000227e+02,-2.033736000000000210e+00
4.026999999999999886e+02,-2.018613999999999908e+00
4.028000000000000114e+02,-2.003496999999999861e+00
4.028999999999999773e+02,-1.978577999999999948e+00
4.030000000000000000e+02,-1.963572000000000095e+00
4.031000000000000227e+02,-2.150128000000000039e+00
4.031999999999999886e+02,-2.132458999999999882e+00
4.033000000000000114e+02,-2.114739000000000146e+00
4.033999999999999773e+02,-2.141172000000000075e+00
4.035000000000000000e+02,-2.123209999999999820e+00
4.036000000000000227e+02,-2.106494999999999784e+00
4.036999999999999886e+02,-2.088527000000000022e+00
4.038000000000000114e+02,-2.070564000000000071e+00
4.038999999999999773e+02,-2.060404999999999820e+00
4.040000000000000000e+02,-2.042346000000000217e+00
4.041000000000000227e+02,-1.495691000000000104e+00
4.041999999999999886e+02,-1.484142999999999990e+00
4.043000000000000114e+02,-1.472596999999999934e+00
4.043999999999999773e+02,-1.276126000000000094e+00
4.045000000000000000e+02,-1.266405000000000003e+00
4.046000000000000227e+02,-1.331137999999999932e+00
4.046999999999999886e+02,-1.320767000000000024e+00
4.048000000000000114e+02,-1.310283000000000087e+00
4.048999999999999773e+02,-1.339229999999999920e+00
4.050000000000000000e+02,-1.328465000000000007e+00
4.051000000000000227e+02,-1.510809000000000069e+00
4.051999999999999886e+02,-1.497535000000000061e+00
4.053000000000000114e+02,-1.484205999999999914e+00
4.053999999999999773e+02,-1.512909000000000059e+00
4.055000000000000000e+02,-1.499330000000000052e+00
4.056000000000000227e+02,-1.488064999999999971e+00
4.056999999999999886e+02,-1.474461999999999939e+00
4.058000000000000114e+02,-1.460863000000000023e+00
4.058999999999999773e+02,-1.453101999999999894e+00
4.060000000000000000e+02,-1.439429999999999987e+00
4.061000000000000227e+02,-1.742340000000000000e+00
4.061999999999999886e+02,-1.723473999999999950e+00
4.063000000000000114e+02,-1.704520000000000035e+00
4.063999999999999773e+02,-1.748003999999999891e+00
4.065000000000000000e+02,-1.728633000000000086e+00
4.066000000000000227e+02,-1.699186000000000085e+00
4.066999999999999886e+02,-1.679994999999999905e+00
4.068000000000000114e+02,-1.660798999999999914e+00
4.068999999999999773e+02,-1.643734999999999946e+00
4.070000000000000000e+02,-1.624508000000000063e+00
4.071000000000000227e+02,-1.610052000000000039e+00
4.071999999999999886e+02,-1.590748000000000051e+00
4.073000000000000114e+02,-1.571445999999999898e+00
4.073999999999999773e+02,-1.556929000000000007e+00
4.075000000000000000e+02,-1.537546000000000079e+00
4.076000000000000227e+02,-1.522718000000000016e+00
4.076999999999999886e+02,-1.503255000000000008e+00
4.078000000000000114e+02,-1.483794999999999975e+00
4.078999999999999773e+02,-1.468579999999999997e+00
4.080000000000000000e+02,-1.449041999999999941e+00
4.081000000000000227e+02,-6.744050000000000322e-01
4.081999999999999886e+02,-6.671470000000000455e-01
4.083000000000000114e+02,-6.598899999999999766e-01
4.083999999999999773e+02,-3.815939999999999888e-01
4.085000000000000000e+02,-3.771829999999999905e-01
4.086000000000000227e+02,-4.716980000000000062e-01
4.086999999999999886e+02,-4.663800000000000168e-01
4.088000000000000114e+02,-4.609610000000000096e-01
4.088999999999999773e+02,-5.050740000000000229e-01
4.090000000000000000e+02,-4.991990000000000038e-01
4.091000000000000227e+02,2.910639999999999894e-01
4.091999999999999886e+02,2.910639999999999894e-01
4.093000000000000114e+02,2.910639999999999894e-01
4.093999999999999773e+02,5.898959999999999759e-01
4.095000000000000000e+02,5.894310000000000382e-01
4.096000000000000227e+02,5.900210000000000177e-01
4.096999999999999886e+02,5.895559999999999690e-01
4.098000000000000114e+02,5.890910000000000313e-01
4.098999999999999773e+02,5.792840000000000211e-01
4.100000000000000000e+02,5.788200000000000012e-01
4.101000000000000227e+02,1.416223999999999927e+00
4.101999999999999886e+02,1.419335999999999931e+00
4.103000000000000114e+02,1.422447000000000017e+00
4.103999999999999773e+02,1.736922000000000077e+00
4.105000000000000000e+02,1.743103000000000069e+00
4.106000000000000227e+02,1.512915999999999928e+00
4.106999999999999886e+02,1.516690000000000094e+00
4.108000000000000114e+02,1.520464000000000038e+00
4.108999999999999773e+02,1.358732999999999969e+00
4.110000000000000000e+02,1.361151999999999918e+00
4.111000000000000227e+02,1.510380000000000056e+00
4.111999999999999886e+02,1.513983999999999996e+00
4.113000000000000114e+02,1.517587999999999937e+00
4.113999999999999773e+02,1.544721999999999928e+00
4.115000000000000000e+02,1.548529999999999962e+00
4.116000000000000227e+02,1.444274000000000058e+00
4.116999999999999886e+02,1.447179999999999911e+00
4.118000000000000114e+02,1.450085999999999986e+00
4.118999999999999773e+02,1.381575999999999915e+00
4.120000000000000000e+02,1.383945999999999898e+00
4.121000000000000227e+02,1.596545000000000103e+00
4.121999999999999886e+02,1.600610000000000088e+00
4.123000000000000114e+02,1.604675000000000074e+00
4.123999999999999773e+02,1.668868000000000018e+00
4.125000000000000000e+02,1.673480000000000079e+00
4.126000000000000227e+02,1.588572000000000095e+00
4.126999999999999886e+02,1.592378999999999989e+00
4.128000000000000114e+02,1.596186000000000105e+00
4.128999999999999773e+02,1.539071999999999996e+00
4.130000000000000000e+02,1.542375000000000052e+00
4.131000000000000227e+02,1.770864999999999911e+00
4.131999999999999886e+02,1.776173000000000002e+00
4.133000000000000114e+02,1.781479999999999952e+00
4.133999999999999773e+02,1.853876999999999997e+00
4.135000000000000000e+02,1.859852000000000061e+00
4.136000000000000227e+02,1.776583999999999941e+00
4.136999999999999886e+02,1.781678000000000095e+00
4.138000000000000114e+02,1.786769999999999969e+00
4.138999999999999773e+02,1.730993999999999922e+00
4.140000000000000000e+02,1.735529000000000099e+00
4.141000000000000227e+02,3.343739999999999934e+00
4.141999999999999886e+02,3.372304000000000190e+00
4.143000000000000114e+02,3.400863000000000191e+00
4.143999999999999773e+02,3.985196999999999878e+00
4.145000000000000000e+02,4.025979999999999670e+00
4.146000000000000227e+02,3.559769000000000183e+00
4.146999999999999886e+02,3.589469999999999938e+00
4.148000000000000114e+02,3.619167000000000023e+00
4.148999999999999773e+02,3.291977000000000153e+00
4.150000000000000000e+02,3.315021999999999913e+00
4.151000000000000227e+02,4.637837000000000209e+00
4.151999999999999886e+02,4.688366000000000255e+00
4.153000000000000114e+02,4.738896999999999693e+00
4.153999999999999773e+02,5.196284999999999599e+00
4.155000000000000000e+02,5.257024000000000363e+00
4.156000000000000227e+02,4.785389000000000337e+00
4.156999999999999886e+02,4.833135000000000403e+00
4.158000000000000114e+02,4.880874000000000379e+00
4.158999999999999773e+02,4.558240999999999765e+00
4.160000000000000000e+02,4.598100999999999772e+00
4.161000000000000227e+02,3.741509999999999891e+00
4.161999999999999886e+02,3.765286999999999829e+00
4.163000000000000114e+02,3.789058999999999955e+00
4.163999999999999773e+02,3.446579999999999977e+00
4.165000000000000000e+02,3.465025999999999939e+00
4.166000000000000227e+02,3.601554999999999840e+00
4.166999999999999886e+02,3.621623000000000037e+00
4.168000000000000114e+02,3.641687000000000118e+00
4.168999999999999773e+02,3.754180999999999990e+00
4.170000000000000000e+02,3.775529999999999831e+00
4.171000000000000227e+02,1.120400000000000007e-01
4.171999999999999886e+02,1.130290000000000045e-01
4.173000000000000114e+02,1.138089999999999935e-01
4.173999999999999773e+02,2.295470000000000010e-01
4.175000000000000000e+02,2.296799999999999953e-01
4.176000000000000227e+02,9.781990000000000407e-01
4.176999999999999886e+02,9.778649999999999842e-01
4.178000000000000114e+02,9.775310000000000388e-01
4.178999999999999773e+02,1.427899000000000029e+00
4.180000000000000000e+02,1.428625000000000034e+00
4.181000000000000227e+02,-1.908970999999999973e+00
4.181999999999999886e+02,-1.886852999999999891e+00
4.183000000000000114e+02,-1.867880999999999903e+00
4.183999999999999773e+02,-1.053622000000000059e+00
4.185000000000000000e+02,-1.045350000000000001e+00
4.186000000000000227e+02,2.910639999999999894e-01
4.186999999999999886e+02,2.910639999999999894e-01
4.188000000000000114e+02,2.910639999999999894e-01
4.188999999999999773e+02,4.823770000000000002e-01
4.190000000000000000e+02,4.820249999999999813e-01
4.191000000000000227e+02,-6.502599999999999492e-01
4.191999999999999886e+02,-6.444090000000000096e-01
4.193000000000000114e+02,-6.382409999999999473e-01
4.193999999999999773e+02,-9.979000000000000092e-01
4.195000000000000000e+02,-9.896540000000000337e-01
4.196000000000000227e+02,-9.886120000000000463e-01
4.196999999999999886e+02,-9.802929999999999700e-01
4.198000000000000114e+02,-9.719759999999999511e-01
4.198999999999999773e+02,-9.706590000000000495e-01
4.200000000000000000e+02,-9.622680000000000122e-01
4.201000000000000227e+02,-6.538859999999999673e-01
4.201999999999999886e+02,-6.485189999999999566e-01
4.203000000000000114e+02,-6.431529999999999747e-01
4.203999999999999773e+02,-5.316830000000000167e-01
4.205000000000000000e+02,-5.271869999999999612e-01
4.206000000000000227e+02,-5.641639999999999988e-01
4.206999999999999886e+02,-5.593719999999999803e-01
4.208000000000000114e+02,-5.545259999999999634e-01
4.208999999999999773e+02,-5.725890000000000146e-01
4.210000000000000000e+02,-5.675930000000000142e-01
4.211000000000000227e+02,2.910639999999999894e-01
4.211999999999999886e+02,2.910639999999999894e-01
4.213000000000000114e+02,2.910639999999999894e-01
4.213999999999999773e+02,4.868040000000000145e-01
4.215000000000000000e+02,4.864229999999999943e-01
4.216000000000000227e+02,4.593990000000000018e-01
4.216999999999999886e+02,4.590509999999999868e-01
4.218000000000000114e+02,4.587030000000000274e-01
4.218999999999999773e+02,4.352690000000000170e-01
4.220000000000000000e+02,4.349549999999999805e-01
4.221000000000000227e+02,1.753719999999999946e+00
4.221999999999999886e+02,1.757646000000000042e+00
4.223000000000000114e+02,1.761570999999999998e+00
4.223999999999999773e+02,2.305455999999999950e+00
4.225000000000000000e+02,2.314560999999999868e+00
4.226000000000000227e+02,1.986431000000000058e+00
4.226999999999999886e+02,1.992083999999999966e+00
4.228000000000000114e+02,1.997735999999999956e+00
4.228999999999999773e+02,1.764227999999999907e+00
4.230000000000000000e+02,1.767916999999999961e+00
4.231000000000000227e+02,3.417257000000000211e+00
4.231999999999999886e+02,3.441825000000000134e+00
4.233000000000000114e+02,3.466388999999999943e+00
4.233999999999999773e+02,4.028298000000000378e+00
4.235000000000000000e+02,4.063004000000000282e+00
4.236000000000000227e+02,3.510127999999999915e+00
4.236999999999999886e+02,3.533945000000000114e+00
4.238000000000000114e+02,3.557757000000000058e+00
4.238999999999999773e+02,3.174192000000000125e+00
4.240000000000000000e+02,3.191745000000000054e+00
4.241000000000000227e+02,6.565214000000000105e+00
4.241999999999999886e+02,6.659347999999999601e+00
4.243000000000000114e+02,6.753470000000000084e+00
4.243999999999999773e+02,8.007236000000000686e+00
4.245000000000000000e+02,8.138723999999999847e+00
4.246000000000000227e+02,7.066791000000000267e+00
4.246999999999999886e+02,7.160421000000000369e+00
4.248000000000000114e+02,7.254036000000000151e+00
4.248999999999999773e+02,6.496623999999999732e+00
4.250000000000000000e+02,6.568120999999999654e+00
4.251000000000000227e+02,1.226989900000000056e+01
4.251999999999999886e+02,1.253541599999999967e+01
4.253000000000000114e+02,1.280088600000000021e+01
4.253999999999999773e+02,1.502761600000000008e+01
4.255000000000000000e+02,1.538066500000000048e+01
4.256000000000000227e+02,1.359272099999999917e+01
4.256999999999999886e+02,1.385358399999999968e+01
4.258000000000000114e+02,1.411461899999999936e+01
4.258999999999999773e+02,1.283640399999999993e+01
4.260000000000000000e+02,1.304304199999999980e+01
4.261000000000000227e+02,1.847066399999999931e+01
4.261999999999999886e+02,1.888153900000000007e+01
4.263000000000000114e+02,1.929227900000000062e+01
4.263999999999999773e+02,2.139559500000000014e+01
4.265000000000000000e+02,2.188034400000000090e+01
4.266000000000000227e+02,2.007509200000000149e+01
4.266999999999999886e+02,2.046350100000000083e+01
4.268000000000000114e+02,2.085176299999999827e+01
4.268999999999999773e+02,1.961724800000000002e+01
4.270000000000000000e+02,1.994705400000000139e+01
4.271000000000000227e+02,1.584534400000000076e+01
4.271999999999999886e+02,1.604221199999999925e+01
4.273000000000000114e+02,1.623898799999999909e+01
4.273999999999999773e+02,1.462910600000000017e+01
4.275000000000000000e+02,1.478290299999999924e+01
4.276000000000000227e+02,1.562024500000000060e+01
4.276999999999999886e+02,1.578924100000000053e+01
4.278000000000000114e+02,1.595818200000000076e+01
4.278999999999999773e+02,1.667013299999999987e+01
4.280000000000000000e+02,1.685113199999999978e+01
4.281000000000000227e+02,-3.648930000000000229e-01
4.281999999999999886e+02,-3.607389999999999763e-01
4.283000000000000114e+02,-3.577029999999999932e-01
4.283999999999999773e+02,8.352600000000000302e-02
4.285000000000000000e+02,8.382699999999999874e-02
4.286000000000000227e+02,3.518241999999999869e+00
4.286999999999999886e+02,3.521843000000000057e+00
4.288000000000000114e+02,3.525443000000000104e+00
4.288999999999999773e+02,5.739020000000000010e+00
4.290000000000000000e+02,5.754285999999999568e+00
4.291000000000000227e+02,-8.855551999999999424e+00
4.291999999999999886e+02,-8.747298000000000684e+00
4.293000000000000114e+02,-8.657564999999999955e+00
4.293999999999999773e+02,-5.037687000000000026e+00
4.295000000000000000e+02,-5.004039999999999822e+00
4.296000000000000227e+02,5.964620000000000477e-01
4.296999999999999886e+02,5.960699999999999887e-01
4.298000000000000114e+02,5.956789999999999585e-01
4.298999999999999773e+02,1.630849999999999911e+00
4.300000000000000000e+02,1.630419000000000063e+00
4.301000000000000227e+02,-2.560468000000000188e+00
4.301999999999999886e+02,-2.546314999999999884e+00
4.303000000000000114e+02,-2.533745000000000136e+00
4.303999999999999773e+02,-1.930771000000000015e+00
4.305000000000000000e+02,-1.922816000000000081e+00
4.306000000000000227e+02,-4.325809999999999933e-01
4.306999999999999886e+02,-4.310350000000000015e-01
4.308000000000000114e+02,-4.294899999999999829e-01
4.308999999999999773e+02,-7.415700000000000069e-02
4.310000000000000000e+02,-7.351100000000000689e-02
4.311000000000000227e+02,-6.280980000000000452e-01
4.311999999999999886e+02,-6.258059999999999734e-01
4.313000000000000114e+02,-6.234910000000000174e-01
4.313999999999999773e+02,-7.431959999999999678e-01
4.315000000000000000e+02,-7.406160000000000521e-01
4.316000000000000227e+02,-7.216949999999999754e-01
4.316999999999999886e+02,-7.191750000000000087e-01
4.318000000000000114e+02,-7.166569999999999885e-01
4.318999999999999773e+02,-7.207320000000000393e-01
4.320000000000000000e+02,-7.181920000000000526e-01
4.321000000000000227e+02,1.297109999999999930e-01
4.321999999999999886e+02,1.299549999999999872e-01
4.323000000000000114e+02,1.302000000000000102e-01
4.323999999999999773e+02,2.910639999999999894e-01
4.325000000000000000e+02,2.910639999999999894e-01
4.326000000000000227e+02,2.910639999999999894e-01
4.326999999999999886e+02,2.910639999999999894e-01
4.328000000000000114e+02,2.910639999999999894e-01
4.328999999999999773e+02,2.740799999999999903e-01
4.330000000000000000e+02,2.740790000000000171e-01
4.331000000000000227e+02,1.215630999999999906e+00
4.331999999999999886e+02,1.215044999999999931e+00
4.333000000000000114e+02,1.214458999999999955e+00
4.333999999999999773e+02,1.756666000000000061e+00
4.335000000000000000e+02,1.756542000000000048e+00
4.336000000000000227e+02,1.663807000000000036e+00
4.336999999999999886e+02,1.663566000000000100e+00
4.338000000000000114e+02,1.663324999999999942e+00
4.338999999999999773e+02,1.582189999999999985e+00
4.340000000000000000e+02,1.581858999999999904e+00
4.341000000000000227e+02,7.605279999999999818e-01
4.341999999999999886e+02,7.599839999999999929e-01
4.343000000000000114e+02,7.592140000000000555e-01
4.343999999999999773e+02,2.910639999999999894e-01
4.345000000000000000e+02,2.910639999999999894e-01
4.346000000000000227e+02,2.910639999999999894e-01
4.346999999999999886e+02,2.910639999999999894e-01
4.348000000000000114e+02,2.910639999999999894e-01
4.348999999999999773e+02,2.910639999999999894e-01
4.350000000000000000e+02,2.910639999999999894e-01
4.351000000000000227e+02,-1.953067000000000109e+00
4.351999999999999886e+02,-1.942539999999999933e+00
4.353000000000000114e+02,-1.931743999999999906e+00
4.353999999999999773e+02,-2.410051999999999861e+00
4.355000000000000000e+02,-2.397477999999999998e+00
4.356000000000000227e+02,-2.285623999999999878e+00
4.356999999999999886e+02,-2.273835000000000051e+00
4.358000000000000114e+02,-2.262052000000000174e+00
4.358999999999999773e+02,-2.237349000000000032e+00
4.360000000000000000e+02,-2.225677999999999823e+00
4.361000000000000227e+02,-5.002553999999999945e+00
4.361999999999999886e+02,-4.954733000000000054e+00
4.363000000000000114e+02,-4.906221999999999639e+00
4.363999999999999773e+02,-5.383217000000000141e+00
4.365000000000000000e+02,-5.331461000000000006e+00
4.366000000000000227e+02,-5.140681999999999974e+00
4.366999999999999886e+02,-5.091333999999999804e+00
4.368000000000000114e+02,-5.042010999999999576e+00
4.368999999999999773e+02,-4.972838000000000314e+00
4.370000000000000000e+02,-4.923905000000000420e+00
4.371000000000000227e+02,-7.608036000000000243e+00
4.371999999999999886e+02,-7.491077999999999903e+00
4.373000000000000114e+02,-7.372968000000000188e+00
4.373999999999999773e+02,-7.749624999999999986e+00
4.375000000000000000e+02,-7.626795999999999687e+00
4.376000000000000227e+02,-7.363165000000000404e+00
4.376999999999999886e+02,-7.244677000000000255e+00
4.378000000000000114e+02,-7.125890000000000057e+00
4.378999999999999773e+02,-6.986174000000000106e+00
4.380000000000000000e+02,-6.868100000000000094e+00
4.381000000000000227e+02,-8.847407999999999717e+00
4.381999999999999886e+02,-8.640866000000000824e+00
4.383000000000000114e+02,-8.432883999999999602e+00
4.383999999999999773e+02,-8.594350999999999630e+00
4.385000000000000000e+02,-8.380985000000000795e+00
4.386000000000000227e+02,-8.057539999999999480e+00
4.386999999999999886e+02,-7.849677999999999933e+00
4.388000000000000114e+02,-7.641833000000000098e+00
4.388999999999999773e+02,-7.414640999999999593e+00
4.390000000000000000e+02,-7.207872000000000057e+00
4.391000000000000227e+02,-7.730696000000000012e+00
4.391999999999999886e+02,-7.475520999999999638e+00
4.393000000000000114e+02,-7.219603000000000215e+00
4.393999999999999773e+02,-7.088117999999999697e+00
4.395000000000000000e+02,-6.829589999999999606e+00
4.396000000000000227e+02,-6.532746999999999638e+00
4.396999999999999886e+02,-6.277102000000000182e+00
4.398000000000000114e+02,-6.021444999999999936e+00
4.398999999999999773e+02,-5.758586000000000205e+00
4.400000000000000000e+02,-5.503524999999999778e+00
4.401000000000000227e+02,-5.149563999999999808e+00
4.401999999999999886e+02,-4.903754000000000168e+00
4.403000000000000114e+02,-4.658068000000000097e+00
4.403999999999999773e+02,-4.383722999999999814e+00
4.405000000000000000e+02,-4.141068999999999889e+00
4.406000000000000227e+02,-3.911029000000000089e+00
4.406999999999999886e+02,-3.667145999999999795e+00
4.408000000000000114e+02,-3.423324000000000034e+00
4.408999999999999773e+02,-3.186888999999999861e+00
4.410000000000000000e+02,-2.942083999999999921e+00
4.411000000000000227e+02,-2.020166999999999824e+00
4.411999999999999886e+02,-1.877591000000000010e+00
4.413000000000000114e+02,-1.735054000000000096e+00
4.413999999999999773e+02,-1.403917000000000082e+00
4.415000000000000000e+02,-1.288343000000000016e+00
4.416000000000000227e+02,-3.371839999999999837e-01
4.416999999999999886e+02,-2.843600000000000017e-01
4.418000000000000114e+02,-2.323429999999999940e-01
4.418999999999999773e+02,2.910639999999999894e-01
4.420000000000000000e+02,2.910639999999999894e-01
4.421000000000000227e+02,2.910639999999999894e-01
4.421999999999999886e+02,2.910639999999999894e-01
4.423000000000000114e+02,2.910639999999999894e-01
4.423999999999999773e+02,2.910639999999999894e-01
4.425000000000000000e+02,2.910639999999999894e-01
4.426000000000000227e+02,2.910639999999999894e-01
4.426999999999999886e+02,2.910639999999999894e-01
4.428000000000000114e+02,2.910639999999999894e-01
4.428999999999999773e+02,2.910659999999999914e-01
4.430000000000000000e+02,2.911480000000000179e-01
4.431000000000000227e+02,2.912540000000000129e-01
4.431999999999999886e+02,2.912879999999999914e-01
4.433000000000000114e+02,2.913160000000000194e-01
4.433999999999999773e+02,2.913240000000000274e-01
4.435000000000000000e+02,2.913080000000000114e-01
4.436000000000000227e+02,2.912690000000000001e-01
4.436999999999999886e+02,2.912139999999999729e-01
4.438000000000000114e+02,2.911500000000000199e-01
4.438999999999999773e+02,2.910829999999999806e-01
4.440000000000000000e+02,2.910670000000000202e-01
4.441000000000000227e+02,2.910679999999999934e-01
4.441999999999999886e+02,2.910690000000000222e-01
4.443000000000000114e+02,2.910699999999999954e-01
4.443999999999999773e+02,2.910710000000000242e-01
4.445000000000000000e+02,2.910719999999999974e-01
4.446000000000000227e+02,2.910730000000000262e-01
4.446999999999999886e+02,2.910730000000000262e-01
4.448000000000000114e+02,2.910730000000000262e-01
4.448999999999999773e+02,2.910739999999999994e-01
4.450000000000000000e+02,2.910739999999999994e-01
4.451000000000000227e+02,2.910739999999999994e-01
4.451999999999999886e+02,2.910739999999999994e-01
4.453000000000000114e+02,2.910730000000000262e-01
4.453999999999999773e+02,2.910730000000000262e-01
4.455000000000000000e+02,2.910730000000000262e-01
4.456000000000000227e+02,2.910719999999999974e-01
4.456999999999999886e+02,2.910719999999999974e-01
4.458000000000000114e+02,2.910719999999999974e-01
4.458999999999999773e+02,2.910710000000000242e-01
4.460000000000000000e+02,2.910710000000000242e-01
4.461000000000000227e+02,2.910699999999999954e-01
4.461999999999999886e+02,2.910690000000000222e-01
4.463000000000000114e+02,2.910690000000000222e-01
4.463999999999999773e+02,2.910679999999999934e-01
4.465000000000000000e+02,2.910679999999999934e-01
4.466000000000000227e+02,2.910670000000000202e-01
4.466999999999999886e+02,2.910670000000000202e-01
4.468000000000000114e+02,2.910659999999999914e-01
4.468999999999999773e+02,2.910659999999999914e-01
4.470000000000000000e+02,2.910650000000000182e-01
4.471000000000000227e+02,2.910650000000000182e-01
4.471999999999999886e+02,2.910650000000000182e-01
4.473000000000000114e+02,2.910639999999999894e-01
4.473999999999999773e+02,2.910639999999999894e-01
4.475000000000000000e+02,2.910639999999999894e-01
4.476000000000000227e+02,2.910639999999999894e-01
4.476999999999999886e+02,2.910639999999999894e-01
4.478000000000000114e+02,2.910650000000000182e-01
4.478999999999999773e+02,2.910650000000000182e-01
4.480000000000000000e+02,2.910650000000000182e-01
4.481000000000000227e+02,2.910650000000000182e-01
4.481999999999999886e+02,2.910650000000000182e-01
4.483000000000000114e+02,2.910650000000000182e-01
4.483999999999999773e+02,2.910650000000000182e-01
4.485000000000000000e+02,2.910650000000000182e-01
4.486000000000000227e+02,2.910650000000000182e-01
4.486999999999999886e+02,2.910650000000000182e-01
4.488000000000000114e+02,2.910650000000000182e-01
4.488999999999999773e+02,2.910650000000000182e-01
4.490000000000000000e+02,2.910650000000000182e-01
4.491000000000000227e+02,2.910650000000000182e-01
4.491999999999999886e+02,2.910650000000000182e-01
4.493000000000000114e+02,2.910650000000000182e-01
4.493999999999999773e+02,2.910650000000000182e-01
4.495000000000000000e+02,2.910650000000000182e-01
4.496000000000000227e+02,2.910650000000000182e-01
4.496999999999999886e+02,2.910650000000000182e-01
4.498000000000000114e+02,2.910650000000000182e-01
4.498999999999999773e+02,2.910650000000000182e-01
4.500000000000000000e+02,2.910650000000000182e-01
4.501000000000000227e+02,2.910650000000000182e-01
4.501999999999999886e+02,2.910639999999999894e-01
4.503000000000000114e+02,2.910639999999999894e-01
4.503999999999999773e+02,2.910639999999999894e-01
4.505000000000000000e+02,2.910639999999999894e-01
4.506000000000000227e+02,2.910639999999999894e-01
4.506999999999999886e+02,2.910639999999999894e-01
4.508000000000000114e+02,2.910639999999999894e-01
4.508999999999999773e+02,2.910639999999999894e-01
4.510000000000000000e+02,2.910639999999999894e-01
4.511000000000000227e+02,2.910639999999999894e-01
4.511999999999999886e+02,2.910639999999999894e-01
4.513000000000000114e+02,2.910639999999999894e-01
4.513999999999999773e+02,2.910639999999999894e-01
4.515000000000000000e+02,2.910639999999999894e-01
4.516000000000000227e+02,2.910639999999999894e-01
4.516999999999999886e+02,2.910639999999999894e-01
4.518000000000000114e+02,2.910639999999999894e-01
4.518999999999999773e+02,2.910639999999999894e-01
4.520000000000000000e+02,2.910639999999999894e-01
4.521000000000000227e+02,2.910639999999999894e-01
4.521999999999999886e+02,2.910639999999999894e-01
4.523000000000000114e+02,2.910639999999999894e-01
4.523999999999999773e+02,2.910639999999999894e-01
4.525000000000000000e+02,2.910639999999999894e-01
4.526000000000000227e+02,2.910639999999999894e-01
4.526999999999999886e+02,2.910639999999999894e-01
4.528000000000000114e+02,2.910639999999999894e-01
4.528999999999999773e+02,2.910639999999999894e-01
4.530000000000000000e+02,2.910639999999999894e-01
4.531000000000000227e+02,2.910639999999999894e-01
4.531999999999999886e+02,2.910639999999999894e-01
4.533000000000000114e+02,2.910639999999999894e-01
4.533999999999999773e+02,2.910639999999999894e-01
4.535000000000000000e+02,2.910639999999999894e-01
4.536000000000000227e+02,2.910639999999999894e-01
4.536999999999999886e+02,2.910639999999999894e-01
4.538000000000000114e+02,2.910639999999999894e-01
4.538999999999999773e+02,2.910639999999999894e-01
4.540000000000000000e+02,2.910639999999999894e-01
4.541000000000000227e+02,2.910639999999999894e-01
4.541999999999999886e+02,2.910639999999999894e-01
4.543000000000000114e+02,2.910639999999999894e-01
4.543999999999999773e+02,2.910639999999999894e-01
4.545000000000000000e+02,2.910639999999999894e-01
4.546000000000000227e+02,2.910639999999999894e-01
4.546999999999999886e+02,2.910639999999999894e-01
4.548000000000000114e+02,2.910639999999999894e-01
4.548999999999999773e+02,2.910639999999999894e-01
4.550000000000000000e+02,2.910639999999999894e-01
4.551000000000000227e+02,2.910639999999999894e-01
4.551999999999999886e+02,2.910639999999999894e-01
4.553000000000000114e+02,2.910639999999999894e-01
4.553999999999999773e+02,2.910639999999999894e-01
4.555000000000000000e+02,2.910639999999999894e-01
4.556000000000000227e+02,2.910639999999999894e-01
4.556999999999999886e+02,2.910639999999999894e-01
4.558000000000000114e+02,2.910639999999999894e-01
4.558999999999999773e+02,2.910639999999999894e-01
4.560000000000000000e+02,2.910639999999999894e-01
4.561000000000000227e+02,2.910639999999999894e-01
4.561999999999999886e+02,2.910639999999999894e-01
4.563000000000000114e+02,2.910639999999999894e-01
4.563999999999999773e+02,2.910639999999999894e-01
4.565000000000000000e+02,2.910639999999999894e-01
4.566000000000000227e+02,2.910639999999999894e-01
4.566999999999999886e+02,2.910639999999999894e-01
4.568000000000000114e+02,2.910639999999999894e-01
4.568999999999999773e+02,2.910639999999999894e-01
4.570000000000000000e+02,2.910639999999999894e-01
4.571000000000000227e+02,2.910639999999999894e-01
4.571999999999999886e+02,2.910639999999999894e-01
4.573000000000000114e+02,2.910639999999999894e-01
4.573999999999999773e+02,2.910639999999999894e-01
4.575000000000000000e+02,2.910639999999999894e-01
4.576000000000000227e+02,2.910639999999999894e-01
4.576999999999999886e+02,2.910639999999999894e-01
4.578000000000000114e+02,2.910639999999999894e-01
4.578999999999999773e+02,2.910639999999999894e-01
4.580000000000000000e+02,2.910639999999999894e-01
4.581000000000000227e+02,2.910639999999999894e-01
4.581999999999999886e+02,2.910639999999999894e-01
4.583000000000000114e+02,2.910639999999999894e-01
4.583999999999999773e+02,2.910639999999999894e-01
4.585000000000000000e+02,2.910639999999999894e-01
4.586000000000000227e+02,2.910639999999999894e-01
4.586999999999999886e+02,2.910639999999999894e-01
4.588000000000000114e+02,2.910639999999999894e-01
4.588999999999999773e+02,2.910639999999999894e-01
4.590000000000000000e+02,2.910639999999999894e-01
4.591000000000000227e+02,2.910639999999999894e-01
4.591999999999999886e+02,2.910639999999999894e-01
4.593000000000000114e+02,2.910639999999999894e-01
4.593999999999999773e+02,2.910639999999999894e-01
4.595000000000000000e+02,2.910639999999999894e-01
4.596000000000000227e+02,2.910639999999999894e-01
4.596999999999999886e+02,2.910639999999999894e-01
4.598000000000000114e+02,2.910639999999999894e-01
4.598999999999999773e+02,2.910639999999999894e-01
4.600000000000000000e+02,2.910639999999999894e-01
4.601000000000000227e+02,2.910639999999999894e-01
4.601999999999999886e+02,2.910639999999999894e-01
4.603000000000000114e+02,2.910639999999999894e-01
4.603999999999999773e+02,2.910639999999999894e-01
4.605000000000000000e+02,2.910639999999999894e-01
4.606000000000000227e+02,2.910639999999999894e-01
4.606999999999999886e+02,2.910639999999999894e-01
4.608000000000000114e+02,2.910639999999999894e-01
4.608999999999999773e+02,2.910639999999999894e-01
4.610000000000000000e+02,2.910639999999999894e-01
4.611000000000000227e+02,2.910639999999999894e-01
4.611999999999999886e+02,2.910639999999999894e-01
4.613000000000000114e+02,2.910639999999999894e-01
4.613999999999999773e+02,2.910639999999999894e-01
4.615000000000000000e+02,2.910639999999999894e-01
4.616000000000000227e+02,2.910639999999999894e-01
4.616999999999999886e+02,2.910639999999999894e-01
4.618000000000000114e+02,2.910639999999999894e-01
4.618999999999999773e+02,2.910639999999999894e-01
4.620000000000000000e+02,2.910639999999999894e-01
4.621000000000000227e+02,2.910639999999999894e-01
4.621999999999999886e+02,2.910639999999999894e-01
4.623000000000000114e+02,2.910639999999999894e-01
4.623999999999999773e+02,2.910639999999999894e-01
4.625000000000000000e+02,2.910639999999999894e-01
4.626000000000000227e+02,2.910639999999999894e-01
4.626999999999999886e+02,2.910639999999999894e-01
4.628000000000000114e+02,2.910639999999999894e-01
4.628999999999999773e+02,2.910639999999999894e-01
4.630000000000000000e+02,2.910639999999999894e-01
4.631000000000000227e+02,2.910639999999999894e-01
4.631999999999999886e+02,2.910639999999999894e-01
4.633000000000000114e+02,2.910639999999999894e-01
4.633999999999999773e+02,2.910639999999999894e-01
4.635000000000000000e+02,2.910639999999999894e-01
4.636000000000000227e+02,2.910639999999999894e-01
4.636999999999999886e+02,2.910639999999999894e-01
4.638000000000000114e+02,2.910639999999999894e-01
4.638999999999999773e+02,2.910639999999999894e-01
4.640000000000000000e+02,2.910639999999999894e-01
4.641000000000000227e+02,2.910639999999999894e-01
4.641999999999999886e+02,2.910639999999999894e-01
4.643000000000000114e+02,2.910639999999999894e-01
4.643999999999999773e+02,2.910639999999999894e-01
4.645000000000000000e+02,2.910639999999999894e-01
4.646000000000000227e+02,2.910639999999999894e-01
4.646999999999999886e+02,2.910639999999999894e-01
4.648000000000000114e+02,2.910639999999999894e-01
4.648999999999999773e+02,2.910639999999999894e-01
4.650000000000000000e+02,2.910639999999999894e-01
4.651000000000000227e+02,2.910639999999999894e-01
4.651999999999999886e+02,2.910639999999999894e-01
4.653000000000000114e+02,2.910639999999999894e-01
4.653999999999999773e+02,2.910639999999999894e-01
4.655000000000000000e+02,2.910639999999999894e-01
4.656000000000000227e+02,2.910639999999999894e-01
4.656999999999999886e+02,2.910639999999999894e-01
4.658000000000000114e+02,2.910639999999999894e-01
4.658999999999999773e+02,2.910639999999999894e-01
4.660000000000000000e+02,2.910639999999999894e-01
4.661000000000000227e+02,2.910639999999999894e-01
4.661999999999999886e+02,2.910639999999999894e-01
4.663000000000000114e+02,2.910639999999999894e-01
4.663999999999999773e+02,2.910639999999999894e-01
4.665000000000000000e+02,2.910639999999999894e-01
4.666000000000000227e+02,2.910639999999999894e-01
4.666999999999999886e+02,2.910639999999999894e-01
4.668000000000000114e+02,2.910639999999999894e-01
4.668999999999999773e+02,2.910639999999999894e-01
4.670000000000000000e+02,2.910639999999999894e-01
4.671000000000000227e+02,2.910639999999999894e-01
4.671999999999999886e+02,2.910639999999999894e-01
4.673000000000000114e+02,2.910639999999999894e-01
4.673999999999999773e+02,2.910639999999999894e-01
4.675000000000000000e+02,2.910639999999999894e-01
4.676000000000000227e+02,2.910639999999999894e-01
4.676999999999999886e+02,2.910639999999999894e-01
4.678000000000000114e+02,2.910639999999999894e-01
4.678999999999999773e+02,2.910639999999999894e-01
4.680000000000000000e+02,2.910639999999999894e-01
4.681000000000000227e+02,2.910639999999999894e-01
4.681999999999999886e+02,2.910639999999999894e-01
4.683000000000000114e+02,2.910639999999999894e-01
4.683999999999999773e+02,2.910639999999999894e-01
4.685000000000000000e+02,2.910639999999999894e-01
4.686000000000000227e+02,2.910639999999999894e-01
4.686999999999999886e+02,2.910639999999999894e-01
4.688000000000000114e+02,2.910639999999999894e-01
4.688999999999999773e+02,2.910639999999999894e-01
4.690000000000000000e+02,2.910639999999999894e-01
4.691000000000000227e+02,2.910639999999999894e-01
4.691999999999999886e+02,2.910639999999999894e-01
4.693000000000000114e+02,2.910639999999999894e-01
4.693999999999999773e+02,2.910639999999999894e-01
4.695000000000000000e+02,2.910639999999999894e-01
4.696000000000000227e+02,2.910639999999999894e-01
4.696999999999999886e+02,2.910639999999999894e-01
4.698000000000000114e+02,2.910639999999999894e-01
4.698999999999999773e+02,2.910639999999999894e-01
4.700000000000000000e+02,2.910639999999999894e-01
4.701000000000000227e+02,2.910639999999999894e-01
4.701999999999999886e+02,2.910639999999999894e-01
4.703000000000000114e+02,2.910639999999999894e-01
4.703999999999999773e+02,2.910639999999999894e-01
4.705000000000000000e+02,2.910639999999999894e-01
4.706000000000000227e+02,2.910639999999999894e-01
4.706999999999999886e+02,2.910639999999999894e-01
4.708000000000000114e+02,2.910639999999999894e-01
4.708999999999999773e+02,2.910639999999999894e-01
4.710000000000000000e+02,2.910639999999999894e-01
4.711000000000000227e+02,2.910639999999999894e-01
4.711999999999999886e+02,2.910639999999999894e-01
4.713000000000000114e+02,2.910639999999999894e-01
4.713999999999999773e+02,2.910639999999999894e-01
4.715000000000000000e+02,2.910639999999999894e-01
4.716000000000000227e+02,2.910639999999999894e-01
4.716999999999999886e+02,2.910639999999999894e-01
4.718000000000000114e+02,2.910639999999999894e-01
4.718999999999999773e+02,2.910639999999999894e-01
4.720000000000000000e+02,2.910639999999999894e-01
4.721000000000000227e+02,2.910639999999999894e-01
4.721999999999999886e+02,2.910639999999999894e-01
4.723000000000000114e+02,2.910639999999999894e-01
4.723999999999999773e+02,2.910639999999999894e-01
4.725000000000000000e+02,2.910639999999999894e-01
4.726000000000000227e+02,2.910639999999999894e-01
4.726999999999999886e+02,2.910639999999999894e-01
4.728000000000000114e+02,2.910639999999999894e-01
4.728999999999999773e+02,2.910639999999999894e-01
4.730000000000000000e+02,2.910639999999999894e-01
4.731000000000000227e+02,2.910639999999999894e-01
4.731999999999999886e+02,2.910639999999999894e-01
4.733000000000000114e+02,2.910639999999999894e-01
4.733999999999999773e+02,2.910639999999999894e-01
4.735000000000000000e+02,2.910639999999999894e-01
4.736000000000000227e+02,2.910639999999999894e-01
4.736999999999999886e+02,2.910639999999999894e-01
4.738000000000000114e+02,2.910639999999999894e-01
4.738999999999999773e+02,2.910639999999999894e-01
4.740000000000000000e+02,2.910639999999999894e-01
4.741000000000000227e+02,2.910639999999999894e-01
4.741999999999999886e+02,2.910639999999999894e-01
4.743000000000000114e+02,2.910639999999999894e-01
4.743999999999999773e+02,2.910639999999999894e-01
4.745000000000000000e+02,2.910639999999999894e-01
4.746000000000000227e+02,2.910639999999999894e-01
4.746999999999999886e+02,2.910639999999999894e-01
4.748000000000000114e+02,2.910639999999999894e-01
4.748999999999999773e+02,2.910639999999999894e-01
4.750000000000000000e+02,2.910639999999999894e-01
4.751000000000000227e+02,2.910639999999999894e-01
4.751999999999999886e+02,2.910639999999999894e-01
4.753000000000000114e+02,2.910639999999999894e-01
4.753999999999999773e+02,2.910639999999999894e-01
4.755000000000000000e+02,2.910639999999999894e-01
4.756000000000000227e+02,2.910639999999999894e-01
4.756999999999999886e+02,2.910639999999999894e-01
4.758000000000000114e+02,2.910639999999999894e-01
4.758999999999999773e+02,2.910639999999999894e-01
4.760000000000000000e+02,2.910639999999999894e-01
4.761000000000000227e+02,2.910639999999999894e-01
4.761999999999999886e+02,2.910639999999999894e-01
4.763000000000000114e+02,2.910639999999999894e-01
4.763999999999999773e+02,2.910639999999999894e-01
4.765000000000000000e+02,2.910639999999999894e-01
4.766000000000000227e+02,2.910639999999999894e-01
4.766999999999999886e+02,2.910639999999999894e-01
4.768000000000000114e+02,2.910639999999999894e-01
4.768999999999999773e+02,2.910639999999999894e-01
4.770000000000000000e+02,2.910639999999999894e-01
4.771000000000000227e+02,2.910639999999999894e-01
4.771999999999999886e+02,2.910639999999999894e-01
4.773000000000000114e+02,2.910639999999999894e-01
4.773999999999999773e+02,2.910639999999999894e-01
4.775000000000000000e+02,2.910639999999999894e-01
4.776000000000000227e+02,2.910639999999999894e-01
4.776999999999999886e+02,2.910639999999999894e-01
4.778000000000000114e+02,2.910639999999999894e-01
4.778999999999999773e+02,2.910639999999999894e-01
4.780000000000000000e+02,2.910639999999999894e-01
4.781000000000000227e+02,2.910639999999999894e-01
4.781999999999999886e+02,2.910639999999999894e-01
4.783000000000000114e+02,2.910639999999999894e-01
4.783999999999999773e+02,2.910639999999999894e-01
4.785000000000000000e+02,2.910639999999999894e-01
4.786000000000000227e+02,2.910639999999999894e-01
4.786999999999999886e+02,2.910639999999999894e-01
4.788000000000000114e+02,2.910639999999999894e-01
4.788999999999999773e+02,2.910639999999999894e-01
4.790000000000000000e+02,2.910639999999999894e-01
4.791000000000000227e+02,2.910639999999999894e-01
4.791999999999999886e+02,2.910639999999999894e-01
4.793000000000000114e+02,2.910639999999999894e-01
4.793999999999999773e+02,2.910639999999999894e-01
4.795000000000000000e+02,2.910639999999999894e-01
4.796000000000000227e+02,2.910639999999999894e-01
4.796999999999999886e+02,2.910639999999999894e-01
4.798000000000000114e+02,2.910639999999999894e-01
4.798999999999999773e+02,2.910639999999999894e-01
4.800000000000000000e+02,2.910639999999999894e-01
4.801000000000000227e+02,2.910639999999999894e-01
4.801999999999999886e+02,2.910639999999999894e-01
4.803000000000000114e+02,2.910639999999999894e-01
4.803999999999999773e+02,2.910639999999999894e-01
4.805000000000000000e+02,2.910639999999999894e-01
4.806000000000000227e+02,2.910639999999999894e-01
4.806999999999999886e+02,2.910639999999999894e-01
4.808000000000000114e+02,2.910639999999999894e-01
4.808999999999999773e+02,2.910639999999999894e-01
4.810000000000000000e+02,2.910639999999999894e-01
4.811000000000000227e+02,2.910639999999999894e-01
4.811999999999999886e+02,2.910639999999999894e-01
4.813000000000000114e+02,2.910639999999999894e-01
4.813999999999999773e+02,2.910639999999999894e-01
4.815000000000000000e+02,2.910639999999999894e-01
4.816000000000000227e+02,2.910639999999999894e-01
4.816999999999999886e+02,2.910639999999999894e-01
4.818000000000000114e+02,2.910639999999999894e-01
4.818999999999999773e+02,2.910639999999999894e-01
4.820000000000000000e+02,2.910639999999999894e-01
4.821000000000000227e+02,2.910639999999999894e-01
4.821999999999999886e+02,2.910639999999999894e-01
4.823000000000000114e+02,2.910639999999999894e-01
4.823999999999999773e+02,2.910639999999999894e-01
4.825000000000000000e+02,2.910639999999999894e-01
4.826000000000000227e+02,2.910639999999999894e-01
4.826999999999999886e+02,2.910639999999999894e-01
4.828000000000000114e+02,2.910639999999999894e-01
4.828999999999999773e+02,2.910639999999999894e-01
4.830000000000000000e+02,2.910639999999999894e-01
4.831000000000000227e+02,2.910639999999999894e-01
4.831999999999999886e+02,2.910639999999999894e-01
4.833000000000000114e+02,2.910639999999999894e-01
4.833999999999999773e+02,2.910639999999999894e-01
4.835000000000000000e+02,2.910639999999999894e-01
4.836000000000000227e+02,2.910639999999999894e-01
4.836999999999999886e+02,2.910639999999999894e-01
4.838000000000000114e+02,2.910639999999999894e-01
4.838999999999999773e+02,2.910639999999999894e-01
4.840000000000000000e+02,2.910639999999999894e-01
4.841000000000000227e+02,2.910639999999999894e-01
4.841999999999999886e+02,2.910639999999999894e-01
4.843000000000000114e+02,2.910639999999999894e-01
4.843999999999999773e+02,2.910639999999999894e-01
4.845000000000000000e+02,2.910639999999999894e-01
4.846000000000000227e+02,2.910639999999999894e-01
4.846999999999999886e+02,2.910639999999999894e-01
4.848000000000000114e+02,2.910639999999999894e-01
4.848999999999999773e+02,2.910639999999999894e-01
4.850000000000000000e+02,2.910639999999999894e-01
4.851000000000000227e+02,2.910639999999999894e-01
4.851999999999999886e+02,2.910639999999999894e-01
4.853000000000000114e+02,2.910639999999999894e-01
4.853999999999999773e+02,2.910639999999999894e-01
4.855000000000000000e+02,2.910639999999999894e-01
4.856000000000000227e+02,2.910639999999999894e-01
4.856999999999999886e+02,2.910639999999999894e-01
4.858000000000000114e+02,2.910639999999999894e-01
4.858999999999999773e+02,2.910639999999999894e-01
4.860000000000000000e+02,2.910639999999999894e-01
4.861000000000000227e+02,2.910639999999999894e-01
4.861999999999999886e+02,2.910639999999999894e-01
4.863000000000000114e+02,2.910639999999999894e-01
4.863999999999999773e+02,2.910639999999999894e-01
4.865000000000000000e+02,2.910639999999999894e-01
4.866000000000000227e+02,2.910639999999999894e-01
4.866999999999999886e+02,2.910639999999999894e-01
4.868000000000000114e+02,2.910639999999999894e-01
4.868999999999999773e+02,2.910639999999999894e-01
4.870000000000000000e+02,2.910639999999999894e-01
4.871000000000000227e+02,2.910639999999999894e-01
4.871999999999999886e+02,2.910639999999999894e-01
4.873000000000000114e+02,2.910639999999999894e-01
4.873999999999999773e+02,2.910639999999999894e-01
4.875000000000000000e+02,2.910639999999999894e-01
4.876000000000000227e+02,2.910639999999999894e-01
4.876999999999999886e+02,2.910639999999999894e-01
4.878000000000000114e+02,2.910639999999999894e-01
4.878999999999999773e+02,2.910639999999999894e-01
4.880000000000000000e+02,2.910639999999999894e-01
4.881000000000000227e+02,2.910639999999999894e-01
4.881999999999999886e+02,2.910639999999999894e-01
4.883000000000000114e+02,2.910639999999999894e-01
4.883999999999999773e+02,2.910639999999999894e-01
4.885000000000000000e+02,2.910639999999999894e-01
4.886000000000000227e+02,2.910639999999999894e-01
4.886999999999999886e+02,2.910639999999999894e-01
4.888000000000000114e+02,2.910639999999999894e-01
4.888999999999999773e+02,2.910639999999999894e-01
4.890000000000000000e+02,2.910639999999999894e-01
4.891000000000000227e+02,2.910639999999999894e-01
4.891999999999999886e+02,2.910639999999999894e-01
4.893000000000000114e+02,2.910639999999999894e-01
4.893999999999999773e+02,2.910639999999999894e-01
4.895000000000000000e+02,2.910639999999999894e-01
4.896000000000000227e+02,2.910639999999999894e-01
4.896999999999999886e+02,2.910639999999999894e-01
4.898000000000000114e+02,2.910639999999999894e-01
4.898999999999999773e+02,2.910639999999999894e-01
4.900000000000000000e+02,2.910639999999999894e-01
4.901000000000000227e+02,2.910639999999999894e-01
4.901999999999999886e+02,2.910639999999999894e-01
4.903000000000000114e+02,2.910639999999999894e-01
4.903999999999999773e+02,2.910639999999999894e-01
4.905000000000000000e+02,2.910639999999999894e-01
4.906000000000000227e+02,2.910639999999999894e-01
4.906999999999999886e+02,2.910639999999999894e-01
4.908000000000000114e+02,2.910639999999999894e-01
4.908999999999999773e+02,2.910639999999999894e-01
4.910000000000000000e+02,2.910639999999999894e-01
4.911000000000000227e+02,2.910639999999999894e-01
4.911999999999999886e+02,2.910639999999999894e-01
4.913000000000000114e+02,2.910639999999999894e-01
4.913999999999999773e+02,2.910639999999999894e-01
4.915000000000000000e+02,2.910639999999999894e-01
4.916000000000000227e+02,2.910639999999999894e-01
4.916999999999999886e+02,2.910639999999999894e-01
4.918000000000000114e+02,2.910639999999999894e-01
4.918999999999999773e+02,2.910639999999999894e-01
4.920000000000000000e+02,2.910639999999999894e-01
4.921000000000000227e+02,2.910639999999999894e-01
4.921999999999999886e+02,2.910639999999999894e-01
4.923000000000000114e+02,2.910639999999999894e-01
4.923999999999999773e+02,2.910639999999999894e-01
4.925000000000000000e+02,2.910639999999999894e-01
4.926000000000000227e+02,2.910639999999999894e-01
4.926999999999999886e+02,2.910639999999999894e-01
4.928000000000000114e+02,2.910639999999999894e-01
4.928999999999999773e+02,2.910639999999999894e-01
4.930000000000000000e+02,2.910639999999999894e-01
4.931000000000000227e+02,2.910639999999999894e-01
4.931999999999999886e+02,2.910639999999999894e-01
4.933000000000000114e+02,2.910639999999999894e-01
4.933999999999999773e+02,2.910639999999999894e-01
4.935000000000000000e+02,2.910639999999999894e-01
4.936000000000000227e+02,2.910639999999999894e-01
4.936999999999999886e+02,2.910639999999999894e-01
4.938000000000000114e+02,2.910639999999999894e-01
4.938999999999999773e+02,2.910639999999999894e-01
4.940000000000000000e+02,2.910639999999999894e-01
4.941000000000000227e+02,2.910639999999999894e-01
4.941999999999999886e+02,2.910639999999999894e-01
4.943000000000000114e+02,2.910639999999999894e-01
4.943999999999999773e+02,2.910639999999999894e-01
4.945000000000000000e+02,2.910639999999999894e-01
4.946000000000000227e+02,2.910639999999999894e-01
4.946999999999999886e+02,2.910639999999999894e-01
4.948000000000000114e+02,2.910639999999999894e-01
4.948999999999999773e+02,2.910639999999999894e-01
4.950000000000000000e+02,2.910639999999999894e-01
4.951000000000000227e+02,2.910639999999999894e-01
4.951999999999999886e+02,2.910639999999999894e-01
4.953000000000000114e+02,2.910639999999999894e-01
4.953999999999999773e+02,2.910639999999999894e-01
4.955000000000000000e+02,2.910639999999999894e-01
4.956000000000000227e+02,2.910639999999999894e-01
4.956999999999999886e+02,2.910639999999999894e-01
4.958000000000000114e+02,2.910639999999999894e-01
4.958999999999999773e+02,2.910639999999999894e-01
4.960000000000000000e+02,2.910639999999999894e-01
4.961000000000000227e+02,2.910639999999999894e-01
4.961999999999999886e+02,2.910639999999999894e-01
4.963000000000000114e+02,2.910639999999999894e-01
4.963999999999999773e+02,2.910639999999999894e-01
4.965000000000000000e+02,2.910639999999999894e-01
4.966000000000000227e+02,2.910639999999999894e-01
4.966999999999999886e+02,2.910639999999999894e-01
4.968000000000000114e+02,2.910639999999999894e-01
4.968999999999999773e+02,2.910639999999999894e-01
4.970000000000000000e+02,2.910639999999999894e-01
4.971000000000000227e+02,2.910639999999999894e-01
4.971999999999999886e+02,2.910639999999999894e-01
4.973000000000000114e+02,2.910639999999999894e-01
4.973999999999999773e+02,2.910639999999999894e-01
4.975000000000000000e+02,2.910639999999999894e-01
4.976000000000000227e+02,2.910639999999999894e-01
4.976999999999999886e+02,2.910639999999999894e-01
4.978000000000000114e+02,2.910639999999999894e-01
4.978999999999999773e+02,2.910639999999999894e-01
4.980000000000000000e+02,2.910639999999999894e-01
4.981000000000000227e+02,2.910639999999999894e-01
4.981999999999999886e+02,2.910639999999999894e-01
4.983000000000000114e+02,2.910639999999999894e-01
4.983999999999999773e+02,2.910639999999999894e-01
4.985000000000000000e+02,2.910639999999999894e-01
4.986000000000000227e+02,2.910639999999999894e-01
4.986999999999999886e+02,2.910639999999999894e-01
4.988000000000000114e+02,2.910639999999999894e-01
4.988999999999999773e+02,2.910639999999999894e-01
4.990000000000000000e+02,2.910639999999999894e-01
4.991000000000000227e+02,2.910639999999999894e-01
4.991999999999999886e+02,2.910639999999999894e-01
4.993000000000000114e+02,2.910639999999999894e-01
4.993999999999999773e+02,2.910639999999999894e-01
4.995000000000000000e+02,2.910639999999999894e-01
4.996000000000000227e+02,2.910639999999999894e-01
4.996999999999999886e+02,2.910639999999999894e-01
4.998000000000000114e+02,2.910639999999999894e-01
4.998999999999999773e+02,2.910639999999999894e-01
5.000000000000000000e+02,2.910639999999999894e-01
5.001000000000000227e+02,2.910639999999999894e-01
5.001999999999999886e+02,2.910639999999999894e-01
5.003000000000000114e+02,2.910639999999999894e-01
5.003999999999999773e+02,2.910639999999999894e-01
5.005000000000000000e+02,2.910639999999999894e-01
5.006000000000000227e+02,2.910639999999999894e-01
5.006999999999999886e+02,2.910639999999999894e-01
5.008000000000000114e+02,2.910639999999999894e-01
5.008999999999999773e+02,2.910639999999999894e-01
5.010000000000000000e+02,2.910639999999999894e-01
5.011000000000000227e+02,2.910639999999999894e-01
5.011999999999999886e+02,2.910639999999999894e-01
5.013000000000000114e+02,2.910639999999999894e-01
5.013999999999999773e+02,2.910639999999999894e-01
5.015000000000000000e+02,2.910639999999999894e-01
5.016000000000000227e+02,2.910639999999999894e-01
5.016999999999999886e+02,2.910639999999999894e-01
5.018000000000000114e+02,2.910639999999999894e-01
5.018999999999999773e+02,2.910639999999999894e-01
5.020000000000000000e+02,2.910639999999999894e-01
5.021000000000000227e+02,2.910639999999999894e-01
5.021999999999999886e+02,2.910639999999999894e-01
5.023000000000000114e+02,2.910639999999999894e-01
5.023999999999999773e+02,2.910639999999999894e-01
5.025000000000000000e+02,2.910639999999999894e-01
5.026000000000000227e+02,2.910639999999999894e-01
5.026999999999999886e+02,2.910639999999999894e-01
5.028000000000000114e+02,2.910639999999999894e-01
5.028999999999999773e+02,2.910639999999999894e-01
5.030000000000000000e+02,2.910639999999999894e-01
5.031000000000000227e+02,2.910639999999999894e-01
5.031999999999999886e+02,2.910639999999999894e-01
5.033000000000000114e+02,2.910639999999999894e-01
5.033999999999999773e+02,2.910639999999999894e-01
5.035000000000000000e+02,2.910639999999999894e-01
5.036000000000000227e+02,2.910639999999999894e-01
5.036999999999999886e+02,2.910639999999999894e-01
5.038000000000000114e+02,2.910639999999999894e-01
5.038999999999999773e+02,2.910639999999999894e-01
5.040000000000000000e+02,2.910639999999999894e-01
5.041000000000000227e+02,2.910639999999999894e-01
5.041999999999999886e+02,2.910639999999999894e-01
5.043000000000000114e+02,2.910639999999999894e-01
5.043999999999999773e+02,2.910639999999999894e-01
5.045000000000000000e+02,2.910639999999999894e-01
5.046000000000000227e+02,2.910639999999999894e-01
5.046999999999999886e+02,2.910639999999999894e-01
5.048000000000000114e+02,2.910639999999999894e-01
5.048999999999999773e+02,2.910639999999999894e-01
5.050000000000000000e+02,2.910639999999999894e-01
5.051000000000000227e+02,2.910639999999999894e-01
5.051999999999999886e+02,2.910639999999999894e-01
5.053000000000000114e+02,2.910639999999999894e-01
5.053999999999999773e+02,2.910639999999999894e-01
5.055000000000000000e+02,2.910639999999999894e-01
5.056000000000000227e+02,2.910639999999999894e-01
5.056999999999999886e+02,2.910639999999999894e-01
5.058000000000000114e+02,2.910639999999999894e-01
5.058999999999999773e+02,2.910639999999999894e-01
5.060000000000000000e+02,2.910639999999999894e-01
5.061000000000000227e+02,2.910639999999999894e-01
5.061999999999999886e+02,2.910639999999999894e-01
5.063000000000000114e+02,2.910639999999999894e-01
5.063999999999999773e+02,2.910639999999999894e-01
5.065000000000000000e+02,2.910639999999999894e-01
5.066000000000000227e+02,2.910639999999999894e-01
5.066999999999999886e+02,2.910639999999999894e-01
5.068000000000000114e+02,2.910639999999999894e-01
5.068999999999999773e+02,2.910639999999999894e-01
5.070000000000000000e+02,2.910639999999999894e-01
5.071000000000000227e+02,2.910639999999999894e-01
5.071999999999999886e+02,2.910639999999999894e-01
5.073000000000000114e+02,2.910639999999999894e-01
5.073999999999999773e+02,2.910639999999999894e-01
5.075000000000000000e+02,2.910639999999999894e-01
5.076000000000000227e+02,2.910639999999999894e-01
5.076999999999999886e+02,2.910639999999999894e-01
5.078000000000000114e+02,2.910639999999999894e-01
5.078999999999999773e+02,2.910639999999999894e-01
5.080000000000000000e+02,2.910639999999999894e-01
5.081000000000000227e+02,2.910639999999999894e-01
5.081999999999999886e+02,2.910639999999999894e-01
5.083000000000000114e+02,2.910639999999999894e-01
5.083999999999999773e+02,2.910639999999999894e-01
5.085000000000000000e+02,2.910639999999999894e-01
5.086000000000000227e+02,2.910639999999999894e-01
5.086999999999999886e+02,2.910639999999999894e-01
5.088000000000000114e+02,2.910639999999999894e-01
5.088999999999999773e+02,2.910639999999999894e-01
5.090000000000000000e+02,2.910639999999999894e-01
5.091000000000000227e+02,2.910639999999999894e-01
5.091999999999999886e+02,2.910639999999999894e-01
5.093000000000000114e+02,2.910639999999999894e-01
5.093999999999999773e+02,2.910639999999999894e-01
5.095000000000000000e+02,2.910639999999999894e-01
5.096000000000000227e+02,2.910639999999999894e-01
5.096999999999999886e+02,2.910639999999999894e-01
5.098000000000000114e+02,2.910639999999999894e-01
5.098999999999999773e+02,2.910639999999999894e-01
5.100000000000000000e+02,2.910639999999999894e-01
5.101000000000000227e+02,2.910789999999999766e-01
5.101999999999999886e+02,2.911279999999999979e-01
5.103000000000000114e+02,2.911770000000000191e-01
5.103999999999999773e+02,3.481609999999999983e-01
5.105000000000000000e+02,4.081859999999999933e-01
5.106000000000000227e+02,4.412559999999999816e-01
5.106999999999999886e+02,4.840720000000000023e-01
5.108000000000000114e+02,5.268859999999999655e-01
5.108999999999999773e+02,4.793390000000000151e-01
5.110000000000000000e+02,4.992659999999999876e-01
5.111000000000000227e+02,6.487319999999999753e-01
5.111999999999999886e+02,6.997790000000000399e-01
5.113000000000000114e+02,7.508219999999999894e-01
5.113999999999999773e+02,1.177683000000000035e+00
5.115000000000000000e+02,1.319347000000000047e+00
5.116000000000000227e+02,9.663000000000000478e-01
5.116999999999999886e+02,1.013592999999999966e+00
5.118000000000000114e+02,1.060878999999999905e+00
5.118999999999999773e+02,6.084530000000000216e-01
5.120000000000000000e+02,6.139369999999999550e-01
5.121000000000000227e+02,1.909659999999999913e+00
5.122000000000000455e+02,2.070539999999999825e+00
5.122999999999999545e+02,2.231392000000000042e+00
5.123999999999999773e+02,3.268254999999999910e+00
5.125000000000000000e+02,3.572805999999999926e+00
5.126000000000000227e+02,2.779983999999999789e+00
5.127000000000000455e+02,2.929867000000000221e+00
5.127999999999999545e+02,3.079371000000000080e+00
5.128999999999999773e+02,2.741198999999999941e+00
5.130000000000000000e+02,2.846178999999999792e+00
5.131000000000000227e+02,5.730602000000000196e+00
5.132000000000000455e+02,6.154270999999999603e+00
5.132999999999999545e+02,6.577830999999999761e+00
5.133999999999999773e+02,8.406247999999999720e+00
5.135000000000000000e+02,9.008404999999999774e+00
5.136000000000000227e+02,7.466610000000000191e+00
5.137000000000000455e+02,7.829278000000000404e+00
5.137999999999999545e+02,8.191878000000000881e+00
5.138999999999999773e+02,6.045119999999999827e+00
5.140000000000000000e+02,6.223601000000000383e+00
5.141000000000000227e+02,6.880573000000000050e+00
5.142000000000000455e+02,7.088263999999999676e+00
5.142999999999999545e+02,7.295948000000000100e+00
5.143999999999999773e+02,7.050059000000000076e+00
5.145000000000000000e+02,7.232554999999999623e+00
5.146000000000000227e+02,5.941953999999999958e+00
5.147000000000000455e+02,6.055813999999999808e+00
5.147999999999999545e+02,6.169665000000000177e+00
5.148999999999999773e+02,6.601202999999999932e+00
5.150000000000000000e+02,6.727611999999999703e+00
5.151000000000000227e+02,7.541154999999999831e+00
5.152000000000000455e+02,7.696063999999999794e+00
5.152999999999999545e+02,7.850965000000000416e+00
5.153999999999999773e+02,8.689600000000000435e+00
5.155000000000000000e+02,8.873421000000000447e+00
5.156000000000000227e+02,9.820797000000000665e+00
5.157000000000000455e+02,1.003860500000000044e+01
5.157999999999999545e+02,1.025638400000000061e+01
5.158999999999999773e+02,1.099750900000000087e+01
5.160000000000000000e+02,1.123826299999999989e+01
5.161000000000000227e+02,6.906329000000000384e+00
5.162000000000000455e+02,6.987729999999999997e+00
5.162999999999999545e+02,7.069116000000000177e+00
5.163999999999999773e+02,5.647387000000000157e+00
5.165000000000000000e+02,5.695439000000000362e+00
5.166000000000000227e+02,7.294811000000000156e+00
5.167000000000000455e+02,7.376934000000000324e+00
5.167999999999999545e+02,7.459039999999999893e+00
5.168999999999999773e+02,8.661106999999999445e+00
5.170000000000000000e+02,8.771836999999999662e+00
5.171000000000000227e+02,-2.439445000000000086e+00
5.172000000000000455e+02,-2.402233999999999980e+00
5.172999999999999545e+02,-2.374578000000000078e+00
5.173999999999999773e+02,-1.182660000000000045e+00
5.175000000000000000e+02,-1.175146000000000024e+00
5.176000000000000227e+02,1.814078999999999997e+00
5.177000000000000455e+02,1.815603999999999996e+00
5.177999999999999545e+02,1.817128000000000076e+00
5.178999999999999773e+02,3.109974999999999934e+00
5.180000000000000000e+02,3.119690999999999992e+00
5.181000000000000227e+02,-4.447076000000000029e+00
5.182000000000000455e+02,-4.373624999999999652e+00
5.182999999999999545e+02,-4.312630000000000408e+00
5.183999999999999773e+02,-2.418270000000000142e+00
5.185000000000000000e+02,-2.395671000000000106e+00
5.186000000000000227e+02,4.823760000000000270e-01
5.187000000000000455e+02,4.820470000000000033e-01
5.187999999999999545e+02,4.817170000000000063e-01
5.188999999999999773e+02,1.025997000000000048e+00
5.190000000000000000e+02,1.025646000000000058e+00
5.191000000000000227e+02,-5.215370000000000283e-01
5.192000000000000455e+02,-5.174760000000000471e-01
5.192999999999999545e+02,-5.138139999999999930e-01
5.193999999999999773e+02,-4.105219999999999980e-01
5.195000000000000000e+02,-4.078609999999999736e-01
5.196000000000000227e+02,1.330590000000000106e-01
5.197000000000000455e+02,1.334450000000000081e-01
5.197999999999999545e+02,1.338310000000000055e-01
5.198999999999999773e+02,2.598030000000000062e-01
5.200000000000000000e+02,2.598599999999999799e-01
5.201000000000000227e+02,-4.605830000000000202e-01
5.202000000000000455e+02,-4.572229999999999905e-01
5.202999999999999545e+02,-4.538070000000000159e-01
5.203999999999999773e+02,-5.917989999999999640e-01
5.205000000000000000e+02,-5.878630000000000244e-01
5.206000000000000227e+02,-5.557290000000000285e-01
5.207000000000000455e+02,-5.519870000000000054e-01
5.207999999999999545e+02,-5.482460000000000111e-01
5.208999999999999773e+02,-5.451449999999999907e-01
5.210000000000000000e+02,-5.414020000000000499e-01
5.211000000000000227e+02,-7.143180000000000085e-01
5.212000000000000455e+02,-7.091520000000000046e-01
5.212999999999999545e+02,-7.039619999999999767e-01
5.213999999999999773e+02,-7.367310000000000247e-01
5.215000000000000000e+02,-7.313819999999999766e-01
5.216000000000000227e+02,-7.257829999999999560e-01
5.217000000000000455e+02,-7.204380000000000228e-01
5.217999999999999545e+02,-7.150950000000000362e-01
5.218999999999999773e+02,-7.156510000000000371e-01
5.220000000000000000e+02,-7.102610000000000312e-01
5.221000000000000227e+02,-1.190576999999999996e+00
5.222000000000000455e+02,-1.179715000000000069e+00
5.222999999999999545e+02,-1.168760999999999939e+00
5.223999999999999773e+02,-1.252242999999999995e+00
5.225000000000000000e+02,-1.240774000000000044e+00
5.226000000000000227e+02,-1.211182999999999899e+00
5.227000000000000455e+02,-1.199950000000000072e+00
5.227999999999999545e+02,-1.188720999999999917e+00
5.228999999999999773e+02,-1.178625000000000034e+00
5.230000000000000000e+02,-1.167384999999999895e+00
5.231000000000000227e+02,-2.475381000000000054e+00
5.232000000000000455e+02,-2.436672999999999867e+00
5.232999999999999545e+02,-2.397441000000000155e+00
5.233999999999999773e+02,-2.603663000000000061e+00
5.235000000000000000e+02,-2.562025999999999915e+00
5.236000000000000227e+02,-2.455931000000000086e+00
5.237000000000000455e+02,-2.416065000000000129e+00
5.237999999999999545e+02,-2.376205999999999818e+00
5.238999999999999773e+02,-2.327064000000000021e+00
5.240000000000000000e+02,-2.287478999999999818e+00
5.241000000000000227e+02,-3.846945999999999977e+00
5.242000000000000455e+02,-3.737979999999999858e+00
5.242999999999999545e+02,-3.627838999999999814e+00
5.243999999999999773e+02,-3.789918000000000120e+00
5.245000000000000000e+02,-3.674913999999999792e+00
5.246000000000000227e+02,-3.476663999999999977e+00
5.247000000000000455e+02,-3.366531999999999858e+00
5.247999999999999545e+02,-3.256371999999999822e+00
5.248999999999999773e+02,-3.131898000000000071e+00
5.250000000000000000e+02,-3.022571000000000119e+00
5.251000000000000227e+02,-3.528465999999999880e+00
5.252000000000000455e+02,-3.367491999999999930e+00
5.252999999999999545e+02,-3.205744000000000149e+00
5.253999999999999773e+02,-3.145246000000000208e+00
5.255000000000000000e+02,-2.980541000000000107e+00
5.256000000000000227e+02,-2.788543999999999912e+00
5.257000000000000455e+02,-2.626897000000000038e+00
5.257999999999999545e+02,-2.465291999999999817e+00
5.258999999999999773e+02,-2.301098999999999783e+00
5.260000000000000000e+02,-2.139933000000000085e+00
5.261000000000000227e+02,-1.635917000000000066e+00
5.262000000000000455e+02,-1.521422000000000052e+00
5.262999999999999545e+02,-1.407262999999999931e+00
5.263999999999999773e+02,-1.143721999999999905e+00
5.265000000000000000e+02,-1.046091000000000104e+00
5.266000000000000227e+02,1.181180000000000008e-01
5.267000000000000455e+02,1.325159999999999949e-01
5.267999999999999545e+02,1.464949999999999863e-01
5.268999999999999773e+02,2.910639999999999894e-01
5.270000000000000000e+02,2.910639999999999894e-01
5.271000000000000227e+02,2.910639999999999894e-01
5.272000000000000455e+02,2.910639999999999894e-01
5.272999999999999545e+02,2.910639999999999894e-01
5.273999999999999773e+02,2.910639999999999894e-01
5.275000000000000000e+02,2.910639999999999894e-01
5.276000000000000227e+02,2.910639999999999894e-01
5.277000000000000455e+02,2.910639999999999894e-01
5.277999999999999545e+02,2.910639999999999894e-01
5.278999999999999773e+02,2.910639999999999894e-01
5.280000000000000000e+02,2.910639999999999894e-01
5.281000000000000227e+02,2.910710000000000242e-01
5.282000000000000455e+02,2.910880000000000134e-01
5.282999999999999545e+02,2.911139999999999839e-01
5.283999999999999773e+02,2.911500000000000199e-01
5.285000000000000000e+02,2.911929999999999796e-01
5.286000000000000227e+02,2.912390000000000256e-01
5.287000000000000455e+02,2.912839999999999874e-01
5.287999999999999545e+02,2.913180000000000214e-01
5.288999999999999773e+02,2.913229999999999986e-01
5.290000000000000000e+02,2.913029999999999786e-01
5.291000000000000227e+02,2.912640000000000229e-01
5.292000000000000455e+02,2.912129999999999996e-01
5.292999999999999545e+02,2.911549999999999971e-01
5.293999999999999773e+02,2.910960000000000214e-01
5.295000000000000000e+02,2.910690000000000222e-01
5.296000000000000227e+02,2.910690000000000222e-01
5.297000000000000455e+02,2.910699999999999954e-01
5.297999999999999545e+02,2.910710000000000242e-01
5.298999999999999773e+02,2.910710000000000242e-01
5.300000000000000000e+02,2.910710000000000242e-01
5.301000000000000227e+02,2.910710000000000242e-01
5.302000000000000455e+02,2.910710000000000242e-01
5.302999999999999545e+02,2.910710000000000242e-01
5.303999999999999773e+02,2.910710000000000242e-01
5.305000000000000000e+02,2.910710000000000242e-01
5.306000000000000227e+02,2.910630000000000162e-01
5.307000000000000455e+02,2.910630000000000162e-01
5.307999999999999545e+02,2.910630000000000162e-01
5.308999999999999773e+02,3.084029999999999827e-01
5.310000000000000000e+02,3.288559999999999817e-01
5.311000000000000227e+02,3.206530000000000213e-01
5.312000000000000455e+02,3.249000000000000221e-01
5.312999999999999545e+02,3.289150000000000129e-01
5.313999999999999773e+02,3.770160000000000178e-01
5.315000000000000000e+02,3.947769999999999890e-01
5.316000000000000227e+02,4.005580000000000251e-01
5.317000000000000455e+02,4.146920000000000051e-01
5.317999999999999545e+02,4.288250000000000117e-01
5.318999999999999773e+02,4.051890000000000214e-01
5.320000000000000000e+02,4.126690000000000080e-01
5.321000000000000227e+02,4.431089999999999751e-01
5.322000000000000455e+02,4.541769999999999974e-01
5.322999999999999545e+02,4.652459999999999929e-01
5.323999999999999773e+02,6.224039999999999573e-01
5.325000000000000000e+02,6.596319999999999961e-01
5.326000000000000227e+02,6.215570000000000261e-01
5.327000000000000455e+02,6.456210000000000004e-01
5.327999999999999545e+02,6.696819999999999995e-01
5.328999999999999773e+02,4.997340000000000115e-01
5.330000000000000000e+02,5.050210000000000532e-01
5.331000000000000227e+02,1.079307000000000016e+00
5.332000000000000455e+02,1.169564000000000048e+00
5.332999999999999545e+02,1.259810000000000096e+00
5.333999999999999773e+02,1.411683999999999939e+00
5.335000000000000000e+02,1.502251999999999921e+00
5.336000000000000227e+02,1.041835999999999984e+00
5.337000000000000455e+02,1.071714999999999973e+00
5.337999999999999545e+02,1.101588000000000012e+00
5.338999999999999773e+02,1.357984000000000080e+00
5.340000000000000000e+02,1.406401000000000012e+00
5.341000000000000227e+02,2.403785000000000061e+00
5.342000000000000455e+02,2.561068999999999818e+00
5.342999999999999545e+02,2.718316000000000177e+00
5.343999999999999773e+02,2.828443000000000040e+00
5.345000000000000000e+02,2.980230000000000157e+00
5.346000000000000227e+02,2.637315000000000076e+00
5.347000000000000455e+02,2.740820999999999952e+00
5.347999999999999545e+02,2.844298999999999911e+00
5.348999999999999773e+02,2.802243999999999957e+00
5.350000000000000000e+02,2.894800000000000040e+00
5.351000000000000227e+02,2.847793999999999937e+00
5.352000000000000455e+02,2.930873000000000062e+00
5.352999999999999545e+02,3.013930999999999916e+00
5.353999999999999773e+02,2.954083999999999932e+00
5.355000000000000000e+02,3.028779000000000110e+00
5.356000000000000227e+02,1.991073000000000093e+00
5.357000000000000455e+02,2.016618999999999939e+00
5.357999999999999545e+02,2.042158000000000140e+00
5.358999999999999773e+02,1.000780999999999921e+00
5.360000000000000000e+02,1.003239999999999910e+00
5.361000000000000227e+02,1.950998000000000010e+00
5.362000000000000455e+02,1.972850999999999910e+00
5.362999999999999545e+02,1.994698000000000082e+00
5.363999999999999773e+02,2.402976999999999919e+00
5.365000000000000000e+02,2.437021000000000104e+00
5.366000000000000227e+02,2.123480999999999952e+00
5.367000000000000455e+02,2.146647999999999890e+00
5.367999999999999545e+02,2.169808000000000181e+00
5.368999999999999773e+02,2.383757000000000126e+00
5.370000000000000000e+02,2.412387999999999977e+00
5.371000000000000227e+02,6.833804999999999907e+00
5.372000000000000455e+02,7.118984000000000201e+00
5.372999999999999545e+02,7.404123000000000232e+00
5.373999999999999773e+02,9.753984000000000876e+00
5.375000000000000000e+02,1.021102300000000085e+01
5.376000000000000227e+02,9.710457999999999146e+00
5.377000000000000455e+02,1.008831999999999951e+01
5.377999999999999545e+02,1.046617099999999922e+01
5.378999999999999773e+02,1.006533600000000028e+01
5.380000000000000000e+02,1.039063699999999990e+01
5.381000000000000227e+02,1.335447300000000048e+01
5.382000000000000455e+02,1.386318200000000012e+01
5.382999999999999545e+02,1.437190000000000012e+01
5.383999999999999773e+02,1.577554300000000076e+01
5.385000000000000000e+02,1.634637299999999982e+01
5.386000000000000227e+02,1.567007899999999943e+01
5.387000000000000455e+02,1.615919600000000145e+01
5.387999999999999545e+02,1.664826000000000050e+01
5.388999999999999773e+02,1.621889900000000040e+01
5.390000000000000000e+02,1.665678899999999985e+01
5.391000000000000227e+02,1.016823199999999972e+01
5.392000000000000455e+02,1.031684300000000043e+01
5.392999999999999545e+02,1.046542299999999948e+01
5.393999999999999773e+02,8.030400000000000205e+00
5.395000000000000000e+02,8.112083999999999406e+00
5.396000000000000227e+02,9.866417999999999466e+00
5.397000000000000455e+02,9.988898000000000721e+00
5.397999999999999545e+02,1.011133200000000087e+01
5.398999999999999773e+02,1.147691099999999942e+01
5.400000000000000000e+02,1.163281899999999958e+01
5.401000000000000227e+02,-5.390871999999999886e+00
5.402000000000000455e+02,-5.291676999999999964e+00
5.402999999999999545e+02,-5.215352000000000210e+00
5.403999999999999773e+02,-3.151346000000000203e+00
5.405000000000000000e+02,-3.125180999999999987e+00
5.406000000000000227e+02,1.766065999999999914e+00
5.407000000000000455e+02,1.766807999999999934e+00
5.407999999999999545e+02,1.767549000000000037e+00
5.408999999999999773e+02,3.376841999999999899e+00
5.410000000000000000e+02,3.385981999999999825e+00
5.411000000000000227e+02,-5.041522999999999755e+00
5.412000000000000455e+02,-4.967633000000000187e+00
5.412999999999999545e+02,-4.906076999999999799e+00
5.413999999999999773e+02,-2.738913000000000153e+00
5.415000000000000000e+02,-2.716403000000000123e+00
5.416000000000000227e+02,5.220780000000000420e-01
5.417000000000000455e+02,5.217209999999999903e-01
5.417999999999999545e+02,5.213649999999999674e-01
5.418999999999999773e+02,1.141615000000000046e+00
5.420000000000000000e+02,1.141256999999999966e+00
5.421000000000000227e+02,6.164950000000000152e-01
5.422000000000000455e+02,6.160189999999999833e-01
5.422999999999999545e+02,6.155720000000000081e-01
5.423999999999999773e+02,5.113119999999999887e-01
5.425000000000000000e+02,5.109660000000000313e-01
5.426000000000000227e+02,8.206660000000000066e-01
5.427000000000000455e+02,8.201429999999999554e-01
5.427999999999999545e+02,8.196210000000000440e-01
5.428999999999999773e+02,1.017592999999999970e+00
5.430000000000000000e+02,1.017136000000000040e+00
5.431000000000000227e+02,4.565359999999999974e-01
5.432000000000000455e+02,4.560939999999999994e-01
5.432999999999999545e+02,4.556200000000000250e-01
5.433999999999999773e+02,7.532999999999999766e-03
5.435000000000000000e+02,8.220999999999999142e-03
5.436000000000000227e+02,3.931899999999999978e-02
5.437000000000000455e+02,3.991600000000000009e-02
5.437999999999999545e+02,4.051300000000000040e-02
5.438999999999999773e+02,3.742600000000000093e-02
5.440000000000000000e+02,3.803299999999999736e-02
5.441000000000000227e+02,-1.178606999999999960e+00
5.442000000000000455e+02,-1.170504999999999907e+00
5.442999999999999545e+02,-1.162258000000000013e+00
5.443999999999999773e+02,-1.386741999999999919e+00
5.445000000000000000e+02,-1.377518999999999938e+00
5.446000000000000227e+02,-1.315979999999999928e+00
5.447000000000000455e+02,-1.307241000000000097e+00
5.447999999999999545e+02,-1.298504000000000103e+00
5.448999999999999773e+02,-1.285854000000000052e+00
5.450000000000000000e+02,-1.277158000000000015e+00
5.451000000000000227e+02,-2.943903999999999854e+00
5.452000000000000455e+02,-2.910038000000000125e+00
5.452999999999999545e+02,-2.875678999999999874e+00
5.453999999999999773e+02,-3.159009000000000178e+00
5.455000000000000000e+02,-3.122348000000000123e+00
5.456000000000000227e+02,-3.008147000000000126e+00
5.457000000000000455e+02,-2.973024999999999807e+00
5.457999999999999545e+02,-2.937911000000000161e+00
5.458999999999999773e+02,-2.892711999999999950e+00
5.460000000000000000e+02,-2.857816999999999830e+00
5.461000000000000227e+02,-1.834033000000000024e+00
5.462000000000000455e+02,-1.816437000000000079e+00
5.462999999999999545e+02,-1.798845000000000027e+00
5.463999999999999773e+02,-1.432063000000000086e+00
5.465000000000000000e+02,-1.418919000000000041e+00
5.466000000000000227e+02,-1.534372999999999987e+00
5.467000000000000455e+02,-1.519776999999999934e+00
5.467999999999999545e+02,-1.504993000000000025e+00
5.468999999999999773e+02,-1.555558999999999914e+00
5.470000000000000000e+02,-1.540057000000000009e+00
5.471000000000000227e+02,-1.097617000000000065e+00
5.472000000000000455e+02,-1.087892999999999999e+00
5.472999999999999545e+02,-1.078170999999999990e+00
5.473999999999999773e+02,-9.272860000000000547e-01
5.475000000000000000e+02,-9.190439999999999721e-01
5.476000000000000227e+02,-9.769999999999999796e-01
5.477000000000000455e+02,-9.681309999999999638e-01
5.477999999999999545e+02,-9.591549999999999798e-01
5.478999999999999773e+02,-9.838379999999999903e-01
5.480000000000000000e+02,-9.745930000000000426e-01
5.481000000000000227e+02,-4.078260000000000218e-01
5.482000000000000455e+02,-4.042080000000000117e-01
5.482999999999999545e+02,-4.005900000000000016e-01
5.483999999999999773e+02,-1.972059999999999924e-01
5.485000000000000000e+02,-1.949460000000000082e-01
5.486000000000000227e+02,-2.722899999999999765e-01
5.487000000000000455e+02,-2.695609999999999951e-01
5.487999999999999545e+02,-2.667689999999999784e-01
5.488999999999999773e+02,-3.050209999999999866e-01
5.490000000000000000e+02,-3.019930000000000114e-01
5.491000000000000227e+02,-3.204060000000000241e-01
5.492000000000000455e+02,-3.172269999999999812e-01
5.492999999999999545e+02,-3.140479999999999938e-01
5.493999999999999773e+02,-3.245000000000000107e-01
5.495000000000000000e+02,-3.212130000000000263e-01
5.496000000000000227e+02,-3.244290000000000229e-01
5.497000000000000455e+02,-3.210899999999999865e-01
5.497999999999999545e+02,-3.177530000000000077e-01
5.498999999999999773e+02,-3.185040000000000093e-01
5.500000000000000000e+02,-3.151329999999999965e-01
5.501000000000000227e+02,-4.915800000000000031e-02
5.502000000000000455e+02,-4.768100000000000116e-02
5.502999999999999545e+02,-4.620400000000000201e-02
5.503999999999999773e+02,4.886800000000000171e-02
5.505000000000000000e+02,4.984399999999999942e-02
5.506000000000000227e+02,1.337200000000000021e-02
5.507000000000000455e+02,1.452600000000000072e-02
5.507999999999999545e+02,1.569999999999999868e-02
5.508999999999999773e+02,-4.124000000000000062e-03
5.510000000000000000e+02,-2.850999999999999802e-03
5.511000000000000227e+02,2.910639999999999894e-01
5.512000000000000455e+02,2.910639999999999894e-01
5.512999999999999545e+02,2.910639999999999894e-01
5.513999999999999773e+02,4.465580000000000105e-01
5.515000000000000000e+02,4.461990000000000123e-01
5.516000000000000227e+02,4.368369999999999753e-01
5.517000000000000455e+02,4.364919999999999911e-01
5.517999999999999545e+02,4.361470000000000069e-01
5.518999999999999773e+02,4.249629999999999797e-01
5.520000000000000000e+02,4.246360000000000134e-01
5.521000000000000227e+02,2.290179999999999993e-01
5.522000000000000455e+02,2.292289999999999883e-01
5.522999999999999545e+02,2.294489999999999863e-01
5.523999999999999773e+02,1.380470000000000030e-01
5.525000000000000000e+02,1.386199999999999932e-01
5.526000000000000227e+02,1.243149999999999950e-01
5.527000000000000455e+02,1.249590000000000006e-01
5.527999999999999545e+02,1.256029999999999924e-01
5.528999999999999773e+02,1.186529999999999946e-01
5.530000000000000000e+02,1.193349999999999966e-01
5.531000000000000227e+02,2.910639999999999894e-01
5.532000000000000455e+02,2.910639999999999894e-01
5.532999999999999545e+02,2.910639999999999894e-01
5.533999999999999773e+02,4.059690000000000243e-01
5.535000000000000000e+02,4.056640000000000246e-01
5.536000000000000227e+02,3.995409999999999795e-01
5.537000000000000455e+02,3.992470000000000185e-01
5.537999999999999545e+02,3.989530000000000021e-01
5.538999999999999773e+02,3.913960000000000217e-01
5.540000000000000000e+02,3.911160000000000192e-01
5.541000000000000227e+02,5.387549999999999839e-01
5.542000000000000455e+02,5.382980000000000542e-01
5.542999999999999545e+02,5.378410000000000135e-01
5.543999999999999773e+02,6.540989999999999860e-01
5.545000000000000000e+02,6.536750000000000060e-01
5.546000000000000227e+02,6.573020000000000529e-01
5.547000000000000455e+02,6.568829999999999947e-01
5.547999999999999545e+02,6.564630000000000187e-01
5.548999999999999773e+02,6.540099999999999802e-01
5.550000000000000000e+02,6.535889999999999755e-01
5.551000000000000227e+02,1.102198999999999929e+00
5.552000000000000455e+02,1.103329999999999922e+00
5.552999999999999545e+02,1.104462000000000055e+00
5.553999999999999773e+02,1.258618000000000015e+00
5.555000000000000000e+02,1.260774999999999979e+00
5.556000000000000227e+02,1.129953999999999903e+00
5.557000000000000455e+02,1.131205999999999934e+00
5.557999999999999545e+02,1.132457999999999965e+00
5.558999999999999773e+02,1.041471000000000036e+00
5.560000000000000000e+02,1.042210999999999999e+00
5.561000000000000227e+02,1.452606999999999982e+00
5.562000000000000455e+02,1.456307000000000018e+00
5.562999999999999545e+02,1.460004999999999997e+00
5.563999999999999773e+02,1.589415999999999940e+00
5.565000000000000000e+02,1.594354000000000049e+00
5.566000000000000227e+02,1.443348000000000075e+00
5.567000000000000455e+02,1.446776999999999980e+00
5.567999999999999545e+02,1.450204000000000049e+00
5.568999999999999773e+02,1.347499000000000002e+00
5.570000000000000000e+02,1.350046999999999997e+00
5.571000000000000227e+02,2.013806999999999903e+00
5.572000000000000455e+02,2.023607000000000156e+00
5.572999999999999545e+02,2.033405000000000129e+00
5.573999999999999773e+02,2.255440999999999807e+00
5.575000000000000000e+02,2.268381999999999898e+00
5.576000000000000227e+02,2.044392999999999905e+00
5.577000000000000455e+02,2.053875000000000117e+00
5.577999999999999545e+02,2.063353999999999910e+00
5.578999999999999773e+02,1.910269999999999913e+00
5.580000000000000000e+02,1.917702000000000018e+00
5.581000000000000227e+02,2.340847999999999818e+00
5.582000000000000455e+02,2.353924000000000127e+00
5.582999999999999545e+02,2.366998000000000157e+00
5.583999999999999773e+02,2.498463999999999796e+00
5.585000000000000000e+02,2.513370000000000104e+00
5.586000000000000227e+02,2.342802999999999969e+00
5.587000000000000455e+02,2.354903999999999886e+00
5.587999999999999545e+02,2.367002999999999968e+00
5.588999999999999773e+02,2.253134999999999888e+00
5.590000000000000000e+02,2.263523999999999869e+00
5.591000000000000227e+02,5.812960000000000349e+00
5.592000000000000455e+02,5.914569000000000187e+00
5.592999999999999545e+02,6.016168000000000404e+00
5.593999999999999773e+02,7.414822000000000024e+00
5.595000000000000000e+02,7.567561000000000426e+00
5.596000000000000227e+02,6.547743999999999787e+00
5.597000000000000455e+02,6.655115000000000336e+00
5.597999999999999545e+02,6.762476999999999627e+00
5.598999999999999773e+02,6.025830000000000020e+00
5.600000000000000000e+02,6.106625000000000192e+00
5.601000000000000227e+02,-2.057049999999999990e-01
5.602000000000000455e+02,-2.008429999999999938e-01
5.602999999999999545e+02,-1.967849999999999877e-01
5.603999999999999773e+02,-3.815279999999999783e-01
5.605000000000000000e+02,-3.784449999999999759e-01
5.606000000000000227e+02,8.786950000000000038e-01
5.607000000000000455e+02,8.783349999999999769e-01
5.607999999999999545e+02,8.779740000000000322e-01
5.608999999999999773e+02,1.370689000000000046e+00
5.610000000000000000e+02,1.371655999999999986e+00
5.611000000000000227e+02,-4.728060000000000040e-01
5.612000000000000455e+02,-4.678829999999999933e-01
5.612999999999999545e+02,-4.638120000000000021e-01
5.613999999999999773e+02,-2.400100000000000150e-02
5.615000000000000000e+02,-2.290000000000000022e-02
5.616000000000000227e+02,5.976080000000000281e-01
5.617000000000000455e+02,5.971440000000000081e-01
5.617999999999999545e+02,5.966789999999999594e-01
5.618999999999999773e+02,8.223970000000000447e-01
5.620000000000000000e+02,8.219940000000000024e-01
5.621000000000000227e+02,9.454639999999999711e-01
5.622000000000000455e+02,9.452369999999999939e-01
5.622999999999999545e+02,9.450100000000000167e-01
5.623999999999999773e+02,1.016890000000000072e+00
5.625000000000000000e+02,1.016810999999999909e+00
5.626000000000000227e+02,1.059692000000000078e+00
5.627000000000000455e+02,1.059714000000000045e+00
5.627999999999999545e+02,1.059736999999999929e+00
5.628999999999999773e+02,1.084413999999999989e+00
5.630000000000000000e+02,1.084500000000000020e+00
5.631000000000000227e+02,-1.784732999999999903e+00
5.632000000000000455e+02,-1.758237999999999968e+00
5.632999999999999545e+02,-1.731972999999999985e+00
5.633999999999999773e+02,-2.045545000000000169e+00
5.635000000000000000e+02,-2.017968999999999902e+00
5.636000000000000227e+02,-1.608295000000000030e+00
5.637000000000000455e+02,-1.588445000000000107e+00
5.637999999999999545e+02,-1.568599000000000077e+00
5.638999999999999773e+02,-1.462139000000000078e+00
5.640000000000000000e+02,-1.443931999999999993e+00
5.641000000000000227e+02,-6.095862000000000336e+00
5.642000000000000455e+02,-5.839184999999999626e+00
5.642999999999999545e+02,-5.577475999999999878e+00
5.643999999999999773e+02,-6.069028000000000311e+00
5.645000000000000000e+02,-5.785847000000000406e+00
5.646000000000000227e+02,-5.272046999999999706e+00
5.647000000000000455e+02,-5.011528000000000205e+00
5.647999999999999545e+02,-4.751115999999999673e+00
5.648999999999999773e+02,-4.449263000000000190e+00
5.650000000000000000e+02,-4.193684000000000189e+00
5.651000000000000227e+02,-3.937005000000000088e+00
5.652000000000000455e+02,-3.681697000000000219e+00
5.652999999999999545e+02,-3.426454000000000111e+00
5.653999999999999773e+02,-3.173782000000000103e+00
5.655000000000000000e+02,-2.918270000000000142e+00
5.656000000000000227e+02,-2.664944000000000202e+00
5.657000000000000455e+02,-2.409181999999999935e+00
5.657999999999999545e+02,-2.155206999999999873e+00
5.658999999999999773e+02,-8.853940000000000143e-01
5.660000000000000000e+02,-7.479540000000000077e-01
5.661000000000000227e+02,2.910639999999999894e-01
5.662000000000000455e+02,2.910639999999999894e-01
5.662999999999999545e+02,2.910639999999999894e-01
5.663999999999999773e+02,2.910639999999999894e-01
5.665000000000000000e+02,2.910639999999999894e-01
5.666000000000000227e+02,2.910639999999999894e-01
5.667000000000000455e+02,2.911000000000000254e-01
5.667999999999999545e+02,2.913209999999999966e-01
5.668999999999999773e+02,2.911099999999999799e-01
5.670000000000000000e+02,2.910829999999999806e-01
5.671000000000000227e+02,2.910800000000000054e-01
5.672000000000000455e+02,2.910760000000000014e-01
5.672999999999999545e+02,2.910730000000000262e-01
5.673999999999999773e+02,2.910699999999999954e-01
5.675000000000000000e+02,2.910670000000000202e-01
5.676000000000000227e+02,2.910650000000000182e-01
5.677000000000000455e+02,2.910650000000000182e-01
5.677999999999999545e+02,2.910670000000000202e-01
5.678999999999999773e+02,2.910690000000000222e-01
5.680000000000000000e+02,2.910710000000000242e-01
5.681000000000000227e+02,2.910719999999999974e-01
5.682000000000000455e+02,2.910730000000000262e-01
5.682999999999999545e+02,2.910739999999999994e-01
5.683999999999999773e+02,2.910749999999999726e-01
5.685000000000000000e+02,2.910760000000000014e-01
5.686000000000000227e+02,2.910760000000000014e-01
5.687000000000000455e+02,2.910760000000000014e-01
5.687999999999999545e+02,2.910769999999999746e-01
5.688999999999999773e+02,2.910769999999999746e-01
5.690000000000000000e+02,2.910769999999999746e-01
5.691000000000000227e+02,2.910760000000000014e-01
5.692000000000000455e+02,2.910760000000000014e-01
5.692999999999999545e+02,2.910760000000000014e-01
5.693999999999999773e+02,2.910749999999999726e-01
5.695000000000000000e+02,2.910749999999999726e-01
5.696000000000000227e+02,2.910739999999999994e-01
5.697000000000000455e+02,2.910730000000000262e-01
5.697999999999999545e+02,2.910730000000000262e-01
5.698999999999999773e+02,2.910719999999999974e-01
5.700000000000000000e+02,2.910710000000000242e-01
5.701000000000000227e+02,2.910710000000000242e-01
5.702000000000000455e+02,2.910699999999999954e-01
5.702999999999999545e+02,2.910690000000000222e-01
5.703999999999999773e+02,2.910690000000000222e-01
5.705000000000000000e+02,2.910679999999999934e-01
5.706000000000000227e+02,2.910670000000000202e-01
5.707000000000000455e+02,2.910670000000000202e-01
5.707999999999999545e+02,2.910659999999999914e-01
5.708999999999999773e+02,2.910659999999999914e-01
5.710000000000000000e+02,2.910650000000000182e-01
5.711000000000000227e+02,2.910650000000000182e-01
5.712000000000000455e+02,2.910639999999999894e-01
5.712999999999999545e+02,2.910639999999999894e-01
5.713999999999999773e+02,2.910639999999999894e-01
5.715000000000000000e+02,2.910650000000000182e-01
5.716000000000000227e+02,2.910650000000000182e-01
5.717000000000000455e+02,2.910650000000000182e-01
5.717999999999999545e+02,2.910650000000000182e-01
5.718999999999999773e+02,2.910650000000000182e-01
5.720000000000000000e+02,2.910659999999999914e-01
5.721000000000000227e+02,2.910659999999999914e-01
5.722000000000000455e+02,2.910659999999999914e-01
5.722999999999999545e+02,2.910659999999999914e-01
5.723999999999999773e+02,2.910659999999999914e-01
5.725000000000000000e+02,2.910659999999999914e-01
5.726000000000000227e+02,2.910659999999999914e-01
5.727000000000000455e+02,2.910659999999999914e-01
5.727999999999999545e+02,2.910659999999999914e-01
5.728999999999999773e+02,2.910659999999999914e-01
5.730000000000000000e+02,2.910659999999999914e-01
5.731000000000000227e+02,2.910659999999999914e-01
5.732000000000000455e+02,2.910659999999999914e-01
5.732999999999999545e+02,2.910650000000000182e-01
5.733999999999999773e+02,2.910650000000000182e-01
5.735000000000000000e+02,2.910650000000000182e-01
5.736000000000000227e+02,2.910650000000000182e-01
5.737000000000000455e+02,2.910650000000000182e-01
5.737999999999999545e+02,2.910650000000000182e-01
5.738999999999999773e+02,2.910650000000000182e-01
5.740000000000000000e+02,2.910650000000000182e-01
5.741000000000000227e+02,2.910650000000000182e-01
5.742000000000000455e+02,2.910639999999999894e-01
5.742999999999999545e+02,2.910639999999999894e-01
5.743999999999999773e+02,2.910639999999999894e-01
5.745000000000000000e+02,2.910639999999999894e-01
5.746000000000000227e+02,2.910639999999999894e-01
5.747000000000000455e+02,2.910639999999999894e-01
5.747999999999999545e+02,2.910639999999999894e-01
5.748999999999999773e+02,2.910639999999999894e-01
5.750000000000000000e+02,2.910639999999999894e-01
5.751000000000000227e+02,2.910639999999999894e-01
5.752000000000000455e+02,2.910639999999999894e-01
5.752999999999999545e+02,2.910639999999999894e-01
5.753999999999999773e+02,2.910639999999999894e-01
5.755000000000000000e+02,2.910639999999999894e-01
5.756000000000000227e+02,2.910639999999999894e-01
5.757000000000000455e+02,2.910639999999999894e-01
5.757999999999999545e+02,2.910639999999999894e-01
5.758999999999999773e+02,2.910639999999999894e-01
5.760000000000000000e+02,2.910639999999999894e-01
5.761000000000000227e+02,2.910639999999999894e-01
5.762000000000000455e+02,2.910639999999999894e-01
5.762999999999999545e+02,2.910639999999999894e-01
5.763999999999999773e+02,2.910639999999999894e-01
5.765000000000000000e+02,2.910639999999999894e-01
5.766000000000000227e+02,2.910639999999999894e-01
5.767000000000000455e+02,2.910639999999999894e-01
5.767999999999999545e+02,2.910639999999999894e-01
5.768999999999999773e+02,2.910639999999999894e-01
5.770000000000000000e+02,2.910639999999999894e-01
5.771000000000000227e+02,2.910639999999999894e-01
5.772000000000000455e+02,2.910639999999999894e-01
5.772999999999999545e+02,2.910639999999999894e-01
5.773999999999999773e+02,2.910639999999999894e-01
5.775000000000000000e+02,2.910639999999999894e-01
5.776000000000000227e+02,2.910639999999999894e-01
5.777000000000000455e+02,2.910639999999999894e-01
5.777999999999999545e+02,2.910639999999999894e-01
5.778999999999999773e+02,2.910639999999999894e-01
5.780000000000000000e+02,2.910639999999999894e-01
5.781000000000000227e+02,2.910639999999999894e-01
5.782000000000000455e+02,2.910639999999999894e-01
5.782999999999999545e+02,2.910639999999999894e-01
5.783999999999999773e+02,2.910639999999999894e-01
5.785000000000000000e+02,2.910639999999999894e-01
5.786000000000000227e+02,2.910639999999999894e-01
5.787000000000000455e+02,2.910639999999999894e-01
5.787999999999999545e+02,2.910639999999999894e-01
5.788999999999999773e+02,2.910639999999999894e-01
5.790000000000000000e+02,2.910639999999999894e-01
5.791000000000000227e+02,2.910639999999999894e-01
5.792000000000000455e+02,2.910639999999999894e-01
5.792999999999999545e+02,2.910639999999999894e-01
5.793999999999999773e+02,2.910639999999999894e-01
5.795000000000000000e+02,2.910639999999999894e-01
5.796000000000000227e+02,2.910639999999999894e-01
5.797000000000000455e+02,2.910639999999999894e-01
5.797999999999999545e+02,2.910639999999999894e-01
5.798999999999999773e+02,2.910639999999999894e-01
5.800000000000000000e+02,2.910639999999999894e-01
5.801000000000000227e+02,2.910639999999999894e-01
5.802000000000000455e+02,2.910639999999999894e-01
5.802999999999999545e+02,2.910639999999999894e-01
5.803999999999999773e+02,2.910639999999999894e-01
5.805000000000000000e+02,2.910639999999999894e-01
5.806000000000000227e+02,2.910639999999999894e-01
5.807000000000000455e+02,2.910639999999999894e-01
5.807999999999999545e+02,2.910639999999999894e-01
5.808999999999999773e+02,2.910639999999999894e-01
5.810000000000000000e+02,2.910639999999999894e-01
5.811000000000000227e+02,2.910639999999999894e-01
5.812000000000000455e+02,2.910639999999999894e-01
5.812999999999999545e+02,2.910639999999999894e-01
5.813999999999999773e+02,2.910639999999999894e-01
5.815000000000000000e+02,2.910639999999999894e-01
5.816000000000000227e+02,2.910639999999999894e-01
5.817000000000000455e+02,2.910639999999999894e-01
5.817999999999999545e+02,2.910639999999999894e-01
5.818999999999999773e+02,2.910639999999999894e-01
5.820000000000000000e+02,2.910639999999999894e-01
5.821000000000000227e+02,2.910639999999999894e-01
5.822000000000000455e+02,2.910639999999999894e-01
5.822999999999999545e+02,2.910639999999999894e-01
5.823999999999999773e+02,2.910639999999999894e-01
5.825000000000000000e+02,2.910639999999999894e-01
5.826000000000000227e+02,2.910639999999999894e-01
5.827000000000000455e+02,2.910639999999999894e-01
5.827999999999999545e+02,2.910639999999999894e-01
5.828999999999999773e+02,2.910639999999999894e-01
5.830000000000000000e+02,2.910639999999999894e-01
5.831000000000000227e+02,2.910639999999999894e-01
5.832000000000000455e+02,2.910639999999999894e-01
5.832999999999999545e+02,2.910639999999999894e-01
5.833999999999999773e+02,2.910639999999999894e-01
5.835000000000000000e+02,2.910639999999999894e-01
5.836000000000000227e+02,2.910639999999999894e-01
5.837000000000000455e+02,2.910639999999999894e-01
5.837999999999999545e+02,2.910639999999999894e-01
5.838999999999999773e+02,2.910639999999999894e-01
5.840000000000000000e+02,2.910639999999999894e-01
5.841000000000000227e+02,2.910639999999999894e-01
5.842000000000000455e+02,2.910639999999999894e-01
5.842999999999999545e+02,2.910639999999999894e-01
5.843999999999999773e+02,2.910639999999999894e-01
5.845000000000000000e+02,2.910639999999999894e-01
5.846000000000000227e+02,2.910639999999999894e-01
5.847000000000000455e+02,2.910639999999999894e-01
5.847999999999999545e+02,2.910639999999999894e-01
5.848999999999999773e+02,2.910639999999999894e-01
5.850000000000000000e+02,2.910639999999999894e-01
5.851000000000000227e+02,2.910639999999999894e-01
5.852000000000000455e+02,2.910639999999999894e-01
5.852999999999999545e+02,2.910639999999999894e-01
5.853999999999999773e+02,2.910639999999999894e-01
5.855000000000000000e+02,2.910639999999999894e-01
5.856000000000000227e+02,2.910639999999999894e-01
5.857000000000000455e+02,2.910639999999999894e-01
5.857999999999999545e+02,2.910639999999999894e-01
5.858999999999999773e+02,2.910639999999999894e-01
5.860000000000000000e+02,2.910639999999999894e-01
5.861000000000000227e+02,2.910639999999999894e-01
5.862000000000000455e+02,2.910639999999999894e-01
5.862999999999999545e+02,2.910639999999999894e-01
5.863999999999999773e+02,2.910639999999999894e-01
5.865000000000000000e+02,2.910639999999999894e-01
5.866000000000000227e+02,2.910639999999999894e-01
5.867000000000000455e+02,2.910639999999999894e-01
5.867999999999999545e+02,2.910639999999999894e-01
5.868999999999999773e+02,2.910639999999999894e-01
5.870000000000000000e+02,2.910639999999999894e-01
5.871000000000000227e+02,2.910639999999999894e-01
5.872000000000000455e+02,2.910639999999999894e-01
5.872999999999999545e+02,2.910639999999999894e-01
5.873999999999999773e+02,2.910639999999999894e-01
5.875000000000000000e+02,2.910639999999999894e-01
5.876000000000000227e+02,2.910639999999999894e-01
5.877000000000000455e+02,2.910639999999999894e-01
5.877999999999999545e+02,2.910639999999999894e-01
5.878999999999999773e+02,2.910639999999999894e-01
5.880000000000000000e+02,2.910639999999999894e-01
5.881000000000000227e+02,2.910639999999999894e-01
5.882000000000000455e+02,2.910639999999999894e-01
5.882999999999999545e+02,2.910639999999999894e-01
5.883999999999999773e+02,2.910639999999999894e-01
5.885000000000000000e+02,2.910639999999999894e-01
5.886000000000000227e+02,2.910639999999999894e-01
5.887000000000000455e+02,2.910639999999999894e-01
5.887999999999999545e+02,2.910639999999999894e-01
5.888999999999999773e+02,2.910639999999999894e-01
5.890000000000000000e+02,2.910639999999999894e-01
5.891000000000000227e+02,2.910639999999999894e-01
5.892000000000000455e+02,2.910639999999999894e-01
5.892999999999999545e+02,2.910639999999999894e-01
5.893999999999999773e+02,2.910639999999999894e-01
5.895000000000000000e+02,2.910639999999999894e-01
5.896000000000000227e+02,2.910639999999999894e-01
5.897000000000000455e+02,2.910639999999999894e-01
5.897999999999999545e+02,2.910639999999999894e-01
5.898999999999999773e+02,2.910639999999999894e-01
5.900000000000000000e+02,2.910639999999999894e-01
5.901000000000000227e+02,2.910639999999999894e-01
5.902000000000000455e+02,2.910639999999999894e-01
5.902999999999999545e+02,2.910639999999999894e-01
5.903999999999999773e+02,2.910639999999999894e-01
5.905000000000000000e+02,2.910639999999999894e-01
5.906000000000000227e+02,2.910639999999999894e-01
5.907000000000000455e+02,2.910639999999999894e-01
5.907999999999999545e+02,2.910639999999999894e-01
5.908999999999999773e+02,2.910639999999999894e-01
5.910000000000000000e+02,2.910639999999999894e-01
5.911000000000000227e+02,2.910639999999999894e-01
5.912000000000000455e+02,2.910639999999999894e-01
5.912999999999999545e+02,2.910639999999999894e-01
5.913999999999999773e+02,2.910639999999999894e-01
5.915000000000000000e+02,2.910639999999999894e-01
5.916000000000000227e+02,2.910639999999999894e-01
5.917000000000000455e+02,2.910639999999999894e-01
5.917999999999999545e+02,2.910639999999999894e-01
5.918999999999999773e+02,2.910639999999999894e-01
5.920000000000000000e+02,2.910639999999999894e-01
5.921000000000000227e+02,2.910639999999999894e-01
5.922000000000000455e+02,2.910639999999999894e-01
5.922999999999999545e+02,2.910639999999999894e-01
5.923999999999999773e+02,2.910639999999999894e-01
5.925000000000000000e+02,2.910639999999999894e-01
5.926000000000000227e+02,2.910639999999999894e-01
5.927000000000000455e+02,2.910639999999999894e-01
5.927999999999999545e+02,2.910639999999999894e-01
5.928999999999999773e+02,2.910639999999999894e-01
5.930000000000000000e+02,2.910639999999999894e-01
5.931000000000000227e+02,2.910639999999999894e-01
5.932000000000000455e+02,2.910639999999999894e-01
5.932999999999999545e+02,2.910639999999999894e-01
5.933999999999999773e+02,2.910639999999999894e-01
5.935000000000000000e+02,2.910639999999999894e-01
5.936000000000000227e+02,2.910639999999999894e-01
5.937000000000000455e+02,2.910639999999999894e-01
5.937999999999999545e+02,2.910639999999999894e-01
5.938999999999999773e+02,2.910639999999999894e-01
5.940000000000000000e+02,2.910639999999999894e-01
5.941000000000000227e+02,2.910639999999999894e-01
5.942000000000000455e+02,2.910639999999999894e-01
5.942999999999999545e+02,2.910639999999999894e-01
5.943999999999999773e+02,2.910639999999999894e-01
5.945000000000000000e+02,2.910639999999999894e-01
5.946000000000000227e+02,2.910639999999999894e-01
5.947000000000000455e+02,2.910639999999999894e-01
5.947999999999999545e+02,2.910639999999999894e-01
5.948999999999999773e+02,2.910639999999999894e-01
5.950000000000000000e+02,2.910639999999999894e-01
5.951000000000000227e+02,2.910639999999999894e-01
5.952000000000000455e+02,2.910639999999999894e-01
5.952999999999999545e+02,2.910639999999999894e-01
5.953999999999999773e+02,2.910639999999999894e-01
5.955000000000000000e+02,2.910639999999999894e-01
5.956000000000000227e+02,2.910639999999999894e-01
5.957000000000000455e+02,2.910639999999999894e-01
5.957999999999999545e+02,2.910639999999999894e-01
5.958999999999999773e+02,2.910639999999999894e-01
5.960000000000000000e+02,2.910639999999999894e-01
5.961000000000000227e+02,2.910639999999999894e-01
5.962000000000000455e+02,2.910639999999999894e-01
5.962999999999999545e+02,2.910639999999999894e-01
5.963999999999999773e+02,2.910639999999999894e-01
5.965000000000000000e+02,2.910639999999999894e-01
5.966000000000000227e+02,2.910639999999999894e-01
5.967000000000000455e+02,2.910639999999999894e-01
5.967999999999999545e+02,2.910639999999999894e-01
5.968999999999999773e+02,2.910639999999999894e-01
5.970000000000000000e+02,2.910639999999999894e-01
5.971000000000000227e+02,2.910639999999999894e-01
5.972000000000000455e+02,2.910639999999999894e-01
5.972999999999999545e+02,2.910639999999999894e-01
5.973999999999999773e+02,2.910639999999999894e-01
5.975000000000000000e+02,2.910639999999999894e-01
5.976000000000000227e+02,2.910639999999999894e-01
5.977000000000000455e+02,2.910639999999999894e-01
5.977999999999999545e+02,2.910639999999999894e-01
5.978999999999999773e+02,2.910639999999999894e-01
5.980000000000000000e+02,2.910639999999999894e-01
5.981000000000000227e+02,2.910639999999999894e-01
5.982000000000000455e+02,2.910639999999999894e-01
5.982999999999999545e+02,2.910639999999999894e-01
5.983999999999999773e+02,2.910639999999999894e-01
5.985000000000000000e+02,2.910639999999999894e-01
5.986000000000000227e+02,2.910639999999999894e-01
5.987000000000000455e+02,2.910639999999999894e-01
5.987999999999999545e+02,2.910639999999999894e-01
5.988999999999999773e+02,2.910639999999999894e-01
5.990000000000000000e+02,2.910639999999999894e-01
5.991000000000000227e+02,2.911090000000000066e-01
5.992000000000000455e+02,2.912569999999999881e-01
5.992999999999999545e+02,2.914039999999999964e-01
5.993999999999999773e+02,3.922550000000000203e-01
5.995000000000000000e+02,4.965769999999999906e-01
5.996000000000000227e+02,5.672819999999999530e-01
5.997000000000000455e+02,6.509420000000000206e-01
5.997999999999999545e+02,7.345979999999999732e-01
5.998999999999999773e+02,6.196939999999999671e-01
6.000000000000000000e+02,6.540319999999999467e-01
6.001000000000000227e+02,1.119979000000000058e+00
6.002000000000000455e+02,1.268134000000000094e+00
6.002999999999999545e+02,1.416271999999999975e+00
6.003999999999999773e+02,1.567723999999999895e+00
6.005000000000000000e+02,1.709486999999999979e+00
6.006000000000000227e+02,1.244153000000000064e+00
6.007000000000000455e+02,1.295285999999999937e+00
6.007999999999999545e+02,1.346410000000000107e+00
6.008999999999999773e+02,1.107243999999999895e+00
6.010000000000000000e+02,1.134778999999999982e+00
6.011000000000000227e+02,1.092897999999999925e+00
6.012000000000000455e+02,1.115879999999999983e+00
6.012999999999999545e+02,1.138857000000000008e+00
6.013999999999999773e+02,1.397370999999999919e+00
6.015000000000000000e+02,1.435370999999999952e+00
6.016000000000000227e+02,1.285250999999999921e+00
6.017000000000000455e+02,1.311495000000000077e+00
6.017999999999999545e+02,1.337733000000000061e+00
6.018999999999999773e+02,1.219670999999999950e+00
6.020000000000000000e+02,1.238809999999999967e+00
6.021000000000000227e+02,2.965891000000000055e+00
6.022000000000000455e+02,3.122844999999999871e+00
6.022999999999999545e+02,3.278722000000000136e+00
6.023999999999999773e+02,4.228545000000000442e+00
6.025000000000000000e+02,4.467800999999999689e+00
6.026000000000000227e+02,4.485171000000000241e+00
6.027000000000000455e+02,4.701291000000000331e+00
6.027999999999999545e+02,4.917355999999999838e+00
6.028999999999999773e+02,4.386903000000000219e+00
6.030000000000000000e+02,4.542749999999999844e+00
6.031000000000000227e+02,6.163992999999999611e+00
6.032000000000000455e+02,6.439772999999999747e+00
6.032999999999999545e+02,6.715487999999999680e+00
6.033999999999999773e+02,6.901548000000000016e+00
6.035000000000000000e+02,7.170048000000000421e+00
6.036000000000000227e+02,5.566972999999999949e+00
6.037000000000000455e+02,5.712785000000000224e+00
6.037999999999999545e+02,5.858594000000000079e+00
6.038999999999999773e+02,4.555570000000000341e+00
6.040000000000000000e+02,4.636229000000000156e+00
6.041000000000000227e+02,6.049300999999999817e+00
6.042000000000000455e+02,6.187750999999999557e+00
6.042999999999999545e+02,6.326192999999999955e+00
6.043999999999999773e+02,8.324567000000000050e+00
6.045000000000000000e+02,8.558828999999999354e+00
6.046000000000000227e+02,9.181623000000000090e+00
6.047000000000000455e+02,9.437881000000000853e+00
6.047999999999999545e+02,9.694115999999999289e+00
6.048999999999999773e+02,1.016743699999999961e+01
6.050000000000000000e+02,1.043521299999999918e+01
6.051000000000000227e+02,1.254389199999999960e+01
6.052000000000000455e+02,1.291499300000000083e+01
6.052999999999999545e+02,1.328605499999999928e+01
6.053999999999999773e+02,1.440607299999999924e+01
6.055000000000000000e+02,1.481912200000000013e+01
6.056000000000000227e+02,1.475863200000000042e+01
6.057000000000000455e+02,1.514578799999999958e+01
6.057999999999999545e+02,1.553288399999999925e+01
6.058999999999999773e+02,1.556834500000000077e+01
6.060000000000000000e+02,1.593824700000000050e+01
6.061000000000000227e+02,1.654500499999999974e+01
6.062000000000000455e+02,1.692609300000000161e+01
6.062999999999999545e+02,1.730751599999999968e+01
6.063999999999999773e+02,1.773363700000000165e+01
6.065000000000000000e+02,1.811678300000000164e+01
6.066000000000000227e+02,1.830574999999999974e+01
6.067000000000000455e+02,1.868043799999999877e+01
6.067999999999999545e+02,1.905499500000000168e+01
6.068999999999999773e+02,1.931028399999999934e+01
6.070000000000000000e+02,1.967996199999999973e+01
6.071000000000000227e+02,1.620583399999999941e+01
6.072000000000000455e+02,1.644337499999999963e+01
6.072999999999999545e+02,1.668081700000000112e+01
6.073999999999999773e+02,1.555256600000000056e+01
6.075000000000000000e+02,1.575162599999999991e+01
6.076000000000000227e+02,1.708386300000000091e+01
6.077000000000000455e+02,1.731362800000000135e+01
6.077999999999999545e+02,1.754328800000000044e+01
6.078999999999999773e+02,1.861261000000000010e+01
6.080000000000000000e+02,1.886517800000000022e+01
6.081000000000000227e+02,1.534662900000000008e+01
6.082000000000000455e+02,1.550530900000000045e+01
6.082999999999999545e+02,1.566391100000000058e+01
6.083999999999999773e+02,1.465042099999999969e+01
6.085000000000000000e+02,1.478493300000000055e+01
6.086000000000000227e+02,1.640405700000000166e+01
6.087000000000000455e+02,1.656864399999999904e+01
6.087999999999999545e+02,1.673313900000000132e+01
6.088999999999999773e+02,1.795359499999999997e+01
6.090000000000000000e+02,1.813994800000000041e+01
6.091000000000000227e+02,1.695541000000000054e+01
6.092000000000000455e+02,1.711310200000000137e+01
6.092999999999999545e+02,1.727068999999999832e+01
6.093999999999999773e+02,1.713751999999999853e+01
6.095000000000000000e+02,1.728935999999999851e+01
6.096000000000000227e+02,1.830918000000000134e+01
6.097000000000000455e+02,1.847744199999999992e+01
6.097999999999999545e+02,1.864562499999999901e+01
6.098999999999999773e+02,1.942312000000000083e+01
6.100000000000000000e+02,1.960284599999999955e+01
6.101000000000000227e+02,2.091097600000000156e+01
6.102000000000000455e+02,2.111296000000000106e+01
6.102999999999999545e+02,2.131480300000000128e+01
6.103999999999999773e+02,2.200032600000000116e+01
6.105000000000000000e+02,2.221158199999999994e+01
6.106000000000000227e+02,2.235857999999999990e+01
6.107000000000000455e+02,2.256825200000000109e+01
6.107999999999999545e+02,2.277777000000000029e+01
6.108999999999999773e+02,2.295056100000000043e+01
6.110000000000000000e+02,2.315906400000000076e+01
6.111000000000000227e+02,1.851142600000000016e+01
6.112000000000000455e+02,1.863945899999999867e+01
6.112999999999999545e+02,1.876742099999999880e+01
6.113999999999999773e+02,1.723038599999999931e+01
6.115000000000000000e+02,1.733485299999999896e+01
6.116000000000000227e+02,1.887182599999999866e+01
6.117000000000000455e+02,1.899590299999999843e+01
6.117999999999999545e+02,1.911990099999999870e+01
6.118999999999999773e+02,2.014917600000000064e+01
6.120000000000000000e+02,2.028607399999999927e+01
6.121000000000000227e+02,7.482258999999999993e+00
6.122000000000000455e+02,7.494323999999999764e+00
6.122999999999999545e+02,7.506260000000000154e+00
6.123999999999999773e+02,3.334614000000000189e+00
6.125000000000000000e+02,3.334578000000000042e+00
6.126000000000000227e+02,7.269039000000000250e+00
6.127000000000000455e+02,7.279614999999999725e+00
6.127999999999999545e+02,7.290181999999999718e+00
6.128999999999999773e+02,1.002993000000000023e+01
6.130000000000000000e+02,1.005464699999999922e+01
6.131000000000000227e+02,-5.201489999999999725e+00
6.132000000000000455e+02,-5.171344000000000385e+00
6.132999999999999545e+02,-5.147573000000000398e+00
6.133999999999999773e+02,-2.503856999999999999e+00
6.135000000000000000e+02,-2.497090000000000032e+00
6.136000000000000227e+02,2.301471999999999962e+00
6.137000000000000455e+02,2.300621000000000027e+00
6.137999999999999545e+02,2.299770000000000092e+00
6.138999999999999773e+02,4.079093000000000302e+00
6.140000000000000000e+02,4.080277999999999849e+00
6.141000000000000227e+02,-1.455826000000000064e+00
6.142000000000000455e+02,-1.451270000000000060e+00
6.142999999999999545e+02,-1.447508999999999935e+00
6.143999999999999773e+02,-2.185580000000000023e-01
6.145000000000000000e+02,-2.178710000000000091e-01
6.146000000000000227e+02,1.495079999999999965e+00
6.147000000000000455e+02,1.494151999999999925e+00
6.147999999999999545e+02,1.493224000000000107e+00
6.148999999999999773e+02,2.280758000000000063e+00
6.150000000000000000e+02,2.279930999999999930e+00
6.151000000000000227e+02,3.559495000000000076e+00
6.152000000000000455e+02,3.559912000000000187e+00
6.152999999999999545e+02,3.560328999999999855e+00
6.153999999999999773e+02,4.104745999999999562e+00
6.155000000000000000e+02,4.106104000000000198e+00
6.156000000000000227e+02,4.023206000000000060e+00
6.157000000000000455e+02,4.024399999999999977e+00
6.157999999999999545e+02,4.025592999999999755e+00
6.158999999999999773e+02,3.943696000000000090e+00
6.160000000000000000e+02,3.944732999999999823e+00
6.161000000000000227e+02,3.060242000000000129e+00
6.162000000000000455e+02,3.059994999999999798e+00
6.162999999999999545e+02,3.059747000000000217e+00
6.163999999999999773e+02,2.728463000000000083e+00
6.165000000000000000e+02,2.727904000000000106e+00
6.166000000000000227e+02,2.915427000000000213e+00
6.167000000000000455e+02,2.915036000000000183e+00
6.167999999999999545e+02,2.914645000000000152e+00
6.168999999999999773e+02,3.037345999999999879e+00
6.170000000000000000e+02,3.037080000000000002e+00
6.171000000000000227e+02,1.478315000000000046e+00
6.172000000000000455e+02,1.477392000000000039e+00
6.172999999999999545e+02,1.476469000000000031e+00
6.173999999999999773e+02,9.512249999999999872e-01
6.175000000000000000e+02,9.505390000000000228e-01
6.176000000000000227e+02,1.393548000000000009e+00
6.177000000000000455e+02,1.392649999999999944e+00
6.177999999999999545e+02,1.391753000000000018e+00
6.178999999999999773e+02,1.686560999999999977e+00
6.180000000000000000e+02,1.685618000000000061e+00
6.181000000000000227e+02,1.012148999999999965e+00
6.182000000000000455e+02,1.011425000000000018e+00
6.182999999999999545e+02,1.010572999999999944e+00
6.183999999999999773e+02,1.825890000000000013e-01
6.185000000000000000e+02,1.826730000000000020e-01
6.186000000000000227e+02,9.031899999999999651e-02
6.187000000000000455e+02,9.053100000000000036e-02
6.187999999999999545e+02,9.074300000000000421e-02
6.188999999999999773e+02,2.979300000000000004e-02
6.190000000000000000e+02,3.009399999999999922e-02
6.191000000000000227e+02,-1.274939999999999962e+00
6.192000000000000455e+02,-1.271703000000000028e+00
6.192999999999999545e+02,-1.268428000000000111e+00
6.193999999999999773e+02,-1.521447999999999912e+00
6.195000000000000000e+02,-1.517706999999999917e+00
6.196000000000000227e+02,-1.476761999999999908e+00
6.197000000000000455e+02,-1.473136999999999919e+00
6.197999999999999545e+02,-1.469514999999999905e+00
6.198999999999999773e+02,-1.478936000000000028e+00
6.200000000000000000e+02,-1.475279999999999925e+00
6.201000000000000227e+02,-1.090659000000000045e+00
6.202000000000000455e+02,-1.088049000000000044e+00
6.202999999999999545e+02,-1.085441000000000100e+00
6.203999999999999773e+02,-9.582589999999999719e-01
6.205000000000000000e+02,-9.559609999999999497e-01
6.206000000000000227e+02,-1.030820000000000070e+00
6.207000000000000455e+02,-1.028318999999999983e+00
6.207999999999999545e+02,-1.025810000000000111e+00
6.208999999999999773e+02,-1.075966999999999896e+00
6.210000000000000000e+02,-1.073333000000000093e+00
6.211000000000000227e+02,2.910639999999999894e-01
6.212000000000000455e+02,2.910639999999999894e-01
6.212999999999999545e+02,2.910639999999999894e-01
6.213999999999999773e+02,1.217831000000000108e+00
6.215000000000000000e+02,1.217031999999999892e+00
6.216000000000000227e+02,1.222496000000000027e+00
6.217000000000000455e+02,1.221695999999999893e+00
6.217999999999999545e+02,1.220896999999999899e+00
6.218999999999999773e+02,1.190592000000000095e+00
6.220000000000000000e+02,1.189805999999999919e+00
6.221000000000000227e+02,3.583439999999999959e+00
6.222000000000000455e+02,3.584478999999999971e+00
6.222999999999999545e+02,3.585516000000000147e+00
6.223999999999999773e+02,4.547540999999999833e+00
6.225000000000000000e+02,4.550823000000000285e+00
6.226000000000000227e+02,3.951125000000000220e+00
6.227000000000000455e+02,3.952892999999999990e+00
6.227999999999999545e+02,3.954658999999999924e+00
6.228999999999999773e+02,3.529945000000000110e+00
6.230000000000000000e+02,3.530848000000000209e+00
6.231000000000000227e+02,5.614222999999999963e+00
6.232000000000000455e+02,5.620934000000000097e+00
6.232999999999999545e+02,5.627639000000000280e+00
6.233999999999999773e+02,6.276876999999999818e+00
6.235000000000000000e+02,6.286158999999999608e+00
6.236000000000000227e+02,5.534455999999999598e+00
6.237000000000000455e+02,5.540703999999999851e+00
6.237999999999999545e+02,5.546947000000000294e+00
6.238999999999999773e+02,5.035802000000000334e+00
6.240000000000000000e+02,5.040293000000000134e+00
6.241000000000000227e+02,7.900941999999999688e+00
6.242000000000000455e+02,7.918044000000000082e+00
6.242999999999999545e+02,7.935337999999999781e+00
6.243999999999999773e+02,8.854025999999999286e+00
6.245000000000000000e+02,8.876818000000000097e+00
6.246000000000000227e+02,7.887488000000000277e+00
6.247000000000000455e+02,7.904123000000000232e+00
6.247999999999999545e+02,7.920745000000000147e+00
6.248999999999999773e+02,7.249658000000000158e+00
6.250000000000000000e+02,7.262635999999999648e+00
6.251000000000000227e+02,6.864969999999999573e+00
6.252000000000000455e+02,6.875974000000000252e+00
6.252999999999999545e+02,6.886968000000000423e+00
6.253999999999999773e+02,6.654732000000000092e+00
6.255000000000000000e+02,6.664628999999999692e+00
6.256000000000000227e+02,6.531975000000000087e+00
6.257000000000000455e+02,6.541248000000000395e+00
6.257999999999999545e+02,6.550513999999999726e+00
6.258999999999999773e+02,6.476651000000000380e+00
6.260000000000000000e+02,6.485557000000000016e+00
6.261000000000000227e+02,3.989520999999999873e+00
6.262000000000000455e+02,3.990825000000000067e+00
6.262999999999999545e+02,3.992128000000000121e+00
6.263999999999999773e+02,3.127466000000000079e+00
6.265000000000000000e+02,3.127394999999999925e+00
6.266000000000000227e+02,3.794988000000000028e+00
6.267000000000000455e+02,3.795920000000000183e+00
6.267999999999999545e+02,3.796850000000000058e+00
6.268999999999999773e+02,4.259089000000000347e+00
6.270000000000000000e+02,4.260932000000000386e+00
6.271000000000000227e+02,2.090879000000000154e+00
6.272000000000000455e+02,2.090009999999999923e+00
6.272999999999999545e+02,2.089141000000000137e+00
6.273999999999999773e+02,1.433815999999999979e+00
6.275000000000000000e+02,1.432916000000000079e+00
6.276000000000000227e+02,2.186155999999999988e+00
6.277000000000000455e+02,2.185329999999999995e+00
6.277999999999999545e+02,2.184505000000000141e+00
6.278999999999999773e+02,2.703476999999999908e+00
6.280000000000000000e+02,2.702979000000000021e+00
6.281000000000000227e+02,3.012951999999999853e+00
6.282000000000000455e+02,3.012764000000000220e+00
6.282999999999999545e+02,3.012576000000000143e+00
6.283999999999999773e+02,3.194113999999999898e+00
6.285000000000000000e+02,3.194144999999999790e+00
6.286000000000000227e+02,3.299183999999999894e+00
6.287000000000000455e+02,3.299354999999999816e+00
6.287999999999999545e+02,3.299526000000000181e+00
6.288999999999999773e+02,3.359322999999999837e+00
6.290000000000000000e+02,3.359576999999999813e+00
6.291000000000000227e+02,4.207940999999999931e+00
6.292000000000000455e+02,4.209717000000000375e+00
6.292999999999999545e+02,4.211490000000000400e+00
6.293999999999999773e+02,4.510265999999999664e+00
6.295000000000000000e+02,4.512711999999999612e+00
6.296000000000000227e+02,4.293567000000000355e+00
6.297000000000000455e+02,4.295498000000000260e+00
6.297999999999999545e+02,4.297426999999999886e+00
6.298999999999999773e+02,4.143476999999999855e+00
6.300000000000000000e+02,4.145069999999999588e+00
6.301000000000000227e+02,8.157121999999999318e+00
6.302000000000000455e+02,8.173856999999999928e+00
6.302999999999999545e+02,8.190576999999999330e+00
6.303999999999999773e+02,9.551233999999999114e+00
6.305000000000000000e+02,9.575946999999999321e+00
6.306000000000000227e+02,8.397627999999999204e+00
6.307000000000000455e+02,8.415077000000000140e+00
6.307999999999999545e+02,8.432510999999999868e+00
6.308999999999999773e+02,7.630232000000000347e+00
6.310000000000000000e+02,7.643424999999999692e+00
6.311000000000000227e+02,1.050106599999999979e+01
6.312000000000000455e+02,1.053111799999999931e+01
6.312999999999999545e+02,1.056114600000000081e+01
6.313999999999999773e+02,1.144800200000000068e+01
6.315000000000000000e+02,1.148314300000000010e+01
6.316000000000000227e+02,1.041330600000000040e+01
6.317000000000000455e+02,1.044052699999999945e+01
6.317999999999999545e+02,1.046772499999999972e+01
6.318999999999999773e+02,9.753030000000000754e+00
6.320000000000000000e+02,9.775601999999999236e+00
6.321000000000000227e+02,1.104992400000000075e+01
6.322000000000000455e+02,1.108037500000000009e+01
6.322999999999999545e+02,1.111079900000000009e+01
6.323999999999999773e+02,1.147184000000000026e+01
6.325000000000000000e+02,1.150446099999999916e+01
6.326000000000000227e+02,1.092427700000000002e+01
6.327000000000000455e+02,1.095275200000000027e+01
6.327999999999999545e+02,1.098120300000000071e+01
6.328999999999999773e+02,1.060438000000000081e+01
6.330000000000000000e+02,1.063024899999999917e+01
6.331000000000000227e+02,1.213397199999999998e+01
6.332000000000000455e+02,1.216987899999999989e+01
6.332999999999999545e+02,1.220654599999999945e+01
6.333999999999999773e+02,1.271480099999999958e+01
6.335000000000000000e+02,1.275493600000000072e+01
6.336000000000000227e+02,1.225863900000000051e+01
6.337000000000000455e+02,1.229478699999999947e+01
6.337999999999999545e+02,1.233091100000000040e+01
6.338999999999999773e+02,1.200744599999999984e+01
6.340000000000000000e+02,1.204095799999999983e+01
6.341000000000000227e+02,1.099362299999999948e+01
6.342000000000000455e+02,1.102011800000000008e+01
6.342999999999999545e+02,1.104659400000000069e+01
6.343999999999999773e+02,1.064316099999999921e+01
6.345000000000000000e+02,1.066706199999999960e+01
6.346000000000000227e+02,1.083052799999999927e+01
6.347000000000000455e+02,1.085520200000000024e+01
6.347999999999999545e+02,1.087985800000000047e+01
6.348999999999999773e+02,1.101435700000000040e+01
6.350000000000000000e+02,1.103961499999999951e+01
6.351000000000000227e+02,8.525287999999999755e+00
6.352000000000000455e+02,8.537718999999999170e+00
6.352999999999999545e+02,8.550138999999999712e+00
6.353999999999999773e+02,7.688723000000000418e+00
6.355000000000000000e+02,7.697700000000000209e+00
6.356000000000000227e+02,8.431330000000000879e+00
6.357000000000000455e+02,8.443094999999999573e+00
6.357999999999999545e+02,8.454850000000000421e+00
6.358999999999999773e+02,8.985587999999999909e+00
6.360000000000000000e+02,8.999510000000000787e+00
6.361000000000000227e+02,4.127240999999999715e+00
6.362000000000000455e+02,4.127323999999999771e+00
6.362999999999999545e+02,4.127405999999999686e+00
6.363999999999999773e+02,2.435874999999999790e+00
6.365000000000000000e+02,2.434715000000000185e+00
6.366000000000000227e+02,3.858334000000000152e+00
6.367000000000000455e+02,3.858108000000000093e+00
6.367999999999999545e+02,3.857882000000000033e+00
6.368999999999999773e+02,4.879233000000000153e+00
6.370000000000000000e+02,4.880467000000000333e+00
6.371000000000000227e+02,2.077501999999999960e+00
6.372000000000000455e+02,2.076341000000000214e+00
6.372999999999999545e+02,2.075181000000000164e+00
6.373999999999999773e+02,1.220485000000000042e+00
6.375000000000000000e+02,1.219589999999999952e+00
6.376000000000000227e+02,2.289969000000000143e+00
6.377000000000000455e+02,2.288825000000000109e+00
6.377999999999999545e+02,2.287682999999999911e+00
6.378999999999999773e+02,3.055041000000000118e+00
6.380000000000000000e+02,3.054155000000000175e+00
6.381000000000000227e+02,2.675448999999999966e+00
6.382000000000000455e+02,2.674379000000000062e+00
6.382999999999999545e+02,2.673309000000000157e+00
6.383999999999999773e+02,2.654762999999999984e+00
6.385000000000000000e+02,2.653688999999999965e+00
6.386000000000000227e+02,3.052808000000000188e+00
6.387000000000000455e+02,3.051934000000000147e+00
6.387999999999999545e+02,3.051060999999999801e+00
6.388999999999999773e+02,3.317705000000000126e+00
6.390000000000000000e+02,3.317023999999999972e+00
6.391000000000000227e+02,2.616500999999999966e+00
6.392000000000000455e+02,2.615420999999999996e+00
6.392999999999999545e+02,2.614342999999999861e+00
6.393999999999999773e+02,2.394095000000000084e+00
6.395000000000000000e+02,2.392987000000000197e+00
6.396000000000000227e+02,2.664222000000000090e+00
6.397000000000000455e+02,2.663168000000000202e+00
6.397999999999999545e+02,2.662115000000000009e+00
6.398999999999999773e+02,2.847822999999999993e+00
6.400000000000000000e+02,2.846855999999999831e+00
6.401000000000000227e+02,3.824151000000000078e+00
6.402000000000000455e+02,3.823990999999999918e+00
6.402999999999999545e+02,3.823831000000000202e+00
6.403999999999999773e+02,4.207889999999999908e+00
6.405000000000000000e+02,4.208216000000000179e+00
6.406000000000000227e+02,4.028857999999999606e+00
6.407000000000000455e+02,4.028944000000000081e+00
6.407999999999999545e+02,4.029029999999999667e+00
6.408999999999999773e+02,3.893480999999999970e+00
6.410000000000000000e+02,3.893400999999999890e+00
6.411000000000000227e+02,9.021198999999999302e+00
6.412000000000000455e+02,9.035812999999999207e+00
6.412999999999999545e+02,9.050413999999999959e+00
6.413999999999999773e+02,1.090530500000000025e+01
6.415000000000000000e+02,1.092926600000000015e+01
6.416000000000000227e+02,9.567945999999999174e+00
6.417000000000000455e+02,9.584619999999999251e+00
6.417999999999999545e+02,9.601281000000000176e+00
6.418999999999999773e+02,8.642597000000000307e+00
6.420000000000000000e+02,8.654908000000000712e+00
6.421000000000000227e+02,1.417156999999999911e+01
6.422000000000000455e+02,1.421605300000000049e+01
6.422999999999999545e+02,1.426050599999999946e+01
6.423999999999999773e+02,1.615683699999999945e+01
6.425000000000000000e+02,1.621608200000000011e+01
6.426000000000000227e+02,1.447909300000000066e+01
6.427000000000000455e+02,1.452389400000000030e+01
6.427999999999999545e+02,1.456866400000000006e+01
6.428999999999999773e+02,1.336669499999999999e+01
6.430000000000000000e+02,1.340264799999999923e+01
6.431000000000000227e+02,1.005122000000000071e+01
6.432000000000000455e+02,1.006805600000000034e+01
6.432999999999999545e+02,1.008487799999999979e+01
6.433999999999999773e+02,8.650038999999999589e+00
6.435000000000000000e+02,8.660736999999999242e+00
6.436000000000000227e+02,9.007720000000000837e+00
6.437000000000000455e+02,9.019631999999999650e+00
6.437999999999999545e+02,9.031532000000000338e+00
6.438999999999999773e+02,9.323332999999999871e+00
6.440000000000000000e+02,9.336321999999999122e+00
6.441000000000000227e+02,4.330210000000000115e+00
6.442000000000000455e+02,4.330093999999999888e+00
6.442999999999999545e+02,4.329977999999999660e+00
6.443999999999999773e+02,2.469133999999999940e+00
6.445000000000000000e+02,2.467842000000000091e+00
6.446000000000000227e+02,3.734485999999999972e+00
6.447000000000000455e+02,3.733788000000000107e+00
6.447999999999999545e+02,3.733092000000000077e+00
6.448999999999999773e+02,4.670931999999999640e+00
6.450000000000000000e+02,4.671266000000000140e+00
6.451000000000000227e+02,6.156212000000000018e+00
6.452000000000000455e+02,6.159214000000000411e+00
6.452999999999999545e+02,6.162213000000000385e+00
6.453999999999999773e+02,6.901735999999999649e+00
6.455000000000000000e+02,6.906518000000000157e+00
6.456000000000000227e+02,6.972464000000000439e+00
6.457000000000000455e+02,6.977399000000000129e+00
6.457999999999999545e+02,6.982329000000000008e+00
6.458999999999999773e+02,7.009986999999999746e+00
6.460000000000000000e+02,7.014967999999999648e+00
6.461000000000000227e+02,7.035588999999999871e+00
6.462000000000000455e+02,7.040601999999999805e+00
6.462999999999999545e+02,7.045609999999999928e+00
6.463999999999999773e+02,7.062532000000000032e+00
6.465000000000000000e+02,7.067561999999999678e+00
6.466000000000000227e+02,7.082130000000000258e+00
6.467000000000000455e+02,7.087175000000000225e+00
6.467999999999999545e+02,7.092215000000000380e+00
6.468999999999999773e+02,7.105302000000000007e+00
6.470000000000000000e+02,7.110354000000000063e+00
6.471000000000000227e+02,7.122489999999999988e+00
6.472000000000000455e+02,7.127551000000000414e+00
6.472999999999999545e+02,7.132607000000000141e+00
6.473999999999999773e+02,7.144160000000000288e+00
6.475000000000000000e+02,7.149223000000000106e+00
6.476000000000000227e+02,7.160408999999999580e+00
6.477000000000000455e+02,7.165479000000000376e+00
6.477999999999999545e+02,7.170543000000000333e+00
6.478999999999999773e+02,7.181521000000000043e+00
6.480000000000000000e+02,7.186590999999999951e+00
6.481000000000000227e+02,5.463993000000000322e+00
6.482000000000000455e+02,5.465276000000000245e+00
6.482999999999999545e+02,5.466558000000000028e+00
6.483999999999999773e+02,4.793465999999999561e+00
6.485000000000000000e+02,4.793722999999999956e+00
6.486000000000000227e+02,5.181401000000000145e+00
6.487000000000000455e+02,5.182215000000000238e+00
6.487999999999999545e+02,5.183027000000000051e+00
6.488999999999999773e+02,5.474243999999999666e+00
6.490000000000000000e+02,5.475526000000000337e+00
6.491000000000000227e+02,3.078244000000000202e+00
6.492000000000000455e+02,3.077024999999999899e+00
6.492999999999999545e+02,3.075807000000000180e+00
6.493999999999999773e+02,2.185356000000000076e+00
6.495000000000000000e+02,2.184045999999999932e+00
6.496000000000000227e+02,2.817425000000000068e+00
6.497000000000000455e+02,2.816133999999999915e+00
6.497999999999999545e+02,2.814845000000000041e+00
6.498999999999999773e+02,3.287186000000000163e+00
6.500000000000000000e+02,3.286080000000000112e+00
6.501000000000000227e+02,-2.685278999999999971e+00
6.502000000000000455e+02,-2.677506000000000164e+00
6.502999999999999545e+02,-2.670345000000000191e+00
6.503999999999999773e+02,-2.534870000000000179e+00
6.505000000000000000e+02,-2.529084000000000110e+00
6.506000000000000227e+02,-5.995030000000000081e-01
6.507000000000000455e+02,-5.982600000000000140e-01
6.507999999999999545e+02,-5.970189999999999664e-01
6.508999999999999773e+02,-1.323280000000000012e-01
6.510000000000000000e+02,-1.318400000000000127e-01
6.511000000000000227e+02,-5.117455999999999783e+00
6.512000000000000455e+02,-5.099694999999999645e+00
6.512999999999999545e+02,-5.081673000000000329e+00
6.513999999999999773e+02,-6.035268000000000299e+00
6.515000000000000000e+02,-6.014915000000000234e+00
6.516000000000000227e+02,-5.760915999999999926e+00
6.517000000000000455e+02,-5.741813999999999751e+00
6.517999999999999545e+02,-5.722723000000000226e+00
6.518999999999999773e+02,-5.678012999999999977e+00
6.520000000000000000e+02,-5.659075999999999773e+00
6.521000000000000227e+02,-7.106575000000000308e+00
6.522000000000000455e+02,-7.078331999999999624e+00
6.522999999999999545e+02,-7.049935999999999758e+00
6.523999999999999773e+02,-7.320560000000000400e+00
6.525000000000000000e+02,-7.291326999999999892e+00
6.526000000000000227e+02,-7.221753999999999785e+00
6.527000000000000455e+02,-7.192817999999999934e+00
6.527999999999999545e+02,-7.163897000000000403e+00
6.528999999999999773e+02,-7.152396000000000420e+00
6.530000000000000000e+02,-7.123388000000000275e+00
6.531000000000000227e+02,-6.662945999999999813e+00
6.532000000000000455e+02,-6.636775000000000091e+00
6.532999999999999545e+02,-6.610617000000000409e+00
6.533999999999999773e+02,-6.447466000000000363e+00
6.535000000000000000e+02,-6.422157000000000338e+00
6.536000000000000227e+02,-6.484014000000000166e+00
6.537000000000000455e+02,-6.458225999999999800e+00
6.537999999999999545e+02,-6.432400999999999591e+00
6.538999999999999773e+02,-6.466999000000000386e+00
6.540000000000000000e+02,-6.440853999999999857e+00
6.541000000000000227e+02,-1.044732300000000080e+01
6.542000000000000455e+02,-1.038133000000000017e+01
6.542999999999999545e+02,-1.031468300000000049e+01
6.543999999999999773e+02,-1.101941799999999994e+01
6.545000000000000000e+02,-1.094955900000000071e+01
6.546000000000000227e+02,-1.069562200000000018e+01
6.547000000000000455e+02,-1.062796299999999938e+01
6.547999999999999545e+02,-1.056035900000000005e+01
6.548999999999999773e+02,-1.048074399999999962e+01
6.550000000000000000e+02,-1.041618500000000047e+01
6.551000000000000227e+02,-1.492565300000000050e+01
6.552000000000000455e+02,-1.479324699999999915e+01
6.552999999999999545e+02,-1.465960199999999958e+01
6.553999999999999773e+02,-1.538986700000000063e+01
6.555000000000000000e+02,-1.525144799999999989e+01
6.556000000000000227e+02,-1.490131000000000050e+01
6.557000000000000455e+02,-1.476660700000000048e+01
6.557999999999999545e+02,-1.463024500000000039e+01
6.558999999999999773e+02,-1.447855599999999932e+01
6.560000000000000000e+02,-1.434208699999999936e+01
6.561000000000000227e+02,-1.423681500000000000e+01
6.562000000000000455e+02,-1.410000100000000067e+01
6.562999999999999545e+02,-1.396329099999999990e+01
6.563999999999999773e+02,-1.386118100000000020e+01
6.565000000000000000e+02,-1.372403800000000018e+01
6.566000000000000227e+02,-1.361998200000000026e+01
6.567000000000000455e+02,-1.348242100000000043e+01
6.567999999999999545e+02,-1.334495899999999935e+01
6.568999999999999773e+02,-1.323846499999999970e+01
6.570000000000000000e+02,-1.310059700000000049e+01
6.571000000000000227e+02,-8.558386999999999745e+00
6.572000000000000455e+02,-8.493774999999999409e+00
6.572999999999999545e+02,-8.429197999999999524e+00
6.573999999999999773e+02,-6.810094999999999565e+00
6.575000000000000000e+02,-6.763546999999999976e+00
6.576000000000000227e+02,-7.297458999999999918e+00
6.577000000000000455e+02,-7.245098999999999734e+00
6.577999999999999545e+02,-7.191957999999999629e+00
6.578999999999999773e+02,-7.426821000000000339e+00
6.580000000000000000e+02,-7.370906999999999876e+00
6.581000000000000227e+02,-5.849893999999999927e+00
6.582000000000000455e+02,-5.812367000000000061e+00
6.582999999999999545e+02,-5.774862999999999857e+00
6.583999999999999773e+02,-5.264264999999999972e+00
6.585000000000000000e+02,-5.231364000000000125e+00
6.586000000000000227e+02,-5.426484000000000307e+00
6.587000000000000455e+02,-5.391595999999999833e+00
6.587999999999999545e+02,-5.356451999999999991e+00
6.588999999999999773e+02,-5.436774999999999913e+00
6.590000000000000000e+02,-5.400686999999999571e+00
6.591000000000000227e+02,-8.728004000000000318e+00
6.592000000000000455e+02,-8.636953999999999354e+00
6.592999999999999545e+02,-8.544878999999999891e+00
6.593999999999999773e+02,-9.089586999999999861e+00
6.595000000000000000e+02,-8.993206000000000699e+00
6.596000000000000227e+02,-8.742513000000000645e+00
6.597000000000000455e+02,-8.649271000000000598e+00
6.597999999999999545e+02,-8.556077999999999406e+00
6.598999999999999773e+02,-8.442691999999999197e+00
6.600000000000000000e+02,-8.350006000000000483e+00
6.601000000000000227e+02,-1.278975900000000010e+01
6.602000000000000455e+02,-1.256381099999999940e+01
6.602999999999999545e+02,-1.233558900000000058e+01
6.603999999999999773e+02,-1.292392399999999952e+01
6.605000000000000000e+02,-1.268677399999999977e+01
6.606000000000000227e+02,-1.221537999999999968e+01
6.607000000000000455e+02,-1.198688899999999968e+01
6.607999999999999545e+02,-1.175846300000000078e+01
6.608999999999999773e+02,-1.149352700000000027e+01
6.610000000000000000e+02,-1.126669099999999979e+01
6.611000000000000227e+02,-1.170471500000000020e+01
6.612000000000000455e+02,-1.144801900000000039e+01
6.612999999999999545e+02,-1.119088900000000031e+01
6.613999999999999773e+02,-1.105858300000000050e+01
6.615000000000000000e+02,-1.079945099999999947e+01
6.616000000000000227e+02,-1.051641099999999973e+01
6.617000000000000455e+02,-1.025824399999999947e+01
6.617999999999999545e+02,-1.000007599999999996e+01
6.618999999999999773e+02,-9.740232000000000667e+00
6.620000000000000000e+02,-9.482181000000000637e+00
6.621000000000000227e+02,-9.225808000000000675e+00
6.622000000000000455e+02,-8.967698999999999643e+00
6.622999999999999545e+02,-8.709602999999999540e+00
6.623999999999999773e+02,-8.452709999999999724e+00
6.625000000000000000e+02,-8.194558999999999926e+00
6.626000000000000227e+02,-7.936950000000000394e+00
6.627000000000000455e+02,-7.678771000000000235e+00
6.627999999999999545e+02,-7.420583999999999847e+00
6.628999999999999773e+02,-7.162345000000000184e+00
6.630000000000000000e+02,-6.904132999999999853e+00
6.631000000000000227e+02,-2.886356999999999839e+00
6.632000000000000455e+02,-2.830610000000000070e+00
6.632999999999999545e+02,-2.774871000000000087e+00
6.633999999999999773e+02,-1.412279000000000062e+00
6.635000000000000000e+02,-1.390376999999999974e+00
6.636000000000000227e+02,-1.853437999999999919e+00
6.637000000000000455e+02,-1.821582000000000034e+00
6.637999999999999545e+02,-1.788324999999999942e+00
6.638999999999999773e+02,-1.982148999999999939e+00
6.640000000000000000e+02,-1.943789999999999907e+00
6.641000000000000227e+02,-6.623689999999999856e-01
6.642000000000000455e+02,-6.538100000000000023e-01
6.642999999999999545e+02,-6.452510000000000190e-01
6.643999999999999773e+02,-2.148849999999999927e-01
6.645000000000000000e+02,-2.112940000000000096e-01
6.646000000000000227e+02,-3.904219999999999913e-01
6.647000000000000455e+02,-3.850000000000000089e-01
6.647999999999999545e+02,-3.793750000000000178e-01
6.648999999999999773e+02,-4.607450000000000156e-01
6.650000000000000000e+02,-4.541789999999999994e-01
6.651000000000000227e+02,1.867402000000000006e+00
6.652000000000000455e+02,1.877748999999999890e+00
6.652999999999999545e+02,1.888095999999999997e+00
6.653999999999999773e+02,2.773721999999999799e+00
6.655000000000000000e+02,2.802093999999999863e+00
6.656000000000000227e+02,2.338076000000000043e+00
6.657000000000000455e+02,2.355440000000000200e+00
6.657999999999999545e+02,2.372803000000000218e+00
6.658999999999999773e+02,2.034750999999999976e+00
6.660000000000000000e+02,2.045923000000000158e+00
6.661000000000000227e+02,4.246584000000000358e+00
6.662000000000000455e+02,4.314644999999999619e+00
6.662999999999999545e+02,4.382699999999999818e+00
6.663999999999999773e+02,5.197429999999999772e+00
6.665000000000000000e+02,5.293093999999999966e+00
6.666000000000000227e+02,4.553022000000000347e+00
6.667000000000000455e+02,4.618826000000000320e+00
6.667999999999999545e+02,4.684624000000000343e+00
6.668999999999999773e+02,4.157830999999999833e+00
6.670000000000000000e+02,4.206500000000000128e+00
6.671000000000000227e+02,1.400494699999999959e+01
6.672000000000000455e+02,1.461368799999999979e+01
6.672999999999999545e+02,1.522244099999999989e+01
6.673999999999999773e+02,2.015441799999999972e+01
6.675000000000000000e+02,2.112629300000000043e+01
6.676000000000000227e+02,1.818849900000000019e+01
6.677000000000000455e+02,1.884912200000000126e+01
6.677999999999999545e+02,1.950971699999999842e+01
6.678999999999999773e+02,1.718036599999999936e+01
6.680000000000000000e+02,1.766087299999999871e+01
6.681000000000000227e+02,1.283850600000000064e+01
6.682000000000000455e+02,1.307429400000000008e+01
6.682999999999999545e+02,1.331003199999999964e+01
6.683999999999999773e+02,1.116747999999999941e+01
6.685000000000000000e+02,1.132536900000000024e+01
6.686000000000000227e+02,1.183725899999999953e+01
6.687000000000000455e+02,1.200550199999999990e+01
6.687999999999999545e+02,1.217368300000000048e+01
6.688999999999999773e+02,1.268142600000000009e+01
6.690000000000000000e+02,1.285932099999999956e+01
6.691000000000000227e+02,1.625337299999999985e+01
6.692000000000000455e+02,1.653537100000000137e+01
6.692999999999999545e+02,1.681726700000000108e+01
6.693999999999999773e+02,1.835318200000000033e+01
6.695000000000000000e+02,1.867896000000000001e+01
6.696000000000000227e+02,1.821126399999999990e+01
6.697000000000000455e+02,1.850927499999999881e+01
6.697999999999999545e+02,1.880716699999999975e+01
6.698999999999999773e+02,1.853525799999999890e+01
6.700000000000000000e+02,1.881489799999999946e+01
6.701000000000000227e+02,1.407879499999999950e+01
6.702000000000000455e+02,1.422576699999999938e+01
6.702999999999999545e+02,1.437266499999999958e+01
6.703999999999999773e+02,1.268437899999999985e+01
6.705000000000000000e+02,1.279431899999999978e+01
6.706000000000000227e+02,1.417821099999999923e+01
6.707000000000000455e+02,1.431275499999999923e+01
6.707999999999999545e+02,1.444723899999999972e+01
6.708999999999999773e+02,1.551962100000000078e+01
6.710000000000000000e+02,1.567301900000000003e+01
6.711000000000000227e+02,3.718919000000000086e+00
6.712000000000000455e+02,3.707685000000000120e+00
6.712999999999999545e+02,3.702294000000000196e+00
6.713999999999999773e+02,1.425170000000000048e+00
6.715000000000000000e+02,1.424539999999999917e+00
6.716000000000000227e+02,4.573665000000000092e+00
6.717000000000000455e+02,4.581576000000000093e+00
6.717999999999999545e+02,4.589483000000000423e+00
6.718999999999999773e+02,6.747778000000000276e+00
6.720000000000000000e+02,6.769821999999999562e+00
6.721000000000000227e+02,8.089121999999999701e+00
6.722000000000000455e+02,8.122785999999999618e+00
6.722999999999999545e+02,8.156432000000000571e+00
6.723999999999999773e+02,8.976755000000000706e+00
6.725000000000000000e+02,9.018387999999999849e+00
6.726000000000000227e+02,9.537815999999999406e+00
6.727000000000000455e+02,9.584574999999999179e+00
6.727999999999999545e+02,9.631301999999999808e+00
6.728999999999999773e+02,9.974600000000000577e+00
6.730000000000000000e+02,1.002459699999999998e+01
6.731000000000000227e+02,1.025968400000000003e+01
6.732000000000000455e+02,1.031173300000000026e+01
6.732999999999999545e+02,1.036374499999999976e+01
6.733999999999999773e+02,1.053553100000000065e+01
6.735000000000000000e+02,1.058883800000000086e+01
6.736000000000000227e+02,1.072160900000000083e+01
6.737000000000000455e+02,1.077575099999999964e+01
6.737999999999999545e+02,1.082985299999999995e+01
6.738999999999999773e+02,1.094000800000000062e+01
6.740000000000000000e+02,1.099466600000000049e+01
6.741000000000000227e+02,1.109091100000000019e+01
6.742000000000000455e+02,1.114597499999999997e+01
6.742999999999999545e+02,1.120100599999999957e+01
6.743999999999999773e+02,1.128944000000000081e+01
6.745000000000000000e+02,1.134476100000000010e+01
6.746000000000000227e+02,1.142840999999999951e+01
6.747000000000000455e+02,1.148396200000000000e+01
6.747999999999999545e+02,1.153947100000000070e+01
6.748999999999999773e+02,1.162050699999999992e+01
6.750000000000000000e+02,1.167621100000000034e+01
6.751000000000000227e+02,-4.865686000000000178e+00
6.752000000000000455e+02,-4.829532000000000380e+00
6.752999999999999545e+02,-4.800652999999999615e+00
6.753999999999999773e+02,-3.381912999999999947e+00
6.755000000000000000e+02,-3.368647000000000169e+00
6.756000000000000227e+02,1.394887999999999906e+00
6.757000000000000455e+02,1.394114999999999993e+00
6.757999999999999545e+02,1.393342999999999998e+00
6.758999999999999773e+02,2.719047999999999909e+00
6.760000000000000000e+02,2.719269999999999854e+00
6.761000000000000227e+02,2.697433000000000192e+00
6.762000000000000455e+02,2.697621999999999964e+00
6.762999999999999545e+02,2.697811000000000181e+00
6.763999999999999773e+02,2.854511000000000021e+00
6.765000000000000000e+02,2.854944000000000148e+00
6.766000000000000227e+02,3.286300999999999917e+00
6.767000000000000455e+02,3.287549999999999972e+00
6.767999999999999545e+02,3.288797999999999888e+00
6.768999999999999773e+02,3.559417999999999971e+00
6.770000000000000000e+02,3.561280000000000001e+00
6.771000000000000227e+02,-5.806447999999999610e+00
6.772000000000000455e+02,-5.765856000000000314e+00
6.772999999999999545e+02,-5.728022000000000169e+00
6.773999999999999773e+02,-5.789568000000000048e+00
6.775000000000000000e+02,-5.756898999999999766e+00
6.776000000000000227e+02,-3.585084999999999855e+00
6.777000000000000455e+02,-3.569789000000000101e+00
6.777999999999999545e+02,-3.554502999999999968e+00
6.778999999999999773e+02,-3.042028000000000176e+00
6.780000000000000000e+02,-3.029917000000000193e+00
6.781000000000000227e+02,-9.009558000000000177e+00
6.782000000000000455e+02,-8.925411999999999679e+00
6.782999999999999545e+02,-8.839791999999999206e+00
6.783999999999999773e+02,-9.885616000000000625e+00
6.785000000000000000e+02,-9.793155999999999750e+00
6.786000000000000227e+02,-9.400907000000000124e+00
6.787000000000000455e+02,-9.313700000000000756e+00
6.787999999999999545e+02,-9.226635999999999171e+00
6.788999999999999773e+02,-9.098568999999999463e+00
6.790000000000000000e+02,-9.012415999999999983e+00
6.791000000000000227e+02,-1.075668499999999916e+01
6.792000000000000455e+02,-1.063122599999999984e+01
6.792999999999999545e+02,-1.050512600000000063e+01
6.793999999999999773e+02,-1.072954799999999942e+01
6.795000000000000000e+02,-1.060087599999999952e+01
6.796000000000000227e+02,-1.040013800000000010e+01
6.797000000000000455e+02,-1.027323999999999948e+01
6.797999999999999545e+02,-1.014640799999999921e+01
6.798999999999999773e+02,-1.002314200000000000e+01
6.800000000000000000e+02,-9.896357000000000070e+00
6.801000000000000227e+02,-1.191003399999999957e+01
6.802000000000000455e+02,-1.171907799999999966e+01
6.802999999999999545e+02,-1.152710300000000032e+01
6.803999999999999773e+02,-1.173051800000000000e+01
6.805000000000000000e+02,-1.153464499999999937e+01
6.806000000000000227e+02,-1.124288800000000066e+01
6.807000000000000455e+02,-1.105033099999999990e+01
6.807999999999999545e+02,-1.085782500000000006e+01
6.808999999999999773e+02,-1.066070400000000085e+01
6.810000000000000000e+02,-1.046851599999999927e+01
6.811000000000000227e+02,-9.401552000000000575e+00
6.812000000000000455e+02,-9.239369999999999195e+00
6.812999999999999545e+02,-9.077251999999999654e+00
6.813999999999999773e+02,-8.629754999999999399e+00
6.815000000000000000e+02,-8.476416999999999646e+00
6.816000000000000227e+02,-8.441850000000000520e+00
6.817000000000000455e+02,-8.285052000000000305e+00
6.817999999999999545e+02,-8.127451000000000647e+00
6.818999999999999773e+02,-8.032147000000000148e+00
6.820000000000000000e+02,-7.873072999999999766e+00
6.821000000000000227e+02,-2.839064000000000032e+00
6.822000000000000455e+02,-2.811976000000000031e+00
6.822999999999999545e+02,-2.784895000000000120e+00
6.823999999999999773e+02,-1.024489999999999901e+00
6.825000000000000000e+02,-1.016964999999999897e+00
6.826000000000000227e+02,-1.650438999999999989e+00
6.827000000000000455e+02,-1.637440000000000007e+00
6.827999999999999545e+02,-1.623725000000000085e+00
6.828999999999999773e+02,-1.921615000000000073e+00
6.830000000000000000e+02,-1.904922000000000004e+00
6.831000000000000227e+02,-2.924446999999999797e+00
6.832000000000000455e+02,-2.890160999999999980e+00
6.832999999999999545e+02,-2.855335000000000178e+00
6.833999999999999773e+02,-3.052726999999999968e+00
6.835000000000000000e+02,-3.015877000000000141e+00
6.836000000000000227e+02,-2.976982000000000017e+00
6.837000000000000455e+02,-2.940190999999999999e+00
6.837999999999999545e+02,-2.903408000000000211e+00
6.838999999999999773e+02,-2.871753000000000000e+00
6.840000000000000000e+02,-2.834874000000000116e+00
6.841000000000000227e+02,8.773360000000000047e-01
6.842000000000000455e+02,8.769320000000000448e-01
6.842999999999999545e+02,8.765279999999999738e-01
6.843999999999999773e+02,2.166942000000000146e+00
6.845000000000000000e+02,2.172217999999999982e+00
6.846000000000000227e+02,1.857191999999999954e+00
6.847000000000000455e+02,1.860246000000000066e+00
6.847999999999999545e+02,1.863297999999999899e+00
6.848999999999999773e+02,1.614001000000000019e+00
6.850000000000000000e+02,1.615685999999999956e+00
6.851000000000000227e+02,9.702776000000000067e+00
6.852000000000000455e+02,9.900465999999999767e+00
6.852999999999999545e+02,1.009812800000000088e+01
6.853999999999999773e+02,1.329474199999999939e+01
6.855000000000000000e+02,1.362868500000000083e+01
6.856000000000000227e+02,1.124072800000000072e+01
6.857000000000000455e+02,1.145361899999999977e+01
6.857999999999999545e+02,1.166647099999999959e+01
6.858999999999999773e+02,9.900522999999999740e+00
6.860000000000000000e+02,1.004590899999999998e+01
6.861000000000000227e+02,9.829743999999999815e+00
6.862000000000000455e+02,9.964332999999999885e+00
6.862999999999999545e+02,1.009889300000000034e+01
6.863999999999999773e+02,9.783647999999999456e+00
6.865000000000000000e+02,9.906178999999999846e+00
6.866000000000000227e+02,9.324408000000000030e+00
6.867000000000000455e+02,9.429116000000000497e+00
6.867999999999999545e+02,9.533784000000000702e+00
6.868999999999999773e+02,9.187699000000000282e+00
6.870000000000000000e+02,9.282000999999999280e+00
6.871000000000000227e+02,6.275112000000000023e+00
6.872000000000000455e+02,6.313310999999999673e+00
6.872999999999999545e+02,6.351493999999999751e+00
6.873999999999999773e+02,5.258855999999999753e+00
6.875000000000000000e+02,5.282856999999999914e+00
6.876000000000000227e+02,6.031901999999999653e+00
6.877000000000000455e+02,6.064556999999999753e+00
6.877999999999999545e+02,6.097198999999999813e+00
6.878999999999999773e+02,6.653772000000000020e+00
6.880000000000000000e+02,6.693265000000000242e+00
6.881000000000000227e+02,9.559136999999999773e+00
6.882000000000000455e+02,9.646036000000000499e+00
6.882999999999999545e+02,9.732903000000000304e+00
6.883999999999999773e+02,1.091594899999999946e+01
6.885000000000000000e+02,1.102510799999999946e+01
6.886000000000000227e+02,1.052907500000000063e+01
6.887000000000000455e+02,1.062567999999999913e+01
6.887999999999999545e+02,1.072223999999999933e+01
6.888999999999999773e+02,1.038382200000000033e+01
6.890000000000000000e+02,1.047206000000000081e+01
6.891000000000000227e+02,7.014990000000000059e+00
6.892000000000000455e+02,7.049910999999999817e+00
6.892999999999999545e+02,7.084814999999999863e+00
6.893999999999999773e+02,5.840584999999999916e+00
6.895000000000000000e+02,5.862222000000000044e+00
6.896000000000000227e+02,6.738278000000000212e+00
6.897000000000000455e+02,6.768378000000000227e+00
6.897999999999999545e+02,6.798462999999999923e+00
6.898999999999999773e+02,7.440305999999999642e+00
6.900000000000000000e+02,7.477084999999999759e+00
6.901000000000000227e+02,-1.289322999999999997e+00
6.902000000000000455e+02,-1.280424000000000007e+00
6.902999999999999545e+02,-1.273595000000000033e+00
6.903999999999999773e+02,-5.571080000000000476e-01
6.905000000000000000e+02,-5.551070000000000171e-01
6.906000000000000227e+02,1.643151000000000028e+00
6.907000000000000455e+02,1.642862999999999962e+00
6.907999999999999545e+02,1.642574999999999896e+00
6.908999999999999773e+02,2.675645999999999969e+00
6.910000000000000000e+02,2.677502000000000049e+00
6.911000000000000227e+02,1.069509999999999961e+00
6.912000000000000455e+02,1.068478000000000039e+00
6.912999999999999545e+02,1.067863000000000007e+00
6.913999999999999773e+02,7.680420000000000025e-01
6.915000000000000000e+02,7.675130000000000008e-01
6.916000000000000227e+02,1.538141999999999898e+00
6.917000000000000455e+02,1.537752999999999926e+00
6.917999999999999545e+02,1.537365000000000093e+00
6.918999999999999773e+02,2.055117000000000083e+00
6.920000000000000000e+02,2.055460000000000065e+00
6.921000000000000227e+02,5.130117000000000260e+00
6.922000000000000455e+02,5.145255999999999830e+00
6.922999999999999545e+02,5.160388000000000197e+00
6.923999999999999773e+02,6.305683000000000149e+00
6.925000000000000000e+02,6.330542000000000336e+00
6.926000000000000227e+02,5.656219000000000108e+00
6.927000000000000455e+02,5.674790999999999919e+00
6.927999999999999545e+02,5.693354000000000248e+00
6.928999999999999773e+02,5.217837000000000280e+00
6.930000000000000000e+02,5.232529000000000430e+00
6.931000000000000227e+02,6.101891000000000176e+00
6.932000000000000455e+02,6.123470000000000191e+00
6.932999999999999545e+02,6.145038999999999696e+00
6.933999999999999773e+02,6.382671000000000205e+00
6.935000000000000000e+02,6.406133999999999773e+00
6.936000000000000227e+02,5.991995000000000182e+00
6.937000000000000455e+02,6.011652999999999913e+00
6.937999999999999545e+02,6.031302000000000163e+00
6.938999999999999773e+02,5.759109999999999729e+00
6.940000000000000000e+02,5.776424999999999699e+00
6.941000000000000227e+02,3.246160000000000156e+00
6.942000000000000455e+02,3.249222000000000055e+00
6.942999999999999545e+02,3.252282999999999813e+00
6.943999999999999773e+02,2.356748000000000065e+00
6.945000000000000000e+02,2.357336000000000098e+00
6.946000000000000227e+02,2.973294000000000104e+00
6.947000000000000455e+02,2.975430999999999937e+00
6.947999999999999545e+02,2.977568000000000215e+00
6.948999999999999773e+02,3.408849000000000018e+00
6.950000000000000000e+02,3.412424000000000124e+00
6.951000000000000227e+02,-4.948032000000000430e+00
6.952000000000000455e+02,-4.906552999999999720e+00
6.952999999999999545e+02,-4.870349000000000039e+00
6.953999999999999773e+02,-3.886146000000000100e+00
6.955000000000000000e+02,-3.863261000000000056e+00
6.956000000000000227e+02,-1.190050999999999970e+00
6.957000000000000455e+02,-1.185770999999999908e+00
6.957999999999999545e+02,-1.181492999999999904e+00
6.958999999999999773e+02,-5.338549999999999685e-01
6.960000000000000000e+02,-5.319899999999999629e-01
6.961000000000000227e+02,-9.685527000000000442e+00
6.962000000000000455e+02,-9.544646000000000186e+00
6.962999999999999545e+02,-9.400321999999999178e+00
6.963999999999999773e+02,-1.092375799999999941e+01
6.965000000000000000e+02,-1.076360099999999953e+01
6.966000000000000227e+02,-1.012975699999999968e+01
6.967000000000000455e+02,-9.982951999999999160e+00
6.967999999999999545e+02,-9.836213000000000761e+00
6.968999999999999773e+02,-9.605482999999999549e+00
6.970000000000000000e+02,-9.461270000000000735e+00
6.971000000000000227e+02,-5.512768999999999586e+00
6.972000000000000455e+02,-5.457442999999999600e+00
6.972999999999999545e+02,-5.402142999999999695e+00
6.973999999999999773e+02,-4.017329000000000150e+00
6.975000000000000000e+02,-3.981897000000000020e+00
6.976000000000000227e+02,-4.444306000000000090e+00
6.977000000000000455e+02,-4.402530999999999750e+00
6.977999999999999545e+02,-4.359882999999999953e+00
6.978999999999999773e+02,-4.560094000000000314e+00
6.980000000000000000e+02,-4.514367000000000019e+00
6.981000000000000227e+02,-5.020137000000000072e+00
6.982000000000000455e+02,-4.963707000000000313e+00
6.982999999999999545e+02,-4.906920999999999644e+00
6.983999999999999773e+02,-4.984471000000000096e+00
6.985000000000000000e+02,-4.926487999999999978e+00
6.986000000000000227e+02,-4.884060999999999986e+00
6.987000000000000455e+02,-4.825594999999999857e+00
6.987999999999999545e+02,-4.767144000000000048e+00
6.988999999999999773e+02,-4.720004000000000310e+00
6.990000000000000000e+02,-4.661334000000000088e+00
6.991000000000000227e+02,-1.851841000000000070e+00
6.992000000000000455e+02,-1.838519999999999932e+00
6.992999999999999545e+02,-1.825199000000000016e+00
6.993999999999999773e+02,-8.211509999999999643e-01
6.995000000000000000e+02,-8.159760000000000346e-01
6.996000000000000227e+02,-1.168045000000000000e+00
6.997000000000000455e+02,-1.160511999999999988e+00
6.997999999999999545e+02,-1.152700999999999976e+00
6.998999999999999773e+02,-1.320716999999999919e+00
7.000000000000000000e+02,-1.311676000000000064e+00
7.001000000000000227e+02,-4.301200000000000162e-02
7.002000000000000455e+02,-4.210200000000000053e-02
7.002999999999999545e+02,-4.119099999999999845e-02
7.003999999999999773e+02,2.910639999999999894e-01
7.005000000000000000e+02,2.910639999999999894e-01
7.006000000000000227e+02,2.226499999999999868e-01
7.007000000000000455e+02,2.227939999999999920e-01
7.007999999999999545e+02,2.229440000000000033e-01
7.008999999999999773e+02,1.269540000000000113e-01
7.010000000000000000e+02,1.273519999999999930e-01
7.011000000000000227e+02,7.030729999999999480e-01
7.012000000000000455e+02,7.025770000000000071e-01
7.012999999999999545e+02,7.020809999999999551e-01
7.013999999999999773e+02,1.020184999999999897e+00
7.015000000000000000e+02,1.019817999999999891e+00
7.016000000000000227e+02,9.919790000000000552e-01
7.017000000000000455e+02,9.915840000000000209e-01
7.017999999999999545e+02,9.911889999999999867e-01
7.018999999999999773e+02,9.611539999999999528e-01
7.020000000000000000e+02,9.607320000000000304e-01
7.021000000000000227e+02,1.675489999999999924e+00
7.022000000000000455e+02,1.676741000000000037e+00
7.022999999999999545e+02,1.677991999999999928e+00
7.023999999999999773e+02,1.916606999999999950e+00
7.025000000000000000e+02,1.918879999999999919e+00
7.026000000000000227e+02,1.699832000000000010e+00
7.027000000000000455e+02,1.701143999999999989e+00
7.027999999999999545e+02,1.702455999999999969e+00
7.028999999999999773e+02,1.551531999999999911e+00
7.030000000000000000e+02,1.552302999999999988e+00
7.031000000000000227e+02,1.089892000000000083e+00
7.032000000000000455e+02,1.089603000000000099e+00
7.032999999999999545e+02,1.089315000000000033e+00
7.033999999999999773e+02,9.137960000000000527e-01
7.035000000000000000e+02,9.133339999999999792e-01
7.036000000000000227e+02,9.838400000000000478e-01
7.037000000000000455e+02,9.834330000000000016e-01
7.037999999999999545e+02,9.830269999999999841e-01
7.038999999999999773e+02,1.033371000000000040e+00
7.040000000000000000e+02,1.033017000000000074e+00
7.041000000000000227e+02,-9.068800000000000194e-01
7.042000000000000455e+02,-8.995229999999999615e-01
7.042999999999999545e+02,-8.921909999999999563e-01
7.043999999999999773e+02,-1.163224999999999953e+00
7.045000000000000000e+02,-1.155043999999999960e+00
7.046000000000000227e+02,-8.752659999999999885e-01
7.047000000000000455e+02,-8.694340000000000401e-01
7.047999999999999545e+02,-8.636049999999999560e-01
7.048999999999999773e+02,-7.960540000000000393e-01
7.050000000000000000e+02,-7.907159999999999744e-01
7.051000000000000227e+02,-2.511800000000000033e+00
7.052000000000000455e+02,-2.481663999999999870e+00
7.052999999999999545e+02,-2.451032999999999795e+00
7.053999999999999773e+02,-2.743841999999999892e+00
7.055000000000000000e+02,-2.710798000000000041e+00
7.056000000000000227e+02,-2.590711000000000208e+00
7.057000000000000455e+02,-2.559423999999999921e+00
7.057999999999999545e+02,-2.528144000000000169e+00
7.058999999999999773e+02,-2.480701999999999963e+00
7.060000000000000000e+02,-2.449765000000000192e+00
7.061000000000000227e+02,-3.638733999999999913e+00
7.062000000000000455e+02,-3.572998999999999814e+00
7.062999999999999545e+02,-3.506695999999999813e+00
7.063999999999999773e+02,-3.658008999999999844e+00
7.065000000000000000e+02,-3.589271000000000100e+00
7.066000000000000227e+02,-3.454378999999999866e+00
7.067000000000000455e+02,-3.387919999999999821e+00
7.067999999999999545e+02,-3.321470999999999840e+00
7.068999999999999773e+02,-3.243170000000000108e+00
7.070000000000000000e+02,-3.177165000000000017e+00
7.071000000000000227e+02,-2.480504999999999960e+00
7.072000000000000455e+02,-2.435772000000000048e+00
7.072999999999999545e+02,-2.391045999999999783e+00
7.073999999999999773e+02,-2.134469999999999867e+00
7.075000000000000000e+02,-2.095670000000000144e+00
7.076000000000000227e+02,-2.136884999999999923e+00
7.077000000000000455e+02,-2.096131999999999884e+00
7.077999999999999545e+02,-2.054994000000000209e+00
7.078999999999999773e+02,-2.052516999999999925e+00
7.080000000000000000e+02,-2.010527000000000175e+00
7.081000000000000227e+02,-3.558669999999999889e-01
7.082000000000000455e+02,-3.510769999999999724e-01
7.082999999999999545e+02,-3.462879999999999847e-01
7.083999999999999773e+02,2.535370000000000124e-01
7.085000000000000000e+02,2.536760000000000126e-01
7.086000000000000227e+02,3.404599999999999987e-02
7.087000000000000455e+02,3.539899999999999991e-02
7.087999999999999545e+02,3.684300000000000075e-02
7.088999999999999773e+02,-6.853900000000000270e-02
7.090000000000000000e+02,-6.633600000000000607e-02
7.091000000000000227e+02,3.455776999999999877e+00
7.092000000000000455e+02,3.506870000000000154e+00
7.092999999999999545e+02,3.557983999999999813e+00
7.093999999999999773e+02,4.998293999999999571e+00
7.095000000000000000e+02,5.103593000000000046e+00
7.096000000000000227e+02,4.214883000000000379e+00
7.097000000000000455e+02,4.280736000000000097e+00
7.097999999999999545e+02,4.346582999999999863e+00
7.098999999999999773e+02,3.687247999999999859e+00
7.100000000000000000e+02,3.730992999999999782e+00
7.101000000000000227e+02,1.063499499999999998e+01
7.102000000000000455e+02,1.104166799999999959e+01
7.102999999999999545e+02,1.144832599999999978e+01
7.103999999999999773e+02,1.448187300000000022e+01
7.105000000000000000e+02,1.508543500000000037e+01
7.106000000000000227e+02,1.293585999999999991e+01
7.107000000000000455e+02,1.334494899999999973e+01
7.107999999999999545e+02,1.375400199999999984e+01
7.108999999999999773e+02,1.210746600000000051e+01
7.110000000000000000e+02,1.240528100000000045e+01
7.111000000000000227e+02,1.181933500000000059e+01
7.112000000000000455e+02,1.207577099999999959e+01
7.112999999999999545e+02,1.233216299999999954e+01
7.113999999999999773e+02,1.192638900000000035e+01
7.115000000000000000e+02,1.215569299999999942e+01
7.116000000000000227e+02,1.178795599999999943e+01
7.117000000000000455e+02,1.199468199999999918e+01
7.117999999999999545e+02,1.220136600000000016e+01
7.118999999999999773e+02,1.202887499999999932e+01
7.120000000000000000e+02,1.222271199999999958e+01
7.121000000000000227e+02,-7.989982000000000362e+00
7.122000000000000455e+02,-7.780685000000000073e+00
7.122999999999999545e+02,-7.612134000000000178e+00
7.123999999999999773e+02,-5.574181000000000274e+00
7.125000000000000000e+02,-5.493541999999999703e+00
7.126000000000000227e+02,5.724660000000000304e-01
7.127000000000000455e+02,5.720539999999999514e-01
7.127999999999999545e+02,5.716430000000000122e-01
7.128999999999999773e+02,1.758728999999999987e+00
7.130000000000000000e+02,1.759900999999999938e+00
7.131000000000000227e+02,-4.405293999999999599e+00
7.132000000000000455e+02,-4.338481999999999950e+00
7.132999999999999545e+02,-4.280693000000000303e+00
7.133999999999999773e+02,-2.852689999999999948e+00
7.135000000000000000e+02,-2.824050000000000171e+00
7.136000000000000227e+02,-5.249930000000000430e-01
7.137000000000000455e+02,-5.218180000000000041e-01
7.137999999999999545e+02,-5.186439999999999939e-01
7.138999999999999773e+02,3.165699999999999764e-02
7.140000000000000000e+02,3.234000000000000069e-02
7.141000000000000227e+02,-3.734703999999999802e+00
7.142000000000000455e+02,-3.677582999999999824e+00
7.142999999999999545e+02,-3.619041999999999870e+00
7.143999999999999773e+02,-4.257122999999999990e+00
7.145000000000000000e+02,-4.191644000000000148e+00
7.146000000000000227e+02,-3.931095000000000006e+00
7.147000000000000455e+02,-3.871014999999999873e+00
7.147999999999999545e+02,-3.810945999999999945e+00
7.148999999999999773e+02,-3.714557999999999804e+00
7.150000000000000000e+02,-3.655536000000000119e+00
7.151000000000000227e+02,-6.466717000000000048e+00
7.152000000000000455e+02,-6.278228000000000364e+00
7.152999999999999545e+02,-6.087468999999999575e+00
7.153999999999999773e+02,-6.383786999999999878e+00
7.155000000000000000e+02,-6.183901999999999788e+00
7.156000000000000227e+02,-5.832383000000000095e+00
7.157000000000000455e+02,-5.642064000000000412e+00
7.157999999999999545e+02,-5.451749000000000400e+00
7.158999999999999773e+02,-5.233437999999999590e+00
7.160000000000000000e+02,-5.045084000000000124e+00
7.161000000000000227e+02,-1.893102000000000062e+00
7.162000000000000455e+02,-1.857447999999999988e+00
7.162999999999999545e+02,-1.821798000000000028e+00
7.163999999999999773e+02,-7.512330000000000396e-01
7.165000000000000000e+02,-7.393180000000000307e-01
7.166000000000000227e+02,-1.110659000000000063e+00
7.167000000000000455e+02,-1.091903999999999986e+00
7.167999999999999545e+02,-1.072219999999999951e+00
7.168999999999999773e+02,-1.233303000000000038e+00
7.170000000000000000e+02,-1.209905000000000008e+00
7.171000000000000227e+02,6.965829999999999522e-01
7.172000000000000455e+02,6.963030000000000053e-01
7.172999999999999545e+02,6.960220000000000296e-01
7.173999999999999773e+02,1.392003000000000101e+00
7.175000000000000000e+02,1.396439999999999904e+00
7.176000000000000227e+02,1.211419000000000024e+00
7.177000000000000455e+02,1.213951999999999920e+00
7.177999999999999545e+02,1.216482999999999981e+00
7.178999999999999773e+02,1.071854000000000084e+00
7.180000000000000000e+02,1.073233000000000104e+00
7.181000000000000227e+02,3.136937999999999782e+00
7.182000000000000455e+02,3.178526999999999880e+00
7.182999999999999545e+02,3.220213000000000214e+00
7.183999999999999773e+02,3.989202999999999832e+00
7.185000000000000000e+02,4.055308000000000135e+00
7.186000000000000227e+02,3.413021000000000083e+00
7.187000000000000455e+02,3.455811999999999884e+00
7.187999999999999545e+02,3.498600000000000154e+00
7.188999999999999773e+02,3.037545000000000162e+00
7.190000000000000000e+02,3.067242999999999942e+00
7.191000000000000227e+02,7.938551000000000357e+00
7.192000000000000455e+02,8.178943000000000296e+00
7.192999999999999545e+02,8.419321000000000055e+00
7.193999999999999773e+02,1.045556799999999953e+01
7.195000000000000000e+02,1.080785599999999924e+01
7.196000000000000227e+02,9.305004999999999526e+00
7.197000000000000455e+02,9.547083000000000652e+00
7.197999999999999545e+02,9.789153999999999911e+00
7.198999999999999773e+02,8.663121999999999545e+00
7.200000000000000000e+02,8.841792999999999125e+00
7.201000000000000227e+02,6.476187000000000360e+00
7.202000000000000455e+02,6.563958000000000403e+00
7.202999999999999545e+02,6.651715000000000266e+00
7.203999999999999773e+02,5.623655000000000292e+00
7.205000000000000000e+02,5.682479999999999976e+00
7.206000000000000227e+02,5.933250000000000135e+00
7.207000000000000455e+02,5.996571000000000318e+00
7.207999999999999545e+02,6.059879999999999711e+00
7.208999999999999773e+02,6.296624999999999694e+00
7.210000000000000000e+02,6.363959000000000366e+00
7.211000000000000227e+02,5.042761999999999745e+00
7.212000000000000455e+02,5.081407999999999703e+00
7.212999999999999545e+02,5.120046000000000319e+00
7.213999999999999773e+02,4.709088999999999636e+00
7.215000000000000000e+02,4.740270999999999901e+00
7.216000000000000227e+02,5.252794999999999881e+00
7.217000000000000455e+02,5.291877999999999638e+00
7.217999999999999545e+02,5.330951999999999913e+00
7.218999999999999773e+02,5.711871000000000365e+00
7.220000000000000000e+02,5.756897999999999627e+00
7.221000000000000227e+02,5.208059000000000438e+00
7.222000000000000455e+02,5.243063000000000251e+00
7.222999999999999545e+02,5.278064999999999785e+00
7.223999999999999773e+02,5.165574999999999584e+00
7.225000000000000000e+02,5.198324999999999640e+00
7.226000000000000227e+02,5.548318000000000083e+00
7.227000000000000455e+02,5.585907999999999873e+00
7.227999999999999545e+02,5.623486999999999902e+00
7.228999999999999773e+02,5.881275999999999726e+00
7.230000000000000000e+02,5.922308000000000128e+00
7.231000000000000227e+02,4.377246999999999666e+00
7.232000000000000455e+02,4.396701000000000192e+00
7.232999999999999545e+02,4.416179999999999772e+00
7.233999999999999773e+02,3.931849999999999845e+00
7.235000000000000000e+02,3.946165000000000145e+00
7.236000000000000227e+02,4.510151999999999717e+00
7.237000000000000455e+02,4.530126000000000097e+00
7.237999999999999545e+02,4.550093000000000387e+00
7.238999999999999773e+02,4.951713999999999949e+00
7.240000000000000000e+02,4.976046000000000191e+00
7.241000000000000227e+02,1.024660800000000016e+01
7.242000000000000455e+02,1.037046800000000069e+01
7.242999999999999545e+02,1.049427999999999983e+01
7.243999999999999773e+02,1.257616600000000062e+01
7.245000000000000000e+02,1.275297300000000078e+01
7.246000000000000227e+02,1.151228399999999930e+01
7.247000000000000455e+02,1.165038499999999999e+01
7.247999999999999545e+02,1.178842900000000071e+01
7.248999999999999773e+02,1.090468399999999960e+01
7.250000000000000000e+02,1.101866000000000057e+01
7.251000000000000227e+02,1.416250299999999918e+01
7.252000000000000455e+02,1.435266599999999926e+01
7.252999999999999545e+02,1.454274999999999984e+01
7.253999999999999773e+02,1.566368300000000069e+01
7.255000000000000000e+02,1.587953699999999913e+01
7.256000000000000227e+02,1.478684100000000079e+01
7.257000000000000455e+02,1.496720400000000062e+01
7.257999999999999545e+02,1.514748499999999964e+01
7.258999999999999773e+02,1.442012099999999997e+01
7.260000000000000000e+02,1.457848000000000077e+01
7.261000000000000227e+02,2.370822199999999924e+01
7.262000000000000455e+02,2.413543100000000052e+01
7.262999999999999545e+02,2.456244699999999881e+01
7.263999999999999773e+02,2.815302000000000149e+01
7.265000000000000000e+02,2.869627499999999998e+01
7.266000000000000227e+02,2.611292100000000005e+01
7.267000000000000455e+02,2.654318699999999964e+01
7.267999999999999545e+02,2.697220799999999841e+01
7.268999999999999773e+02,2.517493500000000139e+01
7.270000000000000000e+02,2.553525300000000087e+01
7.271000000000000227e+02,1.128485900000000086e+01
7.272000000000000455e+02,1.134511499999999984e+01
7.272999999999999545e+02,1.140532800000000080e+01
7.273999999999999773e+02,6.164736999999999689e+00
7.275000000000000000e+02,6.178016000000000396e+00
7.276000000000000227e+02,9.475151000000000323e+00
7.277000000000000455e+02,9.513614999999999711e+00
7.277999999999999545e+02,9.552068000000000225e+00
7.278999999999999773e+02,1.195182499999999948e+01
7.280000000000000000e+02,1.201546199999999942e+01
7.281000000000000227e+02,9.207411000000000456e+00
7.282000000000000455e+02,9.241284000000000276e+00
7.282999999999999545e+02,9.275131000000000014e+00
7.283999999999999773e+02,8.704594999999999416e+00
7.285000000000000000e+02,8.733363999999999905e+00
7.286000000000000227e+02,1.052578300000000056e+01
7.287000000000000455e+02,1.057018599999999964e+01
7.287999999999999545e+02,1.061455400000000004e+01
7.288999999999999773e+02,1.184787599999999941e+01
7.290000000000000000e+02,1.190437400000000068e+01
7.291000000000000227e+02,5.232965000000000089e+00
7.292000000000000455e+02,5.239608999999999739e+00
7.292999999999999545e+02,5.246247000000000327e+00
7.293999999999999773e+02,3.172747999999999902e+00
7.295000000000000000e+02,3.173445000000000071e+00
7.296000000000000227e+02,5.532212999999999603e+00
7.297000000000000455e+02,5.539983000000000324e+00
7.297999999999999545e+02,5.547746000000000066e+00
7.298999999999999773e+02,7.164265999999999579e+00
7.300000000000000000e+02,7.180080000000000240e+00
7.301000000000000227e+02,-2.589897999999999811e+00
7.302000000000000455e+02,-2.577173999999999854e+00
7.302999999999999545e+02,-2.567136000000000084e+00
7.303999999999999773e+02,-1.048999000000000015e+00
7.305000000000000000e+02,-1.046267999999999976e+00
7.306000000000000227e+02,1.822510999999999992e+00
7.307000000000000455e+02,1.821774999999999922e+00
7.307999999999999545e+02,1.821039000000000074e+00
7.308999999999999773e+02,3.018406000000000144e+00
7.310000000000000000e+02,3.018880999999999926e+00
7.311000000000000227e+02,2.218548000000000187e+00
7.312000000000000455e+02,2.218049000000000159e+00
7.312999999999999545e+02,2.217550000000000132e+00
7.313999999999999773e+02,2.108477000000000157e+00
7.315000000000000000e+02,2.107899000000000189e+00
7.316000000000000227e+02,2.746769000000000016e+00
7.317000000000000455e+02,2.746843000000000146e+00
7.317999999999999545e+02,2.746916999999999831e+00
7.318999999999999773e+02,3.158497000000000110e+00
7.320000000000000000e+02,3.159219000000000221e+00
7.321000000000000227e+02,4.136560000000000237e+00
7.322000000000000455e+02,4.139537999999999940e+00
7.322999999999999545e+02,4.142513000000000112e+00
7.323999999999999773e+02,4.532474999999999810e+00
7.325000000000000000e+02,4.536611999999999867e+00
7.326000000000000227e+02,4.406733000000000011e+00
7.327000000000000455e+02,4.410441999999999751e+00
7.327999999999999545e+02,4.414149000000000100e+00
7.328999999999999773e+02,4.313918000000000141e+00
7.330000000000000000e+02,4.317306000000000310e+00
7.331000000000000227e+02,4.253934000000000104e+00
7.332000000000000455e+02,4.257121999999999851e+00
7.332999999999999545e+02,4.260308000000000206e+00
7.333999999999999773e+02,4.219725999999999644e+00
7.335000000000000000e+02,4.222781999999999591e+00
7.336000000000000227e+02,4.195928999999999576e+00
7.337000000000000455e+02,4.198896999999999657e+00
7.337999999999999545e+02,4.201862000000000208e+00
7.338999999999999773e+02,4.183159999999999989e+00
7.340000000000000000e+02,4.186060999999999588e+00
7.341000000000000227e+02,4.922165999999999819e+00
7.342000000000000455e+02,4.927356999999999765e+00
7.342999999999999545e+02,4.932542999999999900e+00
7.343999999999999773e+02,5.179186999999999763e+00
7.345000000000000000e+02,5.185235999999999734e+00
7.346000000000000227e+02,4.967426999999999815e+00
7.347000000000000455e+02,4.972658000000000023e+00
7.347999999999999545e+02,4.977885999999999811e+00
7.348999999999999773e+02,4.827272999999999925e+00
7.350000000000000000e+02,4.831961999999999868e+00
7.351000000000000227e+02,5.498650999999999733e+00
7.352000000000000455e+02,5.505748999999999782e+00
7.352999999999999545e+02,5.512839999999999741e+00
7.353999999999999773e+02,5.718945999999999863e+00
7.355000000000000000e+02,5.726831999999999923e+00
7.356000000000000227e+02,5.482495000000000118e+00
7.357000000000000455e+02,5.489354999999999762e+00
7.357999999999999545e+02,5.496209999999999596e+00
7.358999999999999773e+02,5.331353000000000009e+00
7.360000000000000000e+02,5.337546999999999819e+00
7.361000000000000227e+02,6.776366999999999585e+00
7.362000000000000455e+02,6.788833999999999591e+00
7.362999999999999545e+02,6.801290999999999976e+00
7.363999999999999773e+02,7.275665000000000049e+00
7.365000000000000000e+02,7.290529000000000259e+00
7.366000000000000227e+02,6.830862999999999907e+00
7.367000000000000455e+02,6.843218000000000245e+00
7.367999999999999545e+02,6.855563000000000073e+00
7.368999999999999773e+02,6.544101999999999641e+00
7.370000000000000000e+02,6.554867999999999917e+00
7.371000000000000227e+02,4.028431999999999569e+00
7.372000000000000455e+02,4.030367000000000033e+00
7.372999999999999545e+02,4.032300000000000217e+00
7.373999999999999773e+02,3.124576999999999938e+00
7.375000000000000000e+02,3.124816000000000038e+00
7.376000000000000227e+02,3.712743000000000126e+00
7.377000000000000455e+02,3.713986999999999927e+00
7.377999999999999545e+02,3.715230000000000032e+00
7.378999999999999773e+02,4.126576000000000022e+00
7.380000000000000000e+02,4.128707000000000349e+00
7.381000000000000227e+02,2.812180000000000124e+00
7.382000000000000455e+02,2.812003999999999948e+00
7.382999999999999545e+02,2.811828999999999912e+00
7.383999999999999773e+02,2.422750000000000181e+00
7.385000000000000000e+02,2.422206000000000081e+00
7.386000000000000227e+02,2.940852000000000022e+00
7.387000000000000455e+02,2.940834000000000170e+00
7.387999999999999545e+02,2.940815999999999875e+00
7.388999999999999773e+02,3.287237000000000187e+00
7.390000000000000000e+02,3.287710000000000132e+00
7.391000000000000227e+02,1.214161700000000010e+01
7.392000000000000455e+02,1.219207100000000032e+01
7.392999999999999545e+02,1.224248300000000000e+01
7.393999999999999773e+02,1.543244199999999999e+01
7.395000000000000000e+02,1.551799399999999984e+01
7.396000000000000227e+02,1.318308799999999970e+01
7.397000000000000455e+02,1.324137099999999911e+01
7.397999999999999545e+02,1.329961100000000052e+01
7.398999999999999773e+02,1.167058500000000087e+01
7.400000000000000000e+02,1.171303400000000039e+01
7.401000000000000227e+02,9.921986999999999668e+00
7.402000000000000455e+02,9.950093000000000742e+00
7.402999999999999545e+02,9.978177000000000518e+00
7.403999999999999773e+02,9.104877999999999361e+00
7.405000000000000000e+02,9.126979000000000397e+00
7.406000000000000227e+02,9.013102999999999199e+00
7.407000000000000455e+02,9.034333000000000169e+00
7.407999999999999545e+02,9.055545999999999651e+00
7.408999999999999773e+02,9.025028000000000716e+00
7.410000000000000000e+02,9.045896000000000825e+00
7.411000000000000227e+02,6.551454999999999806e+00
7.412000000000000455e+02,6.559877000000000180e+00
7.412999999999999545e+02,6.568292999999999715e+00
7.413999999999999773e+02,5.719206999999999930e+00
7.415000000000000000e+02,5.724567000000000405e+00
7.416000000000000227e+02,6.425642999999999994e+00
7.417000000000000455e+02,6.433413999999999966e+00
7.417999999999999545e+02,6.441177999999999848e+00
7.418999999999999773e+02,6.934740999999999822e+00
7.420000000000000000e+02,6.944397999999999627e+00
7.421000000000000227e+02,1.446113999999999900e+00
7.422000000000000455e+02,1.443597000000000019e+00
7.422999999999999545e+02,1.441429999999999989e+00
7.423999999999999773e+02,5.764280000000000515e-01
7.425000000000000000e+02,5.760530000000000372e-01
7.426000000000000227e+02,1.950202999999999909e+00
7.427000000000000455e+02,1.949249000000000009e+00
7.427999999999999545e+02,1.948296000000000028e+00
7.428999999999999773e+02,2.834829000000000043e+00
7.430000000000000000e+02,2.834321000000000090e+00
7.431000000000000227e+02,3.372119999999999784e+00
7.432000000000000455e+02,3.372195000000000054e+00
7.432999999999999545e+02,3.372269999999999879e+00
7.433999999999999773e+02,3.692410999999999888e+00
7.435000000000000000e+02,3.692943999999999782e+00
7.436000000000000227e+02,3.882248999999999839e+00
7.437000000000000455e+02,3.883090000000000153e+00
7.437999999999999545e+02,3.883931000000000022e+00
7.438999999999999773e+02,3.995230999999999977e+00
7.440000000000000000e+02,3.996264000000000038e+00
7.441000000000000227e+02,3.232613999999999876e+00
7.442000000000000455e+02,3.232505000000000184e+00
7.442999999999999545e+02,3.232396000000000047e+00
7.443999999999999773e+02,2.981221000000000121e+00
7.445000000000000000e+02,2.980841999999999992e+00
7.446000000000000227e+02,3.225608999999999948e+00
7.447000000000000455e+02,3.225493999999999861e+00
7.447999999999999545e+02,3.225379000000000218e+00
7.448999999999999773e+02,3.390639999999999876e+00
7.450000000000000000e+02,3.390731000000000162e+00
7.451000000000000227e+02,4.316270000000000273e+00
7.452000000000000455e+02,4.317923000000000400e+00
7.452999999999999545e+02,4.319575999999999638e+00
7.453999999999999773e+02,4.664121999999999879e+00
7.455000000000000000e+02,4.666523999999999894e+00
7.456000000000000227e+02,4.471445000000000114e+00
7.457000000000000455e+02,4.473398000000000430e+00
7.457999999999999545e+02,4.475348999999999577e+00
7.458999999999999773e+02,4.335326000000000235e+00
7.460000000000000000e+02,4.336973999999999663e+00
7.461000000000000227e+02,6.748891999999999669e+00
7.462000000000000455e+02,6.757813999999999766e+00
7.462999999999999545e+02,6.766723999999999961e+00
7.463999999999999773e+02,7.586981999999999893e+00
7.465000000000000000e+02,7.598918000000000283e+00
7.466000000000000227e+02,6.886765999999999721e+00
7.467000000000000455e+02,6.895679999999999588e+00
7.467999999999999545e+02,6.904584999999999972e+00
7.468999999999999773e+02,6.414990999999999666e+00
7.470000000000000000e+02,6.422056000000000431e+00
7.471000000000000227e+02,8.648571000000000453e+00
7.472000000000000455e+02,8.665167999999999537e+00
7.472999999999999545e+02,8.681751000000000218e+00
7.473999999999999773e+02,9.395379000000000147e+00
7.475000000000000000e+02,9.415646999999999878e+00
7.476000000000000227e+02,8.635265000000000413e+00
7.477000000000000455e+02,8.651275000000000048e+00
7.477999999999999545e+02,8.667270999999999503e+00
7.478999999999999773e+02,8.139639999999999986e+00
7.480000000000000000e+02,8.153019999999999712e+00
7.481000000000000227e+02,8.690008999999999872e+00
7.482000000000000455e+02,8.705849000000000615e+00
7.482999999999999545e+02,8.721674999999999400e+00
7.483999999999999773e+02,8.842015999999999210e+00
7.485000000000000000e+02,8.858326999999999174e+00
7.486000000000000227e+02,8.532023000000000579e+00
7.487000000000000455e+02,8.546654999999999447e+00
7.487999999999999545e+02,8.561273999999999162e+00
7.488999999999999773e+02,8.351487999999999801e+00
7.490000000000000000e+02,8.365052000000000376e+00
7.491000000000000227e+02,4.826912000000000091e+00
7.492000000000000455e+02,4.828884000000000398e+00
7.492999999999999545e+02,4.830854000000000426e+00
7.493999999999999773e+02,3.551228000000000051e+00
7.495000000000000000e+02,3.551114000000000104e+00
7.496000000000000227e+02,4.410327999999999804e+00
7.497000000000000455e+02,4.411482000000000347e+00
7.497999999999999545e+02,4.412634999999999863e+00
7.498999999999999773e+02,5.027434000000000403e+00
7.500000000000000000e+02,5.029810999999999588e+00
7.501000000000000227e+02,2.010133000000000170e+00
7.502000000000000455e+02,2.009085999999999927e+00
7.502999999999999545e+02,2.008039999999999825e+00
7.503999999999999773e+02,1.052035999999999971e+00
7.505000000000000000e+02,1.051271000000000067e+00
7.506000000000000227e+02,2.053835999999999995e+00
7.507000000000000455e+02,2.052811000000000163e+00
7.507999999999999545e+02,2.051787000000000027e+00
7.508999999999999773e+02,2.754640000000000200e+00
7.510000000000000000e+02,2.753856999999999999e+00
7.511000000000000227e+02,2.343175000000000008e+00
7.512000000000000455e+02,2.342213999999999796e+00
7.512999999999999545e+02,2.341254999999999864e+00
7.513999999999999773e+02,2.304154000000000035e+00
7.515000000000000000e+02,2.303185000000000038e+00
7.516000000000000227e+02,2.681899000000000033e+00
7.517000000000000455e+02,2.681086000000000080e+00
7.517999999999999545e+02,2.680273999999999823e+00
7.518999999999999773e+02,2.930822000000000038e+00
7.520000000000000000e+02,2.930172999999999917e+00
7.521000000000000227e+02,-5.419600000000000112e-02
7.522000000000000455e+02,-5.364200000000000218e-02
7.522999999999999545e+02,-5.314399999999999680e-02
7.523999999999999773e+02,1.387460000000000082e-01
7.525000000000000000e+02,1.388999999999999957e-01
7.526000000000000227e+02,9.000820000000000487e-01
7.527000000000000455e+02,8.994370000000000420e-01
7.527999999999999545e+02,8.987929999999999531e-01
7.528999999999999773e+02,1.229683000000000082e+00
7.530000000000000000e+02,1.228836000000000039e+00
7.531000000000000227e+02,1.690109999999999946e-01
7.532000000000000455e+02,1.691449999999999898e-01
7.532999999999999545e+02,1.692849999999999910e-01
7.533999999999999773e+02,-3.951210000000000000e-01
7.535000000000000000e+02,-3.941089999999999871e-01
7.536000000000000227e+02,-4.003550000000000164e-01
7.537000000000000455e+02,-3.993320000000000203e-01
7.537999999999999545e+02,-3.983090000000000241e-01
7.538999999999999773e+02,-4.156469999999999887e-01
7.540000000000000000e+02,-4.145920000000000161e-01
7.541000000000000227e+02,-8.752640000000000420e-01
7.542000000000000455e+02,-8.732079999999999842e-01
7.542999999999999545e+02,-8.711430000000000007e-01
7.543999999999999773e+02,-9.659959999999999658e-01
7.545000000000000000e+02,-9.637759999999999661e-01
7.546000000000000227e+02,-9.557590000000000252e-01
7.547000000000000455e+02,-9.535559999999999592e-01
7.547999999999999545e+02,-9.513549999999999507e-01
7.548999999999999773e+02,-9.611880000000000424e-01
7.550000000000000000e+02,-9.590260000000000451e-01
7.551000000000000227e+02,-2.680924999999999780e+00
7.552000000000000455e+02,-2.672941999999999929e+00
7.552999999999999545e+02,-2.664874999999999883e+00
7.553999999999999773e+02,-2.992013000000000034e+00
7.555000000000000000e+02,-2.983235000000000081e+00
7.556000000000000227e+02,-2.899321000000000037e+00
7.557000000000000455e+02,-2.890868999999999911e+00
7.557999999999999545e+02,-2.882423000000000179e+00
7.558999999999999773e+02,-2.872133999999999965e+00
7.560000000000000000e+02,-2.863707999999999920e+00
7.561000000000000227e+02,-8.192216000000000165e+00
7.562000000000000455e+02,-8.142770000000000508e+00
7.562999999999999545e+02,-8.092537999999999343e+00
7.563999999999999773e+02,-9.056675000000000253e+00
7.565000000000000000e+02,-9.002371999999999375e+00
7.566000000000000227e+02,-8.680025000000000546e+00
7.567000000000000455e+02,-8.628598000000000212e+00
7.567999999999999545e+02,-8.576658000000000115e+00
7.568999999999999773e+02,-8.488647000000000276e+00
7.570000000000000000e+02,-8.436951000000000533e+00
7.571000000000000227e+02,-1.527543000000000006e+01
7.572000000000000455e+02,-1.510849800000000087e+01
7.572999999999999545e+02,-1.493949899999999964e+01
7.573999999999999773e+02,-1.604708400000000168e+01
7.575000000000000000e+02,-1.586927400000000077e+01
7.576000000000000227e+02,-1.534466600000000014e+01
7.577000000000000455e+02,-1.517444200000000087e+01
7.577999999999999545e+02,-1.500433999999999912e+01
7.578999999999999773e+02,-1.478912500000000030e+01
7.580000000000000000e+02,-1.462024500000000060e+01
7.581000000000000227e+02,-1.717785800000000052e+01
7.582000000000000455e+02,-1.693583100000000030e+01
7.582999999999999545e+02,-1.669269399999999948e+01
7.583999999999999773e+02,-1.696090399999999931e+01
7.585000000000000000e+02,-1.671344900000000067e+01
7.586000000000000227e+02,-1.634900199999999870e+01
7.587000000000000455e+02,-1.610521800000000070e+01
7.587999999999999545e+02,-1.586219200000000029e+01
7.588999999999999773e+02,-1.561921099999999996e+01
7.590000000000000000e+02,-1.537650000000000006e+01
7.591000000000000227e+02,-1.486718100000000042e+01
7.592000000000000455e+02,-1.463280800000000070e+01
7.592999999999999545e+02,-1.439852400000000010e+01
7.593999999999999773e+02,-1.408893999999999913e+01
7.595000000000000000e+02,-1.385707599999999928e+01
7.596000000000000227e+02,-1.368067300000000053e+01
7.597000000000000455e+02,-1.344744099999999953e+01
7.597999999999999545e+02,-1.321413100000000007e+01
7.598999999999999773e+02,-1.301818699999999929e+01
7.600000000000000000e+02,-1.278399600000000014e+01
7.601000000000000227e+02,-1.306560900000000025e+01
7.602000000000000455e+02,-1.281072099999999914e+01
7.602999999999999545e+02,-1.255550700000000042e+01
7.603999999999999773e+02,-1.240075700000000047e+01
7.605000000000000000e+02,-1.214437000000000033e+01
7.606000000000000227e+02,-1.187880200000000031e+01
7.607000000000000455e+02,-1.162300699999999942e+01
7.607999999999999545e+02,-1.136731299999999933e+01
7.608999999999999773e+02,-1.112017600000000073e+01
7.610000000000000000e+02,-1.086422100000000057e+01
7.611000000000000227e+02,-1.061894299999999980e+01
7.612000000000000455e+02,-1.036204900000000073e+01
7.612999999999999545e+02,-1.010517399999999988e+01
7.613999999999999773e+02,-9.854563000000000628e+00
7.615000000000000000e+02,-9.597381999999999636e+00
7.616000000000000227e+02,-9.343189000000000632e+00
7.617000000000000455e+02,-9.085884999999999323e+00
7.617999999999999545e+02,-8.828594999999999970e+00
7.618999999999999773e+02,-8.572960999999999387e+00
7.620000000000000000e+02,-8.315594000000000818e+00
7.621000000000000227e+02,-6.261358999999999675e+00
7.622000000000000455e+02,-6.102389999999999759e+00
7.622999999999999545e+02,-5.943435000000000024e+00
7.623999999999999773e+02,-5.196066000000000074e+00
7.625000000000000000e+02,-5.063560999999999979e+00
7.626000000000000227e+02,-5.146563999999999695e+00
7.627000000000000455e+02,-5.005206000000000266e+00
7.627999999999999545e+02,-4.862584000000000017e+00
7.628999999999999773e+02,-4.817211999999999605e+00
7.630000000000000000e+02,-4.670599000000000167e+00
7.631000000000000227e+02,-2.459770999999999930e+00
7.632000000000000455e+02,-2.410552000000000028e+00
7.632999999999999545e+02,-2.361339000000000077e+00
7.633999999999999773e+02,-1.616384999999999961e+00
7.635000000000000000e+02,-1.587050999999999989e+00
7.636000000000000227e+02,-1.827515000000000001e+00
7.637000000000000455e+02,-1.791549000000000058e+00
7.637999999999999545e+02,-1.754663000000000084e+00
7.638999999999999773e+02,-1.843728999999999951e+00
7.640000000000000000e+02,-1.803630999999999984e+00
7.641000000000000227e+02,2.321210999999999913e+00
7.642000000000000455e+02,2.340524999999999967e+00
7.642999999999999545e+02,2.359903000000000084e+00
7.643999999999999773e+02,3.902127999999999819e+00
7.645000000000000000e+02,3.965764000000000067e+00
7.646000000000000227e+02,3.259501000000000204e+00
7.647000000000000455e+02,3.298385999999999818e+00
7.647999999999999545e+02,3.337269000000000041e+00
7.648999999999999773e+02,2.804215999999999820e+00
7.650000000000000000e+02,2.829000000000000181e+00
7.651000000000000227e+02,8.635621000000000436e+00
7.652000000000000455e+02,8.927414000000000627e+00
7.652999999999999545e+02,9.219191999999999609e+00
7.653999999999999773e+02,1.169845899999999972e+01
7.655000000000000000e+02,1.214033799999999985e+01
7.656000000000000227e+02,1.032518699999999967e+01
7.657000000000000455e+02,1.062018199999999979e+01
7.657999999999999545e+02,1.091516999999999982e+01
7.658999999999999773e+02,9.537758999999999432e+00
7.660000000000000000e+02,9.749489000000000516e+00
7.661000000000000227e+02,8.583937999999999846e+00
7.662000000000000455e+02,8.738635999999999626e+00
7.662999999999999545e+02,8.893312999999999136e+00
7.663999999999999773e+02,8.275059999999999860e+00
7.665000000000000000e+02,8.403157999999999461e+00
7.666000000000000227e+02,8.249428999999999235e+00
7.667000000000000455e+02,8.368591999999999587e+00
7.667999999999999545e+02,8.487733999999999668e+00
7.668999999999999773e+02,8.447910999999999504e+00
7.670000000000000000e+02,8.562371000000000620e+00
7.671000000000000227e+02,9.398576000000000263e+00
7.672000000000000455e+02,9.534344000000000818e+00
7.672999999999999545e+02,9.670092999999999606e+00
7.673999999999999773e+02,1.004937400000000025e+01
7.675000000000000000e+02,1.019229600000000069e+01
7.676000000000000227e+02,1.007188499999999998e+01
7.677000000000000455e+02,1.020711599999999919e+01
7.677999999999999545e+02,1.034250800000000048e+01
7.678999999999999773e+02,1.029822200000000088e+01
7.680000000000000000e+02,1.042877999999999972e+01
7.681000000000000227e+02,9.994842999999999478e+00
7.682000000000000455e+02,1.011080399999999990e+01
7.682999999999999545e+02,1.022671899999999923e+01
7.683999999999999773e+02,1.012656800000000068e+01
7.685000000000000000e+02,1.023728000000000016e+01
7.686000000000000227e+02,1.046482800000000069e+01
7.687000000000000455e+02,1.057815800000000017e+01
7.687999999999999545e+02,1.069144000000000005e+01
7.688999999999999773e+02,1.090157300000000085e+01
7.690000000000000000e+02,1.101694200000000023e+01
7.691000000000000227e+02,1.796425299999999936e+01
7.692000000000000455e+02,1.828034699999999901e+01
7.692999999999999545e+02,1.859632200000000068e+01
7.693999999999999773e+02,2.145273299999999850e+01
7.695000000000000000e+02,2.186114099999999993e+01
7.696000000000000227e+02,2.023815099999999845e+01
7.697000000000000455e+02,2.057321900000000170e+01
7.697999999999999545e+02,2.090814599999999857e+01
7.698999999999999773e+02,1.977964000000000055e+01
7.700000000000000000e+02,2.006854699999999880e+01
7.701000000000000227e+02,2.381085399999999908e+01
7.702000000000000455e+02,2.421018600000000021e+01
7.702999999999999545e+02,2.460933500000000151e+01
7.703999999999999773e+02,2.604467299999999952e+01
7.705000000000000000e+02,2.647786899999999832e+01
7.706000000000000227e+02,2.529013600000000039e+01
7.707000000000000455e+02,2.566978500000000096e+01
7.707999999999999545e+02,2.604920999999999864e+01
7.708999999999999773e+02,2.531425600000000031e+01
7.710000000000000000e+02,2.566114100000000064e+01
7.711000000000000227e+02,2.104635700000000043e+01
7.712000000000000455e+02,2.126883600000000030e+01
7.712999999999999545e+02,2.149116799999999827e+01
7.713999999999999773e+02,1.982709699999999842e+01
7.715000000000000000e+02,2.001035699999999906e+01
7.716000000000000227e+02,2.124017299999999864e+01
7.717000000000000455e+02,2.144396300000000011e+01
7.717999999999999545e+02,2.164760899999999921e+01
7.718999999999999773e+02,2.262865599999999944e+01
7.720000000000000000e+02,2.284760299999999944e+01
7.721000000000000227e+02,2.357036799999999843e+01
7.722000000000000455e+02,2.379925100000000171e+01
7.722999999999999545e+02,2.402796599999999927e+01
7.723999999999999773e+02,2.459842000000000084e+01
7.725000000000000000e+02,2.483614599999999939e+01
7.726000000000000227e+02,2.531405399999999872e+01
7.727000000000000455e+02,2.555773100000000042e+01
7.727999999999999545e+02,2.580128900000000058e+01
7.728999999999999773e+02,2.620213599999999943e+01
7.730000000000000000e+02,2.644856700000000060e+01
7.731000000000000227e+02,1.305342399999999969e+01
7.732000000000000455e+02,1.310382800000000003e+01
7.732999999999999545e+02,1.315392699999999948e+01
7.733999999999999773e+02,8.698529999999999873e+00
7.735000000000000000e+02,8.715806000000000608e+00
7.736000000000000227e+02,1.257606000000000002e+01
7.737000000000000455e+02,1.261886200000000002e+01
7.737999999999999545e+02,1.266162899999999958e+01
7.738999999999999773e+02,1.539853800000000028e+01
7.740000000000000000e+02,1.546515800000000063e+01
7.741000000000000227e+02,2.061601299999999881e+01
7.742000000000000455e+02,2.074093799999999987e+01
7.742999999999999545e+02,2.086575200000000052e+01
7.743999999999999773e+02,2.320338200000000128e+01
7.745000000000000000e+02,2.336360499999999973e+01
7.746000000000000227e+02,2.318512099999999876e+01
7.747000000000000455e+02,2.334073400000000120e+01
7.747999999999999545e+02,2.349630300000000105e+01
7.748999999999999773e+02,2.338598999999999961e+01
7.750000000000000000e+02,2.353770400000000151e+01
7.751000000000000227e+02,2.165407000000000082e+01
7.752000000000000455e+02,2.177847099999999969e+01
7.752999999999999545e+02,2.190281099999999981e+01
7.753999999999999773e+02,2.121267699999999934e+01
7.755000000000000000e+02,2.132703400000000116e+01
7.756000000000000227e+02,2.183303799999999839e+01
7.757000000000000455e+02,2.195193700000000092e+01
7.757999999999999545e+02,2.207081000000000159e+01
7.758999999999999773e+02,2.249974699999999928e+01
7.760000000000000000e+02,2.262239999999999895e+01
7.761000000000000227e+02,1.417753399999999964e+01
7.762000000000000455e+02,1.421853100000000047e+01
7.762999999999999545e+02,1.425940600000000025e+01
7.763999999999999773e+02,1.127779400000000010e+01
7.765000000000000000e+02,1.130002499999999976e+01
7.766000000000000227e+02,1.361001300000000036e+01
7.767000000000000455e+02,1.364551499999999962e+01
7.767999999999999545e+02,1.368098700000000001e+01
7.768999999999999773e+02,1.538699599999999990e+01
7.770000000000000000e+02,1.543386199999999953e+01
7.771000000000000227e+02,1.307221000000000011e+01
7.772000000000000455e+02,1.310306699999999935e+01
7.772999999999999545e+02,1.313389800000000029e+01
7.773999999999999773e+02,1.254365600000000036e+01
7.775000000000000000e+02,1.257088599999999978e+01
7.776000000000000227e+02,1.387626900000000063e+01
7.777000000000000455e+02,1.391095900000000007e+01
7.777999999999999545e+02,1.394562099999999916e+01
7.778999999999999773e+02,1.489433299999999960e+01
7.780000000000000000e+02,1.493483100000000086e+01
7.781000000000000227e+02,1.470700899999999933e+01
7.782000000000000455e+02,1.474568799999999946e+01
7.782999999999999545e+02,1.478433500000000045e+01
7.783999999999999773e+02,1.488683100000000081e+01
7.785000000000000000e+02,1.492582200000000014e+01
7.786000000000000227e+02,1.543193899999999985e+01
7.787000000000000455e+02,1.547391000000000005e+01
7.787999999999999545e+02,1.551584700000000083e+01
7.788999999999999773e+02,1.589158100000000040e+01
7.790000000000000000e+02,1.593556599999999968e+01
7.791000000000000227e+02,1.272804700000000011e+01
7.792000000000000455e+02,1.275265399999999971e+01
7.792999999999999545e+02,1.277723800000000054e+01
7.793999999999999773e+02,1.157202999999999982e+01
7.795000000000000000e+02,1.159067800000000048e+01
7.796000000000000227e+02,1.245556799999999953e+01
7.797000000000000455e+02,1.247816000000000081e+01
7.797999999999999545e+02,1.250073100000000004e+01
7.798999999999999773e+02,1.316160600000000080e+01
7.800000000000000000e+02,1.318731099999999934e+01
7.801000000000000227e+02,1.104408399999999979e+01
7.802000000000000455e+02,1.105973000000000006e+01
7.802999999999999545e+02,1.107536099999999912e+01
7.803999999999999773e+02,1.032768300000000039e+01
7.805000000000000000e+02,1.034023200000000031e+01
7.806000000000000227e+02,1.108187200000000061e+01
7.807000000000000455e+02,1.109718799999999916e+01
7.807999999999999545e+02,1.111248800000000081e+01
7.808999999999999773e+02,1.167181800000000003e+01
7.810000000000000000e+02,1.168932099999999963e+01
7.811000000000000227e+02,9.480591999999999686e+00
7.812000000000000455e+02,9.489803999999999462e+00
7.812999999999999545e+02,9.499007999999999896e+00
7.813999999999999773e+02,8.688698000000000476e+00
7.815000000000000000e+02,8.695444999999999425e+00
7.816000000000000227e+02,9.381192999999999671e+00
7.817000000000000455e+02,9.389920999999999296e+00
7.817999999999999545e+02,9.398640999999999579e+00
7.818999999999999773e+02,9.917984999999999829e+00
7.820000000000000000e+02,9.928319999999999368e+00
7.821000000000000227e+02,8.559082999999999330e+00
7.822000000000000455e+02,8.565264000000000877e+00
7.822999999999999545e+02,8.571438000000000557e+00
7.823999999999999773e+02,8.092829000000000050e+00
7.825000000000000000e+02,8.097746000000000777e+00
7.826000000000000227e+02,8.591811999999999117e+00
7.827000000000000455e+02,8.597974000000000672e+00
7.827999999999999545e+02,8.604129000000000360e+00
7.828999999999999773e+02,8.975225999999999260e+00
7.830000000000000000e+02,8.982367999999999242e+00
7.831000000000000227e+02,7.511795000000000222e+00
7.832000000000000455e+02,7.515245000000000175e+00
7.832999999999999545e+02,7.518690999999999569e+00
7.833999999999999773e+02,6.963078999999999574e+00
7.835000000000000000e+02,6.965391999999999584e+00
7.836000000000000227e+02,7.400934000000000346e+00
7.837000000000000455e+02,7.404101999999999961e+00
7.837999999999999545e+02,7.407265999999999906e+00
7.838999999999999773e+02,7.736453000000000024e+00
7.840000000000000000e+02,7.740312000000000303e+00
7.841000000000000227e+02,8.829321000000000197e+00
7.842000000000000455e+02,8.835855999999999710e+00
7.842999999999999545e+02,8.842385000000000161e+00
7.843999999999999773e+02,9.364255999999999247e+00
7.845000000000000000e+02,9.372222000000000719e+00
7.846000000000000227e+02,9.320474000000000814e+00
7.847000000000000455e+02,9.328248999999999569e+00
7.847999999999999545e+02,9.336016000000000759e+00
7.848999999999999773e+02,9.284459000000000017e+00
7.850000000000000000e+02,9.292037999999999798e+00
7.851000000000000227e+02,1.184699499999999972e+01
7.852000000000000455e+02,1.186329500000000081e+01
7.852999999999999545e+02,1.187957800000000042e+01
7.853999999999999773e+02,1.296265499999999982e+01
7.855000000000000000e+02,1.298339700000000008e+01
7.856000000000000227e+02,1.250113900000000022e+01
7.857000000000000455e+02,1.251967199999999991e+01
7.857999999999999545e+02,1.253818700000000064e+01
7.858999999999999773e+02,1.216401800000000044e+01
7.860000000000000000e+02,1.218089100000000080e+01
7.861000000000000227e+02,1.019898700000000069e+01
7.862000000000000455e+02,1.020867999999999931e+01
7.862999999999999545e+02,1.021836399999999934e+01
7.863999999999999773e+02,9.302692000000000405e+00
7.865000000000000000e+02,9.309640999999999167e+00
7.866000000000000227e+02,9.493214000000000041e+00
7.867000000000000455e+02,9.500635000000000829e+00
7.867999999999999545e+02,9.508046999999999471e+00
7.868999999999999773e+02,9.667856999999999701e+00
7.870000000000000000e+02,9.675682000000000116e+00
7.871000000000000227e+02,6.344479999999999897e+00
7.872000000000000455e+02,6.345145999999999731e+00
7.872999999999999545e+02,6.345811999999999564e+00
7.873999999999999773e+02,4.927327000000000012e+00
7.875000000000000000e+02,4.926404999999999923e+00
7.876000000000000227e+02,5.563343999999999845e+00
7.877000000000000455e+02,5.563031999999999755e+00
7.877999999999999545e+02,5.562719999999999665e+00
7.878999999999999773e+02,6.066449000000000424e+00
7.880000000000000000e+02,6.066741999999999635e+00
7.881000000000000227e+02,5.558764000000000038e+00
7.882000000000000455e+02,5.558447000000000138e+00
7.882999999999999545e+02,5.558130000000000237e+00
7.883999999999999773e+02,5.427641000000000382e+00
7.885000000000000000e+02,5.427188000000000123e+00
7.886000000000000227e+02,5.740765999999999813e+00
7.887000000000000455e+02,5.740658999999999956e+00
7.887999999999999545e+02,5.740552000000000099e+00
7.888999999999999773e+02,5.971763000000000154e+00
7.890000000000000000e+02,5.971937999999999747e+00
7.891000000000000227e+02,6.992107999999999990e+00
7.892000000000000455e+02,6.993799000000000099e+00
7.892999999999999545e+02,6.995486999999999789e+00
7.893999999999999773e+02,7.479302999999999813e+00
7.895000000000000000e+02,7.481857999999999898e+00
7.896000000000000227e+02,7.409322000000000408e+00
7.897000000000000455e+02,7.411728000000000094e+00
7.897999999999999545e+02,7.414132000000000389e+00
7.898999999999999773e+02,7.345717999999999748e+00
7.900000000000000000e+02,7.347985000000000433e+00
7.901000000000000227e+02,9.019244999999999735e+00
7.902000000000000455e+02,9.025173000000000556e+00
7.902999999999999545e+02,9.031093999999999511e+00
7.903999999999999773e+02,9.744770000000000820e+00
7.905000000000000000e+02,9.752579000000000775e+00
7.906000000000000227e+02,9.434193999999999747e+00
7.907000000000000455e+02,9.441084000000000032e+00
7.907999999999999545e+02,9.447965999999999198e+00
7.908999999999999773e+02,9.195275000000000531e+00
7.910000000000000000e+02,9.201460000000000861e+00
7.911000000000000227e+02,9.023146999999999807e+00
7.912000000000000455e+02,9.028850000000000264e+00
7.912999999999999545e+02,9.034546000000000632e+00
7.913999999999999773e+02,8.909102000000000743e+00
7.915000000000000000e+02,8.914462999999999582e+00
7.916000000000000227e+02,8.826594999999999303e+00
7.917000000000000455e+02,8.831718999999999653e+00
7.917999999999999545e+02,8.836836999999999165e+00
7.918999999999999773e+02,8.775309999999999278e+00
7.920000000000000000e+02,8.780257999999999896e+00
7.921000000000000227e+02,2.731755999999999851e+00
7.922000000000000455e+02,2.728404999999999969e+00
7.922999999999999545e+02,2.725436000000000192e+00
7.923999999999999773e+02,7.457460000000000200e-01
7.925000000000000000e+02,7.451520000000000366e-01
7.926000000000000227e+02,1.497230999999999979e+00
7.927000000000000455e+02,1.496021999999999963e+00
7.927999999999999545e+02,1.494815000000000005e+00
7.928999999999999773e+02,2.098170999999999786e+00
7.930000000000000000e+02,2.096648000000000067e+00
7.931000000000000227e+02,-7.883646999999999849e+00
7.932000000000000455e+02,-7.852884000000000420e+00
7.932999999999999545e+02,-7.822017999999999915e+00
7.933999999999999773e+02,-9.455636999999999404e+00
7.935000000000000000e+02,-9.421381000000000228e+00
7.936000000000000227e+02,-8.129932000000000158e+00
7.937000000000000455e+02,-8.102795000000000414e+00
7.937999999999999545e+02,-8.075677999999999912e+00
7.938999999999999773e+02,-7.792135000000000034e+00
7.940000000000000000e+02,-7.766415000000000290e+00
7.941000000000000227e+02,-1.725147799999999876e+01
7.942000000000000455e+02,-1.714185700000000168e+01
7.942999999999999545e+02,-1.703054699999999855e+01
7.943999999999999773e+02,-1.873513600000000068e+01
7.945000000000000000e+02,-1.861615199999999959e+01
7.946000000000000227e+02,-1.804587000000000074e+01
7.947000000000000455e+02,-1.793340699999999899e+01
7.947999999999999545e+02,-1.782107999999999848e+01
7.948999999999999773e+02,-1.767194399999999987e+01
7.950000000000000000e+02,-1.756015299999999968e+01
7.951000000000000227e+02,-2.425857099999999988e+01
7.952000000000000455e+02,-2.404354000000000013e+01
7.952999999999999545e+02,-2.382657800000000137e+01
7.953999999999999773e+02,-2.490486200000000139e+01
7.955000000000000000e+02,-2.468006799999999856e+01
7.956000000000000227e+02,-2.415731299999999848e+01
7.957000000000000455e+02,-2.393774799999999914e+01
7.957999999999999545e+02,-2.371816799999999859e+01
7.958999999999999773e+02,-2.350042499999999990e+01
7.960000000000000000e+02,-2.328357000000000099e+01
7.961000000000000227e+02,-2.407043600000000083e+01
7.962000000000000455e+02,-2.383321799999999868e+01
7.962999999999999545e+02,-2.359537600000000168e+01
7.963999999999999773e+02,-2.358587400000000045e+01
7.965000000000000000e+02,-2.334607799999999855e+01
7.966000000000000227e+02,-2.313526699999999892e+01
7.967000000000000455e+02,-2.289472999999999914e+01
7.967999999999999545e+02,-2.265397099999999853e+01
7.968999999999999773e+02,-2.246196799999999882e+01
7.970000000000000000e+02,-2.221025399999999905e+01
7.971000000000000227e+02,-1.818677900000000136e+01
7.972000000000000455e+02,-1.801077099999999831e+01
7.972999999999999545e+02,-1.783491599999999977e+01
7.973999999999999773e+02,-1.638902500000000018e+01
7.975000000000000000e+02,-1.624117700000000042e+01
7.976000000000000227e+02,-1.661777800000000127e+01
7.977000000000000455e+02,-1.646276399999999995e+01
7.977999999999999545e+02,-1.630671299999999846e+01
7.978999999999999773e+02,-1.642141799999999918e+01
7.980000000000000000e+02,-1.626183500000000137e+01
7.981000000000000227e+02,-9.224183999999999273e+00
7.982000000000000455e+02,-9.165623000000000076e+00
7.982999999999999545e+02,-9.106975999999999516e+00
7.983999999999999773e+02,-6.643417000000000350e+00
7.985000000000000000e+02,-6.607097000000000442e+00
7.986000000000000227e+02,-7.508537999999999712e+00
7.987000000000000455e+02,-7.464819999999999567e+00
7.987999999999999545e+02,-7.420122000000000106e+00
7.988999999999999773e+02,-7.838106999999999935e+00
7.990000000000000000e+02,-7.789793000000000411e+00
7.991000000000000227e+02,-1.617448999999999915e+00
7.992000000000000455e+02,-1.612983000000000056e+00
7.992999999999999545e+02,-1.608519999999999950e+00
7.993999999999999773e+02,2.910639999999999894e-01
7.995000000000000000e+02,2.910639999999999894e-01
7.996000000000000227e+02,-2.340129999999999988e-01
7.997000000000000455e+02,-2.331759999999999944e-01
7.997999999999999545e+02,-2.322760000000000102e-01
7.998999999999999773e+02,-6.825959999999999805e-01
8.000000000000000000e+02,-6.807600000000000318e-01
8.001000000000000227e+02,2.560366999999999837e+00
8.002000000000000455e+02,2.560188999999999826e+00
8.002999999999999545e+02,2.560011999999999954e+00
8.003999999999999773e+02,3.903108000000000022e+00
8.005000000000000000e+02,3.905416000000000221e+00
8.006000000000000227e+02,3.353775999999999868e+00
8.007000000000000455e+02,3.354826999999999781e+00
8.007999999999999545e+02,3.355876999999999999e+00
8.008999999999999773e+02,2.952932000000000112e+00
8.010000000000000000e+02,2.953269999999999840e+00
8.011000000000000227e+02,9.405329000000000050e+00
8.012000000000000455e+02,9.437222999999999473e+00
8.012999999999999545e+02,9.469091000000000591e+00
8.013999999999999773e+02,1.166143800000000041e+01
8.015000000000000000e+02,1.171291899999999941e+01
8.016000000000000227e+02,9.744106000000000378e+00
8.017000000000000455e+02,9.777094999999999203e+00
8.017999999999999545e+02,9.810057000000000471e+00
8.018999999999999773e+02,8.455792000000000641e+00
8.020000000000000000e+02,8.478450999999999738e+00
8.021000000000000227e+02,2.169217000000000084e+01
8.022000000000000455e+02,2.188372000000000028e+01
8.022999999999999545e+02,2.207512699999999839e+01
8.023999999999999773e+02,2.672567499999999896e+01
8.025000000000000000e+02,2.700942200000000071e+01
8.026000000000000227e+02,2.285842699999999894e+01
8.027000000000000455e+02,2.305406699999999987e+01
8.027999999999999545e+02,2.324960099999999841e+01
8.028999999999999773e+02,2.036483799999999889e+01
8.030000000000000000e+02,2.050915699999999831e+01
8.031000000000000227e+02,2.796813799999999972e+01
8.032000000000000455e+02,2.824439699999999931e+01
8.032999999999999545e+02,2.851198400000000177e+01
8.033999999999999773e+02,3.073069500000000076e+01
8.035000000000000000e+02,3.103270699999999849e+01
8.036000000000000227e+02,2.790868100000000140e+01
8.037000000000000455e+02,2.814489000000000019e+01
8.037999999999999545e+02,2.838712400000000002e+01
8.038999999999999773e+02,2.638904399999999839e+01
8.040000000000000000e+02,2.659506899999999874e+01
8.041000000000000227e+02,1.933419699999999963e+01
8.042000000000000455e+02,1.943486000000000047e+01
8.042999999999999545e+02,1.953546400000000105e+01
8.043999999999999773e+02,1.668331699999999884e+01
8.045000000000000000e+02,1.675284900000000121e+01
8.046000000000000227e+02,1.798985100000000159e+01
8.047000000000000455e+02,1.807075299999999984e+01
8.047999999999999545e+02,1.815167800000000042e+01
8.048999999999999773e+02,1.912103600000000014e+01
8.050000000000000000e+02,1.921109999999999829e+01
8.051000000000000227e+02,5.011810999999999794e+00
8.052000000000000455e+02,5.002686999999999884e+00
8.052999999999999545e+02,5.001517999999999908e+00
8.053999999999999773e+02,1.368808999999999942e+00
8.055000000000000000e+02,1.367826999999999904e+00
8.056000000000000227e+02,4.859218000000000259e+00
8.057000000000000455e+02,4.860338999999999743e+00
8.057999999999999545e+02,4.861460000000000115e+00
8.058999999999999773e+02,7.393894000000000410e+00
8.060000000000000000e+02,7.401343999999999923e+00
8.061000000000000227e+02,-2.219920999999999811e+00
8.062000000000000455e+02,-2.212244000000000099e+00
8.062999999999999545e+02,-2.206153000000000031e+00
8.063999999999999773e+02,-5.326629999999999976e-01
8.065000000000000000e+02,-5.314900000000000180e-01
8.066000000000000227e+02,2.280558000000000085e+00
8.067000000000000455e+02,2.279408000000000101e+00
8.067999999999999545e+02,2.278258999999999812e+00
8.068999999999999773e+02,3.726554000000000144e+00
8.070000000000000000e+02,3.726207000000000047e+00
8.071000000000000227e+02,-6.523892000000000024e+00
8.072000000000000455e+02,-6.494532000000000416e+00
8.072999999999999545e+02,-6.469233000000000011e+00
8.073999999999999773e+02,-3.945031999999999872e+00
8.075000000000000000e+02,-3.933621000000000034e+00
8.076000000000000227e+02,2.910639999999999894e-01
8.077000000000000455e+02,2.910639999999999894e-01
8.077999999999999545e+02,2.910639999999999894e-01
8.078999999999999773e+02,9.609429999999999916e-01
8.080000000000000000e+02,9.602279999999999704e-01
8.081000000000000227e+02,-1.063441000000000081e+00
8.082000000000000455e+02,-1.060772999999999966e+00
8.082999999999999545e+02,-1.057941000000000020e+00
8.083999999999999773e+02,-2.044118999999999797e+00
8.085000000000000000e+02,-2.039298000000000055e+00
8.086000000000000227e+02,-2.151861999999999941e+00
8.087000000000000455e+02,-2.146743999999999986e+00
8.087999999999999545e+02,-2.141580999999999957e+00
8.088999999999999773e+02,-2.209172000000000136e+00
8.090000000000000000e+02,-2.203838000000000186e+00
8.091000000000000227e+02,-4.067620999999999931e+00
8.092000000000000455e+02,-4.054396999999999807e+00
8.092999999999999545e+02,-4.041045999999999694e+00
8.093999999999999773e+02,-4.396365000000000300e+00
8.095000000000000000e+02,-4.382158000000000442e+00
8.096000000000000227e+02,-4.302884999999999849e+00
8.097000000000000455e+02,-4.288611000000000395e+00
8.097999999999999545e+02,-4.274252999999999858e+00
8.098999999999999773e+02,-4.268171999999999855e+00
8.100000000000000000e+02,-4.253796999999999606e+00
8.101000000000000227e+02,-7.327219000000000371e+00
8.102000000000000455e+02,-7.290422000000000402e+00
8.102999999999999545e+02,-7.253249000000000279e+00
8.103999999999999773e+02,-7.817661000000000193e+00
8.105000000000000000e+02,-7.778457999999999650e+00
8.106000000000000227e+02,-7.606162999999999563e+00
8.107000000000000455e+02,-7.568157000000000245e+00
8.107999999999999545e+02,-7.530180999999999791e+00
8.108999999999999773e+02,-7.490088000000000079e+00
8.110000000000000000e+02,-7.453698000000000157e+00
8.111000000000000227e+02,-1.324248700000000056e+01
8.112000000000000455e+02,-1.313323500000000088e+01
8.112999999999999545e+02,-1.302264699999999920e+01
8.113999999999999773e+02,-1.400679900000000089e+01
8.115000000000000000e+02,-1.389042800000000000e+01
8.116000000000000227e+02,-1.349142100000000077e+01
8.117000000000000455e+02,-1.337952100000000044e+01
8.117999999999999545e+02,-1.326690999999999931e+01
8.118999999999999773e+02,-1.312378700000000009e+01
8.120000000000000000e+02,-1.301073700000000066e+01
8.121000000000000227e+02,-1.406241400000000041e+01
8.122000000000000455e+02,-1.392778200000000055e+01
8.122999999999999545e+02,-1.379282399999999953e+01
8.123999999999999773e+02,-1.389409799999999962e+01
8.125000000000000000e+02,-1.375777099999999997e+01
8.126000000000000227e+02,-1.359944499999999934e+01
8.127000000000000455e+02,-1.346372799999999970e+01
8.127999999999999545e+02,-1.332811000000000057e+01
8.128999999999999773e+02,-1.321519499999999958e+01
8.130000000000000000e+02,-1.307933599999999963e+01
8.131000000000000227e+02,-1.365747200000000028e+01
8.132000000000000455e+02,-1.350585700000000067e+01
8.132999999999999545e+02,-1.335397900000000071e+01
8.133999999999999773e+02,-1.335020300000000049e+01
8.135000000000000000e+02,-1.319735099999999939e+01
8.136000000000000227e+02,-1.304062099999999980e+01
8.137000000000000455e+02,-1.288806100000000043e+01
8.137999999999999545e+02,-1.273559999999999981e+01
8.138999999999999773e+02,-1.260514399999999924e+01
8.140000000000000000e+02,-1.245266999999999946e+01
8.141000000000000227e+02,-1.293183400000000027e+01
8.142000000000000455e+02,-1.276285099999999950e+01
8.142999999999999545e+02,-1.259362899999999996e+01
8.143999999999999773e+02,-1.255112300000000047e+01
8.145000000000000000e+02,-1.238090900000000083e+01
8.146000000000000227e+02,-1.220147399999999926e+01
8.147000000000000455e+02,-1.203164899999999982e+01
8.147999999999999545e+02,-1.186191099999999921e+01
8.148999999999999773e+02,-1.170652100000000040e+01
8.150000000000000000e+02,-1.153655799999999942e+01
8.151000000000000227e+02,-1.243698799999999949e+01
8.152000000000000455e+02,-1.223182500000000061e+01
8.152999999999999545e+02,-1.202614299999999936e+01
8.153999999999999773e+02,-1.202184699999999928e+01
8.155000000000000000e+02,-1.181418000000000035e+01
8.156000000000000227e+02,-1.156654200000000010e+01
8.157000000000000455e+02,-1.136041200000000018e+01
8.157999999999999545e+02,-1.115433900000000023e+01
8.158999999999999773e+02,-1.095239199999999968e+01
8.160000000000000000e+02,-1.074634700000000009e+01
8.161000000000000227e+02,-9.673944999999999794e+00
8.162000000000000455e+02,-9.499086999999999392e+00
8.162999999999999545e+02,-9.324296999999999613e+00
8.163999999999999773e+02,-8.865424000000000859e+00
8.165000000000000000e+02,-8.699880000000000280e+00
8.166000000000000227e+02,-8.648682000000000869e+00
8.167000000000000455e+02,-8.479482000000000852e+00
8.167999999999999545e+02,-8.309582000000000690e+00
8.168999999999999773e+02,-8.197730999999999213e+00
8.170000000000000000e+02,-8.026362000000000663e+00
8.171000000000000227e+02,-6.975318999999999825e+00
8.172000000000000455e+02,-6.838483000000000089e+00
8.172999999999999545e+02,-6.701671000000000156e+00
8.173999999999999773e+02,-6.277103000000000321e+00
8.175000000000000000e+02,-6.150227000000000110e+00
8.176000000000000227e+02,-6.138194999999999624e+00
8.177000000000000455e+02,-6.007823000000000135e+00
8.177999999999999545e+02,-5.876719999999999722e+00
8.178999999999999773e+02,-5.801374000000000031e+00
8.180000000000000000e+02,-5.668762000000000079e+00
8.181000000000000227e+02,-1.169097999999999971e+00
8.182000000000000455e+02,-1.158638000000000057e+00
8.182999999999999545e+02,-1.148180999999999896e+00
8.183999999999999773e+02,4.072169999999999956e-01
8.185000000000000000e+02,4.068590000000000262e-01
8.186000000000000227e+02,-1.386290000000000022e-01
8.187000000000000455e+02,-1.368250000000000022e-01
8.187999999999999545e+02,-1.348109999999999864e-01
8.188999999999999773e+02,-4.187109999999999999e-01
8.190000000000000000e+02,-4.150139999999999940e-01
8.191000000000000227e+02,4.157625000000000348e+00
8.192000000000000455e+02,4.195046999999999748e+00
8.192999999999999545e+02,4.232461999999999946e+00
8.193999999999999773e+02,6.019898000000000415e+00
8.195000000000000000e+02,6.101194999999999702e+00
8.196000000000000227e+02,5.003108000000000111e+00
8.197000000000000455e+02,5.053627999999999787e+00
8.197999999999999545e+02,5.104140000000000121e+00
8.198999999999999773e+02,4.305654999999999788e+00
8.200000000000000000e+02,4.338935000000000208e+00
8.201000000000000227e+02,1.229714599999999969e+01
8.202000000000000455e+02,1.261480899999999927e+01
8.202999999999999545e+02,1.293242599999999953e+01
8.203999999999999773e+02,1.613824800000000081e+01
8.205000000000000000e+02,1.661078300000000141e+01
8.206000000000000227e+02,1.410651499999999992e+01
8.207000000000000455e+02,1.442578499999999941e+01
8.207999999999999545e+02,1.474502700000000033e+01
8.208999999999999773e+02,1.289956399999999981e+01
8.210000000000000000e+02,1.313166700000000020e+01
8.211000000000000227e+02,1.204132899999999928e+01
8.212000000000000455e+02,1.222818400000000061e+01
8.212999999999999545e+02,1.241497400000000084e+01
8.213999999999999773e+02,1.178009400000000007e+01
8.215000000000000000e+02,1.194216300000000075e+01
8.216000000000000227e+02,1.161589299999999980e+01
8.217000000000000455e+02,1.176429599999999986e+01
8.217999999999999545e+02,1.191263999999999967e+01
8.218999999999999773e+02,1.176875199999999921e+01
8.220000000000000000e+02,1.190948999999999991e+01
8.221000000000000227e+02,1.035420099999999977e+01
8.222000000000000455e+02,1.045570900000000059e+01
8.222999999999999545e+02,1.055719200000000058e+01
8.223999999999999773e+02,1.003334199999999932e+01
8.225000000000000000e+02,1.012227099999999957e+01
8.226000000000000227e+02,1.061620100000000022e+01
8.227000000000000455e+02,1.071293000000000006e+01
8.227999999999999545e+02,1.080961500000000086e+01
8.228999999999999773e+02,1.121132899999999921e+01
8.230000000000000000e+02,1.131387299999999918e+01
8.231000000000000227e+02,1.050155400000000050e+01
8.232000000000000455e+02,1.058690900000000035e+01
8.232999999999999545e+02,1.067222300000000068e+01
8.233999999999999773e+02,1.050115100000000012e+01
8.235000000000000000e+02,1.058199899999999971e+01
8.236000000000000227e+02,1.107908499999999918e+01
8.237000000000000455e+02,1.116694599999999937e+01
8.237999999999999545e+02,1.125476300000000052e+01
8.238999999999999773e+02,1.164099700000000048e+01
8.240000000000000000e+02,1.173383699999999941e+01
8.241000000000000227e+02,7.821340000000000181e+00
8.242000000000000455e+02,7.857770000000000366e+00
8.242999999999999545e+02,7.894180000000000419e+00
8.243999999999999773e+02,6.611799000000000426e+00
8.245000000000000000e+02,6.635328999999999589e+00
8.246000000000000227e+02,7.934712000000000209e+00
8.247000000000000455e+02,7.970553999999999917e+00
8.247999999999999545e+02,8.006377999999999773e+00
8.248999999999999773e+02,8.937390000000000612e+00
8.250000000000000000e+02,8.983095000000000496e+00
8.251000000000000227e+02,8.954544000000000281e+00
8.252000000000000455e+02,8.999339000000000865e+00
8.252999999999999545e+02,9.044109999999999872e+00
8.253999999999999773e+02,9.214223999999999748e+00
8.255000000000000000e+02,9.260372999999999521e+00
8.256000000000000227e+02,9.699177000000000604e+00
8.257000000000000455e+02,9.749855999999999412e+00
8.257999999999999545e+02,9.800506000000000384e+00
8.258999999999999773e+02,1.011446300000000065e+01
8.260000000000000000e+02,1.016808299999999932e+01
8.261000000000000227e+02,9.729169000000000622e+00
8.262000000000000455e+02,9.776996000000000464e+00
8.262999999999999545e+02,9.824789000000000883e+00
8.263999999999999773e+02,9.753622000000000014e+00
8.265000000000000000e+02,9.800038000000000693e+00
8.266000000000000227e+02,1.010975400000000057e+01
8.267000000000000455e+02,1.015900399999999948e+01
8.267999999999999545e+02,1.020821800000000046e+01
8.268999999999999773e+02,1.044376100000000029e+01
8.270000000000000000e+02,1.049496899999999933e+01
8.271000000000000227e+02,9.282939999999999969e+00
8.272000000000000455e+02,9.320973000000000397e+00
8.272999999999999545e+02,9.358976999999999435e+00
8.273999999999999773e+02,9.000178999999999263e+00
8.275000000000000000e+02,9.034454999999999458e+00
8.276000000000000227e+02,9.518950000000000244e+00
8.277000000000000455e+02,9.557349000000000316e+00
8.277999999999999545e+02,9.595720000000000027e+00
8.278999999999999773e+02,9.951314999999999245e+00
8.280000000000000000e+02,9.992646000000000583e+00
8.281000000000000227e+02,1.530436100000000010e+01
8.282000000000000455e+02,1.541126599999999947e+01
8.282999999999999545e+02,1.551809199999999933e+01
8.283999999999999773e+02,1.753889300000000162e+01
8.285000000000000000e+02,1.767582200000000014e+01
8.286000000000000227e+02,1.640309600000000145e+01
8.287000000000000455e+02,1.651743400000000150e+01
8.287999999999999545e+02,1.663168599999999842e+01
8.288999999999999773e+02,1.576352999999999938e+01
8.290000000000000000e+02,1.586352399999999996e+01
8.291000000000000227e+02,1.616331299999999871e+01
8.292000000000000455e+02,1.626592099999999874e+01
8.292999999999999545e+02,1.636844800000000077e+01
8.293999999999999773e+02,1.640646500000000074e+01
8.295000000000000000e+02,1.650795499999999905e+01
8.296000000000000227e+02,1.620215800000000073e+01
8.297000000000000455e+02,1.629807599999999823e+01
8.297999999999999545e+02,1.639510699999999943e+01
8.298999999999999773e+02,1.624099800000000116e+01
8.300000000000000000e+02,1.633488300000000137e+01
8.301000000000000227e+02,1.383488499999999988e+01
8.302000000000000455e+02,1.389851099999999917e+01
8.302999999999999545e+02,1.396208999999999989e+01
8.303999999999999773e+02,1.310904999999999987e+01
8.305000000000000000e+02,1.316338200000000036e+01
8.306000000000000227e+02,1.384196099999999952e+01
8.307000000000000455e+02,1.390234500000000040e+01
8.307999999999999545e+02,1.396268399999999943e+01
8.308999999999999773e+02,1.446160199999999918e+01
8.310000000000000000e+02,1.452624899999999997e+01
8.311000000000000227e+02,7.326000999999999763e+00
8.312000000000000455e+02,7.337386000000000408e+00
8.312999999999999545e+02,7.348761999999999794e+00
8.313999999999999773e+02,4.978489999999999860e+00
8.315000000000000000e+02,4.981449999999999712e+00
8.316000000000000227e+02,7.189820000000000100e+00
8.317000000000000455e+02,7.200038000000000160e+00
8.317999999999999545e+02,7.210245999999999711e+00
8.318999999999999773e+02,8.750158000000000769e+00
8.320000000000000000e+02,8.767500999999999323e+00
8.321000000000000227e+02,2.174452000000000051e+00
8.322000000000000455e+02,2.170802999999999816e+00
8.322999999999999545e+02,2.168286000000000158e+00
8.323999999999999773e+02,1.084192000000000045e+00
8.325000000000000000e+02,1.083434000000000008e+00
8.326000000000000227e+02,3.095801999999999943e+00
8.327000000000000455e+02,3.095482000000000067e+00
8.327999999999999545e+02,3.095162999999999887e+00
8.328999999999999773e+02,4.475982000000000127e+00
8.330000000000000000e+02,4.477752999999999872e+00
8.331000000000000227e+02,5.317231999999999736e+00
8.332000000000000455e+02,5.320974999999999788e+00
8.332999999999999545e+02,5.324714000000000169e+00
8.333999999999999773e+02,5.830682000000000365e+00
8.335000000000000000e+02,5.835848999999999620e+00
8.336000000000000227e+02,6.140098000000000056e+00
8.337000000000000455e+02,6.146200999999999581e+00
8.337999999999999545e+02,6.152299000000000184e+00
8.338999999999999773e+02,6.336570000000000036e+00
8.340000000000000000e+02,6.343249000000000137e+00
8.341000000000000227e+02,7.296329000000000065e+00
8.342000000000000455e+02,7.306518999999999764e+00
8.342999999999999545e+02,7.316699999999999982e+00
8.343999999999999773e+02,7.681794000000000011e+00
8.345000000000000000e+02,7.693438999999999695e+00
8.346000000000000227e+02,7.510861000000000232e+00
8.347000000000000455e+02,7.521664000000000350e+00
8.347999999999999545e+02,7.532459000000000238e+00
8.348999999999999773e+02,7.403728000000000087e+00
8.350000000000000000e+02,7.413934000000000246e+00
8.351000000000000227e+02,6.490969999999999906e+00
8.352000000000000455e+02,6.497720000000000162e+00
8.352999999999999545e+02,6.504464999999999719e+00
8.353999999999999773e+02,6.161705000000000432e+00
8.355000000000000000e+02,6.167315000000000325e+00
8.356000000000000227e+02,6.369195000000000384e+00
8.357000000000000455e+02,6.375415000000000276e+00
8.357999999999999545e+02,6.381629000000000218e+00
8.358999999999999773e+02,6.527502000000000137e+00
8.360000000000000000e+02,6.534157999999999689e+00
8.361000000000000227e+02,5.774183999999999983e+00
8.362000000000000455e+02,5.778505000000000003e+00
8.362999999999999545e+02,5.782822000000000351e+00
8.363999999999999773e+02,5.537028000000000283e+00
8.365000000000000000e+02,5.540672999999999959e+00
8.366000000000000227e+02,5.800749999999999851e+00
8.367000000000000455e+02,5.805068999999999591e+00
8.367999999999999545e+02,5.809383999999999659e+00
8.368999999999999773e+02,5.989698999999999884e+00
8.370000000000000000e+02,5.994499000000000244e+00
8.371000000000000227e+02,8.672442000000000206e+00
8.372000000000000455e+02,8.687796000000000518e+00
8.372999999999999545e+02,8.703137999999999153e+00
8.373999999999999773e+02,9.694456999999999880e+00
8.375000000000000000e+02,9.714800999999999576e+00
8.376000000000000227e+02,9.085352999999999568e+00
8.377000000000000455e+02,9.102254999999999541e+00
8.377999999999999545e+02,9.119144000000000361e+00
8.378999999999999773e+02,8.676216000000000150e+00
8.380000000000000000e+02,8.690860000000000696e+00
8.381000000000000227e+02,1.015543000000000085e+01
8.382000000000000455e+02,1.017752499999999927e+01
8.382999999999999545e+02,1.019960400000000078e+01
8.383999999999999773e+02,1.066934499999999986e+01
8.385000000000000000e+02,1.069399699999999953e+01
8.386000000000000227e+02,1.015658400000000050e+01
8.387000000000000455e+02,1.017796700000000065e+01
8.387999999999999545e+02,1.019933400000000034e+01
8.388999999999999773e+02,9.828248000000000317e+00
8.390000000000000000e+02,9.847490000000000521e+00
8.391000000000000227e+02,7.866602999999999568e+00
8.392000000000000455e+02,7.876738999999999713e+00
8.392999999999999545e+02,7.886866999999999628e+00
8.393999999999999773e+02,7.127252999999999616e+00
8.395000000000000000e+02,7.134597000000000300e+00
8.396000000000000227e+02,7.510434000000000054e+00
8.397000000000000455e+02,7.519040000000000390e+00
8.397999999999999545e+02,7.527637999999999607e+00
8.398999999999999773e+02,7.807820999999999678e+00
8.400000000000000000e+02,7.817395000000000316e+00
8.401000000000000227e+02,8.869479999999999364e+00
8.402000000000000455e+02,8.883295999999999637e+00
8.402999999999999545e+02,8.897100000000000009e+00
8.403999999999999773e+02,9.333534999999999471e+00
8.405000000000000000e+02,9.349221000000000004e+00
8.406000000000000227e+02,9.209564000000000306e+00
8.407000000000000455e+02,9.224512999999999963e+00
8.407999999999999545e+02,9.239449000000000467e+00
8.408999999999999773e+02,9.141218999999999539e+00
8.410000000000000000e+02,9.155625000000000568e+00
8.411000000000000227e+02,1.259255199999999952e+01
8.412000000000000455e+02,1.262576100000000068e+01
8.412999999999999545e+02,1.265894600000000025e+01
8.413999999999999773e+02,1.392646799999999985e+01
8.415000000000000000e+02,1.396801699999999968e+01
8.416000000000000227e+02,1.310142899999999955e+01
8.417000000000000455e+02,1.313666699999999921e+01
8.417999999999999545e+02,1.317187999999999981e+01
8.418999999999999773e+02,1.256787699999999930e+01
8.420000000000000000e+02,1.259897499999999937e+01
8.421000000000000227e+02,1.223566199999999959e+01
8.422000000000000455e+02,1.226433300000000060e+01
8.422999999999999545e+02,1.229298200000000030e+01
8.423999999999999773e+02,1.208081699999999969e+01
8.425000000000000000e+02,1.210789899999999975e+01
8.426000000000000227e+02,1.199130000000000074e+01
8.427000000000000455e+02,1.201737800000000078e+01
8.427999999999999545e+02,1.204343300000000028e+01
8.428999999999999773e+02,1.198633200000000087e+01
8.430000000000000000e+02,1.201188600000000051e+01
8.431000000000000227e+02,8.513479000000000241e+00
8.432000000000000455e+02,8.523084000000000771e+00
8.432999999999999545e+02,8.532679999999999154e+00
8.433999999999999773e+02,7.196570000000000356e+00
8.435000000000000000e+02,7.201934999999999754e+00
8.436000000000000227e+02,8.005231000000000208e+00
8.437000000000000455e+02,8.012952000000000297e+00
8.437999999999999545e+02,8.020666999999999547e+00
8.438999999999999773e+02,8.624525000000000219e+00
8.440000000000000000e+02,8.634226999999999208e+00
8.441000000000000227e+02,4.700878000000000334e+00
8.442000000000000455e+02,4.701067000000000107e+00
8.442999999999999545e+02,4.701257000000000019e+00
8.443999999999999773e+02,3.277334000000000191e+00
8.445000000000000000e+02,3.276234000000000091e+00
8.446000000000000227e+02,4.403266999999999598e+00
8.447000000000000455e+02,4.403101000000000376e+00
8.447999999999999545e+02,4.402936000000000405e+00
8.448999999999999773e+02,5.237045000000000172e+00
8.450000000000000000e+02,5.238025000000000375e+00
8.451000000000000227e+02,4.921071000000000417e+00
8.452000000000000455e+02,4.921565000000000190e+00
8.452999999999999545e+02,4.922060000000000102e+00
8.453999999999999773e+02,4.940782999999999703e+00
8.455000000000000000e+02,4.941302000000000305e+00
8.456000000000000227e+02,5.366761999999999588e+00
8.457000000000000455e+02,5.367941000000000074e+00
8.457999999999999545e+02,5.369119999999999671e+00
8.458999999999999773e+02,5.664755000000000429e+00
8.460000000000000000e+02,5.666447999999999929e+00
8.461000000000000227e+02,5.859493999999999758e+00
8.462000000000000455e+02,5.861545999999999701e+00
8.462999999999999545e+02,5.863595000000000113e+00
8.463999999999999773e+02,5.989124999999999588e+00
8.465000000000000000e+02,5.991413999999999795e+00
8.466000000000000227e+02,6.072629000000000055e+00
8.467000000000000455e+02,6.075072999999999723e+00
8.467999999999999545e+02,6.077515000000000001e+00
8.468999999999999773e+02,6.129952000000000290e+00
8.470000000000000000e+02,6.132490999999999914e+00
8.471000000000000227e+02,8.767150000000000887e+00
8.472000000000000455e+02,8.777058000000000249e+00
8.472999999999999545e+02,8.786955999999999989e+00
8.473999999999999773e+02,9.835995000000000488e+00
8.475000000000000000e+02,9.849804999999999922e+00
8.476000000000000227e+02,9.293737999999999388e+00
8.477000000000000455e+02,9.305298999999999765e+00
8.477999999999999545e+02,9.316848000000000241e+00
8.478999999999999773e+02,8.903641999999999612e+00
8.480000000000000000e+02,8.913636000000000337e+00
8.481000000000000227e+02,1.298995599999999939e+01
8.482000000000000455e+02,1.301856899999999939e+01
8.482999999999999545e+02,1.304715599999999931e+01
8.483999999999999773e+02,1.460202300000000086e+01
8.485000000000000000e+02,1.463971500000000070e+01
8.486000000000000227e+02,1.359484400000000015e+01
8.487000000000000455e+02,1.362586499999999923e+01
8.487999999999999545e+02,1.365685900000000075e+01
8.488999999999999773e+02,1.289623100000000022e+01
8.490000000000000000e+02,1.292279899999999948e+01
8.491000000000000227e+02,1.591354199999999963e+01
8.492000000000000455e+02,1.595805400000000063e+01
8.492999999999999545e+02,1.600238999999999834e+01
8.493999999999999773e+02,1.709861199999999926e+01
8.495000000000000000e+02,1.715018099999999990e+01
8.496000000000000227e+02,1.623837800000000087e+01
8.497000000000000455e+02,1.628317600000000098e+01
8.497999999999999545e+02,1.632793699999999859e+01
8.498999999999999773e+02,1.567703099999999949e+01
8.500000000000000000e+02,1.571714599999999962e+01
8.501000000000000227e+02,1.183133899999999983e+01
8.502000000000000455e+02,1.185024899999999981e+01
8.502999999999999545e+02,1.186906600000000012e+01
8.503999999999999773e+02,1.018466500000000075e+01
8.505000000000000000e+02,1.019658899999999946e+01
8.506000000000000227e+02,1.072333500000000051e+01
8.507000000000000455e+02,1.073714700000000022e+01
8.507999999999999545e+02,1.075094499999999975e+01
8.508999999999999773e+02,1.118601600000000040e+01
8.510000000000000000e+02,1.120142399999999938e+01
8.511000000000000227e+02,8.051322000000000756e+00
8.512000000000000455e+02,8.056421999999999528e+00
8.512999999999999545e+02,8.061517000000000266e+00
8.513999999999999773e+02,6.840619000000000227e+00
8.515000000000000000e+02,6.842997999999999692e+00
8.516000000000000227e+02,7.659202999999999761e+00
8.517000000000000455e+02,7.663293999999999606e+00
8.517999999999999545e+02,7.667380999999999780e+00
8.518999999999999773e+02,8.295662999999999343e+00
8.520000000000000000e+02,8.301268999999999565e+00
8.521000000000000227e+02,8.739527999999999963e+00
8.522000000000000455e+02,8.746280999999999750e+00
8.522999999999999545e+02,8.753026000000000195e+00
8.523999999999999773e+02,9.059402000000000399e+00
8.525000000000000000e+02,9.066981999999999431e+00
8.526000000000000227e+02,9.282351000000000241e+00
8.527000000000000455e+02,9.290528999999999371e+00
8.527999999999999545e+02,9.298697999999999908e+00
8.528999999999999773e+02,9.452349999999999142e+00
8.530000000000000000e+02,9.460941000000000045e+00
8.531000000000000227e+02,9.572043000000000745e+00
8.532000000000000455e+02,9.580930000000000391e+00
8.532999999999999545e+02,9.589807999999999666e+00
8.533999999999999773e+02,9.672076000000000562e+00
8.535000000000000000e+02,9.681162000000000489e+00
8.536000000000000227e+02,9.743529999999999802e+00
8.537000000000000455e+02,9.752762999999999849e+00
8.537999999999999545e+02,9.761986999999999526e+00
8.538999999999999773e+02,9.810879999999999157e+00
8.540000000000000000e+02,9.820207999999999160e+00
8.541000000000000227e+02,8.133316000000000656e+00
8.542000000000000455e+02,8.137952999999999548e+00
8.542999999999999545e+02,8.142585000000000406e+00
8.543999999999999773e+02,7.440214000000000105e+00
8.545000000000000000e+02,7.443274999999999864e+00
8.546000000000000227e+02,7.780638999999999861e+00
8.547000000000000455e+02,7.784404000000000323e+00
8.547999999999999545e+02,7.788164000000000087e+00
8.548999999999999773e+02,8.055412000000000461e+00
8.550000000000000000e+02,8.059756999999999394e+00
8.551000000000000227e+02,5.662385999999999697e+00
8.552000000000000455e+02,5.662467000000000361e+00
8.552999999999999545e+02,5.662549000000000277e+00
8.553999999999999773e+02,4.685916999999999888e+00
8.555000000000000000e+02,4.685007999999999839e+00
8.556000000000000227e+02,5.235069000000000194e+00
8.557000000000000455e+02,5.234669000000000239e+00
8.557999999999999545e+02,5.234270000000000422e+00
8.558999999999999773e+02,5.661863999999999564e+00
8.560000000000000000e+02,5.661952999999999570e+00
8.561000000000000227e+02,5.960415000000000241e+00
8.562000000000000455e+02,5.960893000000000441e+00
8.562999999999999545e+02,5.961370999999999754e+00
8.563999999999999773e+02,6.168393000000000015e+00
8.565000000000000000e+02,6.169162000000000035e+00
8.566000000000000227e+02,6.312102999999999575e+00
8.567000000000000455e+02,6.313082999999999778e+00
8.567999999999999545e+02,6.314060999999999702e+00
8.568999999999999773e+02,6.412473000000000312e+00
8.570000000000000000e+02,6.413598999999999606e+00
8.571000000000000227e+02,1.425412099999999960e+01
8.572000000000000455e+02,1.428117600000000031e+01
8.572999999999999545e+02,1.430820399999999992e+01
8.573999999999999773e+02,1.769958799999999854e+01
8.575000000000000000e+02,1.774566000000000088e+01
8.576000000000000227e+02,1.638836799999999982e+01
8.577000000000000455e+02,1.642585599999999957e+01
8.577999999999999545e+02,1.646330700000000036e+01
8.578999999999999773e+02,1.540321199999999990e+01
8.580000000000000000e+02,1.543453000000000053e+01
8.581000000000000227e+02,1.730873199999999912e+01
8.582000000000000455e+02,1.735038600000000031e+01
8.582999999999999545e+02,1.739199800000000096e+01
8.583999999999999773e+02,1.802663700000000091e+01
8.585000000000000000e+02,1.807182500000000047e+01
8.586000000000000227e+02,1.730128799999999956e+01
8.587000000000000455e+02,1.734143699999999910e+01
8.587999999999999545e+02,1.738154700000000119e+01
8.588999999999999773e+02,1.681883699999999848e+01
8.590000000000000000e+02,1.685546099999999825e+01
8.591000000000000227e+02,1.388792899999999975e+01
8.592000000000000455e+02,1.390945999999999927e+01
8.592999999999999545e+02,1.393096700000000077e+01
8.593999999999999773e+02,1.254533799999999921e+01
8.595000000000000000e+02,1.256114900000000034e+01
8.596000000000000227e+02,1.282488999999999990e+01
8.597000000000000455e+02,1.284160400000000024e+01
8.597999999999999545e+02,1.285829799999999956e+01
8.598999999999999773e+02,1.310106099999999962e+01
8.600000000000000000e+02,1.311858900000000006e+01
8.601000000000000227e+02,9.860210999999999615e+00
8.602000000000000455e+02,9.867034000000000304e+00
8.602999999999999545e+02,9.873849999999999127e+00
8.603999999999999773e+02,8.488856000000000179e+00
8.605000000000000000e+02,8.492414999999999381e+00
8.606000000000000227e+02,9.143065999999999249e+00
8.607000000000000455e+02,9.148030000000000328e+00
8.607999999999999545e+02,9.152986999999999540e+00
8.608999999999999773e+02,9.680156999999999456e+00
8.610000000000000000e+02,9.686358000000000246e+00
8.611000000000000227e+02,1.696747799999999984e+01
8.612000000000000455e+02,1.700202900000000028e+01
8.612999999999999545e+02,1.703654300000000177e+01
8.613999999999999773e+02,2.041798299999999955e+01
8.615000000000000000e+02,2.047201099999999840e+01
8.616000000000000227e+02,1.961658800000000014e+01
8.617000000000000455e+02,1.966475799999999907e+01
8.617999999999999545e+02,1.971287699999999887e+01
8.618999999999999773e+02,1.901686600000000027e+01
8.620000000000000000e+02,1.906050499999999914e+01
8.621000000000000227e+02,2.637785900000000083e+01
8.622000000000000455e+02,2.647273699999999863e+01
8.622999999999999545e+02,2.656752200000000030e+01
8.623999999999999773e+02,2.977248499999999964e+01
8.625000000000000000e+02,2.989451999999999998e+01
8.626000000000000227e+02,2.852323399999999864e+01
8.627000000000000455e+02,2.863157800000000108e+01
8.627999999999999545e+02,2.874014999999999986e+01
8.628999999999999773e+02,2.768501099999999937e+01
8.630000000000000000e+02,2.778376700000000099e+01
8.631000000000000227e+02,1.757452400000000026e+01
8.632000000000000455e+02,1.760553399999999868e+01
8.632999999999999545e+02,1.763650700000000171e+01
8.633999999999999773e+02,1.281312699999999971e+01
8.635000000000000000e+02,1.282508600000000065e+01
8.636000000000000227e+02,1.377989200000000025e+01
8.637000000000000455e+02,1.379488399999999970e+01
8.637999999999999545e+02,1.380985599999999991e+01
8.638999999999999773e+02,1.466504399999999997e+01
8.640000000000000000e+02,1.468295499999999976e+01
8.641000000000000227e+02,9.332589000000000468e+00
8.642000000000000455e+02,9.335582000000000491e+00
8.642999999999999545e+02,9.338570000000000704e+00
8.643999999999999773e+02,7.030955999999999761e+00
8.645000000000000000e+02,7.030526000000000053e+00
8.646000000000000227e+02,8.163539000000000101e+00
8.647000000000000455e+02,8.164562000000000097e+00
8.647999999999999545e+02,8.165584000000000842e+00
8.648999999999999773e+02,9.096194000000000557e+00
8.650000000000000000e+02,9.098722999999999672e+00
8.651000000000000227e+02,1.065223899999999979e+01
8.652000000000000455e+02,1.065792899999999932e+01
8.652999999999999545e+02,1.066361200000000053e+01
8.653999999999999773e+02,1.158919200000000060e+01
8.655000000000000000e+02,1.159710600000000014e+01
8.656000000000000227e+02,1.188239399999999968e+01
8.657000000000000455e+02,1.189101999999999926e+01
8.657999999999999545e+02,1.189963499999999996e+01
8.658999999999999773e+02,1.210547200000000068e+01
8.660000000000000000e+02,1.211460499999999918e+01
8.661000000000000227e+02,1.741919599999999946e+01
8.662000000000000455e+02,1.744736999999999938e+01
8.662999999999999545e+02,1.747550899999999885e+01
8.663999999999999773e+02,2.002629100000000051e+01
8.665000000000000000e+02,2.006655100000000047e+01
8.666000000000000227e+02,1.952753900000000087e+01
8.667000000000000455e+02,1.956470600000000104e+01
8.667999999999999545e+02,1.960182700000000011e+01
8.668999999999999773e+02,1.914901700000000062e+01
8.670000000000000000e+02,1.918365500000000168e+01
8.671000000000000227e+02,2.058262500000000017e+01
8.672000000000000455e+02,2.062405199999999894e+01
8.672999999999999545e+02,2.066542899999999960e+01
8.673999999999999773e+02,2.126012400000000113e+01
8.675000000000000000e+02,2.130430600000000041e+01
8.676000000000000227e+02,2.095593300000000170e+01
8.677000000000000455e+02,2.099794199999999833e+01
8.677999999999999545e+02,2.103989899999999835e+01
8.678999999999999773e+02,2.077866399999999913e+01
8.680000000000000000e+02,2.081896800000000169e+01
8.681000000000000227e+02,1.379262100000000046e+01
8.682000000000000455e+02,1.380442299999999989e+01
8.682999999999999545e+02,1.381620900000000063e+01
8.683999999999999773e+02,1.042991300000000088e+01
8.685000000000000000e+02,1.043341700000000039e+01
8.686000000000000227e+02,1.112221800000000016e+01
8.687000000000000455e+02,1.112709399999999960e+01
8.687999999999999545e+02,1.113196399999999997e+01
8.688999999999999773e+02,1.174839500000000037e+01
8.690000000000000000e+02,1.175459900000000069e+01
8.691000000000000227e+02,6.255561000000000149e+00
8.692000000000000455e+02,6.253702999999999790e+00
8.692999999999999545e+02,6.251846999999999710e+00
8.693999999999999773e+02,3.740203000000000166e+00
8.695000000000000000e+02,3.737782999999999856e+00
8.696000000000000227e+02,4.635049999999999670e+00
8.697000000000000455e+02,4.632607000000000141e+00
8.697999999999999545e+02,4.630168000000000283e+00
8.698999999999999773e+02,5.396563999999999695e+00
8.700000000000000000e+02,5.394326999999999650e+00
8.701000000000000227e+02,4.270342000000000304e+00
8.702000000000000455e+02,4.267929999999999779e+00
8.702999999999999545e+02,4.265520999999999674e+00
8.703999999999999773e+02,3.884386000000000116e+00
8.705000000000000000e+02,3.881982999999999961e+00
8.706000000000000227e+02,4.381948999999999650e+00
8.707000000000000455e+02,4.379565999999999626e+00
8.707999999999999545e+02,4.377186000000000021e+00
8.708999999999999773e+02,4.780711000000000155e+00
8.710000000000000000e+02,4.778349000000000402e+00
8.711000000000000227e+02,4.228921999999999848e+00
8.712000000000000455e+02,4.226543999999999635e+00
8.712999999999999545e+02,4.224167999999999701e+00
8.713999999999999773e+02,4.038528000000000340e+00
8.715000000000000000e+02,4.036152999999999658e+00
8.716000000000000227e+02,4.286874000000000073e+00
8.717000000000000455e+02,4.284518000000000271e+00
8.717999999999999545e+02,4.282166000000000139e+00
8.718999999999999773e+02,4.478531000000000262e+00
8.720000000000000000e+02,4.476163999999999810e+00
8.721000000000000227e+02,4.620421000000000333e+00
8.722000000000000455e+02,4.618083000000000382e+00
8.722999999999999545e+02,4.615746999999999822e+00
8.723999999999999773e+02,4.718638000000000332e+00
8.725000000000000000e+02,4.716328999999999994e+00
8.726000000000000227e+02,4.787853000000000137e+00
8.727000000000000455e+02,4.785567000000000348e+00
8.727999999999999545e+02,4.783285000000000231e+00
8.728999999999999773e+02,4.831101999999999563e+00
8.730000000000000000e+02,4.828839000000000325e+00
8.731000000000000227e+02,3.171517999999999837e+00
8.732000000000000455e+02,3.169281999999999933e+00
8.732999999999999545e+02,3.167050000000000143e+00
8.733999999999999773e+02,2.379246999999999890e+00
8.735000000000000000e+02,2.377337999999999951e+00
8.736000000000000227e+02,2.566364999999999785e+00
8.737000000000000455e+02,2.564338999999999924e+00
8.737999999999999545e+02,2.562314999999999898e+00
8.738999999999999773e+02,2.721836999999999840e+00
8.740000000000000000e+02,2.719756999999999980e+00
8.741000000000000227e+02,1.606824999999999948e+00
8.742000000000000455e+02,1.605413999999999897e+00
8.742999999999999545e+02,1.604006999999999961e+00
8.743999999999999773e+02,8.188039999999999763e-01
8.745000000000000000e+02,8.180950000000000166e-01
8.746000000000000227e+02,2.910639999999999894e-01
8.747000000000000455e+02,2.910639999999999894e-01
8.747999999999999545e+02,2.910639999999999894e-01
8.748999999999999773e+02,7.855919999999999570e-01
8.750000000000000000e+02,7.849199999999999511e-01
8.751000000000000227e+02,-1.112980000000000080e+00
8.752000000000000455e+02,-1.110905000000000031e+00
8.752999999999999545e+02,-1.108789000000000025e+00
8.753999999999999773e+02,-1.700180999999999942e+00
8.755000000000000000e+02,-1.697198999999999902e+00
8.756000000000000227e+02,-1.745389000000000079e+00
8.757000000000000455e+02,-1.742312000000000083e+00
8.757999999999999545e+02,-1.739238999999999979e+00
8.758999999999999773e+02,-1.782195999999999891e+00
8.760000000000000000e+02,-1.779037999999999897e+00
8.761000000000000227e+02,-3.134189000000000114e+00
8.762000000000000455e+02,-3.127873000000000125e+00
8.762999999999999545e+02,-3.121525000000000105e+00
8.763999999999999773e+02,-3.394563000000000219e+00
8.765000000000000000e+02,-3.387738999999999834e+00
8.766000000000000227e+02,-3.357634000000000007e+00
8.767000000000000455e+02,-3.350909999999999833e+00
8.767999999999999545e+02,-3.344195000000000029e+00
8.768999999999999773e+02,-3.364778999999999964e+00
8.770000000000000000e+02,-3.358006000000000046e+00
8.771000000000000227e+02,-1.354080000000000006e-01
8.772000000000000455e+02,-1.349579999999999946e-01
8.772999999999999545e+02,-1.345449999999999979e-01
8.773999999999999773e+02,7.697699999999999543e-01
8.775000000000000000e+02,7.691050000000000386e-01
8.776000000000000227e+02,2.910639999999999894e-01
8.777000000000000455e+02,2.910639999999999894e-01
8.777999999999999545e+02,2.910639999999999894e-01
8.778999999999999773e+02,2.910639999999999894e-01
8.780000000000000000e+02,2.910639999999999894e-01
8.781000000000000227e+02,3.063988000000000156e+00
8.782000000000000455e+02,3.061986000000000097e+00
8.782999999999999545e+02,3.059987000000000013e+00
8.783999999999999773e+02,4.525190000000000268e+00
8.785000000000000000e+02,4.523352000000000039e+00
8.786000000000000227e+02,4.394900999999999947e+00
8.787000000000000455e+02,4.393023000000000344e+00
8.787999999999999545e+02,4.391148000000000273e+00
8.788999999999999773e+02,4.256446999999999647e+00
8.790000000000000000e+02,4.254560999999999815e+00
8.791000000000000227e+02,7.577848999999999613e+00
8.792000000000000455e+02,7.578899999999999970e+00
8.792999999999999545e+02,7.579950000000000188e+00
8.793999999999999773e+02,9.076174999999999216e+00
8.795000000000000000e+02,9.079864999999999853e+00
8.796000000000000227e+02,8.541498000000000701e+00
8.797000000000000455e+02,8.544126999999999583e+00
8.797999999999999545e+02,8.546753999999999962e+00
8.798999999999999773e+02,8.102131999999999223e+00
8.800000000000000000e+02,8.103965999999999781e+00
8.801000000000000227e+02,1.602667000000000064e+00
8.802000000000000455e+02,1.599776000000000087e+00
8.802999999999999545e+02,1.596703999999999901e+00
8.803999999999999773e+02,-2.491337000000000135e+00
8.805000000000000000e+02,-2.486563999999999997e+00
8.806000000000000227e+02,-1.056693000000000104e+00
8.807000000000000455e+02,-1.054829999999999934e+00
8.807999999999999545e+02,-1.052969000000000044e+00
8.808999999999999773e+02,-7.458299999999999930e-01
8.810000000000000000e+02,-7.444880000000000386e-01
8.811000000000000227e+02,-7.327979999999999494e-01
8.812000000000000455e+02,-7.314760000000000151e-01
8.812999999999999545e+02,-7.301549999999999985e-01
8.813999999999999773e+02,-7.565969999999999640e-01
8.815000000000000000e+02,-7.552330000000000432e-01
8.816000000000000227e+02,-7.816260000000000430e-01
8.817000000000000455e+02,-7.802189999999999959e-01
8.817999999999999545e+02,-7.788129999999999775e-01
8.818999999999999773e+02,-8.036919999999999620e-01
8.820000000000000000e+02,-8.022460000000000147e-01
8.821000000000000227e+02,6.040576999999999863e+00
8.822000000000000455e+02,6.040134000000000114e+00
8.822999999999999545e+02,6.039691000000000365e+00
8.823999999999999773e+02,9.108741999999999450e+00
8.825000000000000000e+02,9.113360999999999379e+00
8.826000000000000227e+02,8.467069999999999652e+00
8.827000000000000455e+02,8.470302999999999471e+00
8.827999999999999545e+02,8.473532999999999760e+00
8.828999999999999773e+02,7.914405000000000356e+00
8.830000000000000000e+02,7.916572000000000386e+00
8.831000000000000227e+02,7.510711999999999833e+00
8.832000000000000455e+02,7.512184000000000417e+00
8.832999999999999545e+02,7.513653999999999833e+00
8.833999999999999773e+02,7.220341999999999594e+00
8.835000000000000000e+02,7.221352000000000437e+00
8.836000000000000227e+02,7.009667999999999566e+00
8.837000000000000455e+02,7.010365000000000180e+00
8.837999999999999545e+02,7.011060999999999765e+00
8.838999999999999773e+02,6.858031000000000432e+00
8.840000000000000000e+02,6.858513000000000304e+00
8.841000000000000227e+02,7.606652999999999665e+00
8.842000000000000455e+02,7.608253999999999628e+00
8.842999999999999545e+02,7.609853000000000200e+00
8.843999999999999773e+02,7.918504999999999683e+00
8.845000000000000000e+02,7.920620999999999690e+00
8.846000000000000227e+02,7.736669000000000018e+00
8.847000000000000455e+02,7.738459999999999894e+00
8.847999999999999545e+02,7.740248000000000239e+00
8.848999999999999773e+02,7.595358000000000054e+00
8.850000000000000000e+02,7.596898999999999624e+00
8.851000000000000227e+02,9.210729000000000610e+00
8.852000000000000455e+02,9.215379999999999683e+00
8.852999999999999545e+02,9.220026000000000721e+00
8.853999999999999773e+02,9.923723999999999990e+00
8.855000000000000000e+02,9.930008000000000834e+00
8.856000000000000227e+02,9.625272000000000716e+00
8.857000000000000455e+02,9.630784999999999485e+00
8.857999999999999545e+02,9.636291999999999192e+00
8.858999999999999773e+02,9.393684000000000367e+00
8.860000000000000000e+02,9.398602000000000345e+00
8.861000000000000227e+02,8.368007999999999669e+00
8.862000000000000455e+02,8.370765000000000455e+00
8.862999999999999545e+02,8.373518000000000683e+00
8.863999999999999773e+02,7.863565000000000360e+00
8.865000000000000000e+02,7.865396999999999750e+00
8.866000000000000227e+02,7.906588000000000171e+00
8.867000000000000455e+02,7.908482000000000234e+00
8.867999999999999545e+02,7.910374000000000017e+00
8.868999999999999773e+02,7.955928000000000111e+00
8.870000000000000000e+02,7.957889999999999908e+00
8.871000000000000227e+02,7.135780999999999707e+00
8.872000000000000455e+02,7.136452000000000240e+00
8.872999999999999545e+02,7.137122999999999884e+00
8.873999999999999773e+02,6.775279000000000273e+00
8.875000000000000000e+02,6.775464000000000375e+00
8.876000000000000227e+02,6.921787000000000134e+00
8.877000000000000455e+02,6.922161000000000008e+00
8.877999999999999545e+02,6.922533999999999743e+00
8.878999999999999773e+02,7.043205000000000382e+00
8.880000000000000000e+02,7.043739000000000416e+00
8.881000000000000227e+02,4.557540999999999620e+00
8.882000000000000455e+02,4.555837000000000359e+00
8.882999999999999545e+02,4.554134000000000349e+00
8.883999999999999773e+02,3.458158000000000065e+00
8.885000000000000000e+02,3.456214000000000119e+00
8.886000000000000227e+02,3.864993000000000123e+00
8.887000000000000455e+02,3.863106000000000151e+00
8.887999999999999545e+02,3.861222000000000154e+00
8.888999999999999773e+02,4.195630999999999666e+00
8.890000000000000000e+02,4.193839999999999790e+00
8.891000000000000227e+02,2.742386000000000212e+00
8.892000000000000455e+02,2.740511000000000141e+00
8.892999999999999545e+02,2.738639000000000046e+00
8.893999999999999773e+02,2.148149999999999782e+00
8.895000000000000000e+02,2.146510000000000140e+00
8.896000000000000227e+02,2.505221000000000142e+00
8.897000000000000455e+02,2.503414999999999946e+00
8.897999999999999545e+02,2.501612000000000169e+00
8.898999999999999773e+02,2.790306999999999871e+00
8.900000000000000000e+02,2.788441000000000169e+00
8.901000000000000227e+02,3.191339999999999733e-01
8.902000000000000455e+02,3.189379999999999993e-01
8.902999999999999545e+02,3.187440000000000273e-01
8.903999999999999773e+02,-4.045819999999999972e-01
8.905000000000000000e+02,-4.037629999999999830e-01
8.906000000000000227e+02,2.910639999999999894e-01
8.907000000000000455e+02,2.910639999999999894e-01
8.907999999999999545e+02,2.910639999999999894e-01
8.908999999999999773e+02,2.910639999999999894e-01
8.910000000000000000e+02,2.910639999999999894e-01
8.911000000000000227e+02,-1.328281000000000045e+00
8.912000000000000455e+02,-1.325790000000000024e+00
8.912999999999999545e+02,-1.323272999999999922e+00
8.913999999999999773e+02,-1.705373000000000028e+00
8.915000000000000000e+02,-1.702258999999999967e+00
8.916000000000000227e+02,-1.638133999999999979e+00
8.917000000000000455e+02,-1.635153999999999996e+00
8.917999999999999545e+02,-1.632177999999999907e+00
8.918999999999999773e+02,-1.636989000000000027e+00
8.920000000000000000e+02,-1.634001000000000037e+00
8.921000000000000227e+02,-3.452183999999999919e+00
8.922000000000000455e+02,-3.444417000000000062e+00
8.922999999999999545e+02,-3.436592999999999787e+00
8.923999999999999773e+02,-3.791256999999999877e+00
8.925000000000000000e+02,-3.782776000000000138e+00
8.926000000000000227e+02,-3.713368000000000002e+00
8.927000000000000455e+02,-3.705093000000000192e+00
8.927999999999999545e+02,-3.696826000000000167e+00
8.928999999999999773e+02,-3.699386000000000063e+00
8.930000000000000000e+02,-3.691101000000000187e+00
8.931000000000000227e+02,-2.545888999999999847e+00
8.932000000000000455e+02,-2.540709999999999802e+00
8.932999999999999545e+02,-2.535537000000000152e+00
8.933999999999999773e+02,-2.125617999999999785e+00
8.935000000000000000e+02,-2.121410000000000018e+00
8.936000000000000227e+02,-2.289123000000000019e+00
8.937000000000000455e+02,-2.284556999999999949e+00
8.937999999999999545e+02,-2.279948000000000086e+00
8.938999999999999773e+02,-2.378092000000000095e+00
8.940000000000000000e+02,-2.373282999999999809e+00
8.941000000000000227e+02,-1.283015999999999934e+00
8.942000000000000455e+02,-1.280675000000000008e+00
8.942999999999999545e+02,-1.278335999999999917e+00
8.943999999999999773e+02,-8.782999999999999696e-01
8.945000000000000000e+02,-8.766220000000000123e-01
8.946000000000000227e+02,-1.045390000000000041e+00
8.947000000000000455e+02,-1.043430000000000080e+00
8.947999999999999545e+02,-1.041447000000000012e+00
8.948999999999999773e+02,-1.138997999999999955e+00
8.950000000000000000e+02,-1.136854999999999949e+00
8.951000000000000227e+02,1.196951000000000098e+00
8.952000000000000455e+02,1.195983999999999936e+00
8.952999999999999545e+02,1.195017999999999914e+00
8.953999999999999773e+02,2.091957999999999984e+00
8.955000000000000000e+02,2.090507999999999811e+00
8.956000000000000227e+02,2.107418000000000013e+00
8.957000000000000455e+02,2.105964999999999865e+00
8.957999999999999545e+02,2.104515000000000136e+00
8.958999999999999773e+02,2.090040999999999816e+00
8.960000000000000000e+02,2.088598000000000177e+00
8.961000000000000227e+02,4.630602999999999803e+00
8.962000000000000455e+02,4.629808999999999841e+00
8.962999999999999545e+02,4.629016000000000020e+00
8.963999999999999773e+02,5.717971000000000359e+00
8.965000000000000000e+02,5.718372999999999706e+00
8.966000000000000227e+02,5.234659999999999869e+00
8.967000000000000455e+02,5.234461999999999726e+00
8.967999999999999545e+02,5.234263999999999584e+00
8.968999999999999773e+02,4.851979000000000042e+00
8.970000000000000000e+02,4.851386999999999894e+00
8.971000000000000227e+02,6.310075999999999574e+00
8.972000000000000455e+02,6.311361999999999917e+00
8.972999999999999545e+02,6.312647000000000119e+00
8.973999999999999773e+02,6.858562000000000047e+00
8.975000000000000000e+02,6.860794000000000281e+00
8.976000000000000227e+02,6.415157999999999916e+00
8.977000000000000455e+02,6.416592999999999769e+00
8.977999999999999545e+02,6.418026000000000231e+00
8.978999999999999773e+02,6.079989000000000310e+00
8.980000000000000000e+02,6.080881999999999898e+00
8.981000000000000227e+02,4.983947999999999823e+00
8.982000000000000455e+02,4.983463999999999672e+00
8.982999999999999545e+02,4.982980000000000409e+00
8.983999999999999773e+02,4.454924000000000106e+00
8.985000000000000000e+02,4.453979000000000354e+00
8.986000000000000227e+02,4.499540999999999791e+00
8.987000000000000455e+02,4.498634000000000022e+00
8.987999999999999545e+02,4.497728000000000392e+00
8.988999999999999773e+02,4.544151000000000273e+00
8.990000000000000000e+02,4.543285000000000018e+00
8.991000000000000227e+02,2.863900000000000112e+00
8.992000000000000455e+02,2.862324000000000090e+00
8.992999999999999545e+02,2.860749999999999904e+00
8.993999999999999773e+02,2.161964999999999915e+00
8.995000000000000000e+02,2.160505999999999815e+00
8.996000000000000227e+02,2.476519000000000137e+00
8.997000000000000455e+02,2.474966000000000221e+00
8.997999999999999545e+02,2.473412999999999862e+00
8.998999999999999773e+02,2.725782000000000149e+00
9.000000000000000000e+02,2.724219000000000168e+00
9.001000000000000227e+02,-1.201160000000000005e-01
9.002000000000000455e+02,-1.195549999999999946e-01
9.002999999999999545e+02,-1.190250000000000058e-01
9.003999999999999773e+02,-1.807469999999999910e-01
9.005000000000000000e+02,-1.802010000000000001e-01
9.006000000000000227e+02,7.146439999999999459e-01
9.007000000000000455e+02,7.140999999999999570e-01
9.007999999999999545e+02,7.135580000000000256e-01
9.008999999999999773e+02,9.228169999999999984e-01
9.010000000000000000e+02,9.220829999999999860e-01
9.011000000000000227e+02,-1.326962999999999893e+00
9.012000000000000455e+02,-1.324111999999999956e+00
9.012999999999999545e+02,-1.321118000000000015e+00
9.013999999999999773e+02,-2.351728000000000041e+00
9.015000000000000000e+02,-2.346731999999999818e+00
9.016000000000000227e+02,-2.471801000000000137e+00
9.017000000000000455e+02,-2.466512999999999955e+00
9.017999999999999545e+02,-2.461186999999999792e+00
9.018999999999999773e+02,-2.532548999999999939e+00
9.020000000000000000e+02,-2.527064000000000199e+00
9.021000000000000227e+02,-2.324552699999999916e+01
9.022000000000000455e+02,-2.302802399999999849e+01
9.022999999999999545e+02,-2.280615699999999890e+01
9.023999999999999773e+02,-2.643535400000000024e+01
9.025000000000000000e+02,-2.618891800000000103e+01
9.026000000000000227e+02,-2.487598600000000104e+01
9.027000000000000455e+02,-2.464838200000000157e+01
9.027999999999999545e+02,-2.442081999999999908e+01
9.028999999999999773e+02,-2.402640900000000101e+01
9.030000000000000000e+02,-2.380428900000000070e+01
9.031000000000000227e+02,-2.458334899999999834e+01
9.032000000000000455e+02,-2.434141899999999836e+01
9.032999999999999545e+02,-2.409879899999999964e+01
9.033999999999999773e+02,-2.408071199999999834e+01
9.035000000000000000e+02,-2.383617500000000078e+01
9.036000000000000227e+02,-2.361223599999999934e+01
9.037000000000000455e+02,-2.336709799999999859e+01
9.037999999999999545e+02,-2.312187399999999826e+01
9.038999999999999773e+02,-2.292991900000000172e+01
9.040000000000000000e+02,-2.267934100000000086e+01
9.041000000000000227e+02,-1.860298600000000135e+01
9.042000000000000455e+02,-1.842279299999999864e+01
9.042999999999999545e+02,-1.824275799999999848e+01
9.043999999999999773e+02,-1.676914199999999866e+01
9.045000000000000000e+02,-1.661231099999999827e+01
9.046000000000000227e+02,-1.698601800000000139e+01
9.047000000000000455e+02,-1.682748000000000133e+01
9.047999999999999545e+02,-1.666791200000000117e+01
9.048999999999999773e+02,-1.677773699999999835e+01
9.050000000000000000e+02,-1.661466599999999971e+01
9.051000000000000227e+02,-9.502829000000000192e+00
9.052000000000000455e+02,-9.442916999999999561e+00
9.052999999999999545e+02,-9.382813999999999766e+00
9.053999999999999773e+02,-6.888684999999999725e+00
9.055000000000000000e+02,-6.850727000000000011e+00
9.056000000000000227e+02,-7.756583000000000006e+00
9.057000000000000455e+02,-7.711102999999999597e+00
9.057999999999999545e+02,-7.664632000000000112e+00
9.058999999999999773e+02,-8.081431999999999505e+00
9.060000000000000000e+02,-8.031318000000000623e+00
9.061000000000000227e+02,-1.796386000000000038e+00
9.062000000000000455e+02,-1.791339000000000015e+00
9.062999999999999545e+02,-1.786296000000000106e+00
9.063999999999999773e+02,2.910639999999999894e-01
9.065000000000000000e+02,2.910639999999999894e-01
9.066000000000000227e+02,-4.131790000000000185e-01
9.067000000000000455e+02,-4.119789999999999841e-01
9.067999999999999545e+02,-4.106960000000000055e-01
9.068999999999999773e+02,-8.517770000000000064e-01
9.070000000000000000e+02,-8.495260000000000034e-01
9.071000000000000227e+02,2.495013000000000147e+00
9.072000000000000455e+02,2.494727000000000139e+00
9.072999999999999545e+02,2.494441000000000130e+00
9.073999999999999773e+02,3.822691999999999979e+00
9.075000000000000000e+02,3.824698999999999849e+00
9.076000000000000227e+02,3.251809000000000172e+00
9.077000000000000455e+02,3.252597000000000182e+00
9.077999999999999545e+02,3.253385000000000193e+00
9.078999999999999773e+02,2.838440999999999992e+00
9.080000000000000000e+02,2.838563000000000169e+00
9.081000000000000227e+02,9.333569000000000671e+00
9.082000000000000455e+02,9.364235000000000753e+00
9.082999999999999545e+02,9.394875000000000753e+00
9.083999999999999773e+02,1.160170699999999933e+01
9.085000000000000000e+02,1.165163399999999960e+01
9.086000000000000227e+02,9.670457000000000747e+00
9.087000000000000455e+02,9.702225999999999573e+00
9.087999999999999545e+02,9.733969000000000094e+00
9.088999999999999773e+02,8.372552000000000660e+00
9.090000000000000000e+02,8.394215000000000870e+00
9.091000000000000227e+02,2.169268500000000088e+01
9.092000000000000455e+02,2.188134900000000016e+01
9.092999999999999545e+02,2.206987099999999913e+01
9.093999999999999773e+02,2.675043700000000158e+01
9.095000000000000000e+02,2.703257899999999836e+01
9.096000000000000227e+02,2.285873799999999889e+01
9.097000000000000455e+02,2.305168700000000115e+01
9.097999999999999545e+02,2.324453099999999850e+01
9.098999999999999773e+02,2.029179399999999944e+01
9.100000000000000000e+02,2.043307899999999933e+01
9.101000000000000227e+02,2.793703700000000012e+01
9.102000000000000455e+02,2.820612699999999862e+01
9.102999999999999545e+02,2.846593700000000027e+01
9.103999999999999773e+02,3.071631999999999962e+01
9.105000000000000000e+02,3.101472199999999901e+01
9.106000000000000227e+02,2.790265899999999988e+01
9.107000000000000455e+02,2.813840700000000083e+01
9.107999999999999545e+02,2.838104600000000133e+01
9.108999999999999773e+02,2.638638399999999962e+01
9.110000000000000000e+02,2.659024099999999891e+01
9.111000000000000227e+02,1.931447100000000106e+01
9.112000000000000455e+02,1.941383499999999884e+01
9.112999999999999545e+02,1.951313899999999890e+01
9.113999999999999773e+02,1.660725000000000051e+01
9.115000000000000000e+02,1.667532200000000131e+01
9.116000000000000227e+02,1.792295400000000072e+01
9.117000000000000455e+02,1.800235899999999845e+01
9.117999999999999545e+02,1.808171600000000012e+01
9.118999999999999773e+02,1.906191700000000111e+01
9.120000000000000000e+02,1.915049600000000041e+01
9.121000000000000227e+02,4.964209999999999567e+00
9.122000000000000455e+02,4.955034000000000383e+00
9.122999999999999545e+02,4.953650999999999804e+00
9.123999999999999773e+02,1.324788000000000077e+00
9.125000000000000000e+02,1.323827000000000087e+00
9.126000000000000227e+02,4.791026999999999703e+00
9.127000000000000455e+02,4.791985999999999635e+00
9.127999999999999545e+02,4.792944999999999567e+00
9.128999999999999773e+02,7.315412000000000248e+00
9.130000000000000000e+02,7.322493999999999836e+00
9.131000000000000227e+02,8.941641999999999868e+00
9.132000000000000455e+02,8.954701999999999273e+00
9.132999999999999545e+02,8.967752000000000834e+00
9.133999999999999773e+02,1.000603300000000040e+01
9.135000000000000000e+02,1.002366199999999985e+01
9.136000000000000227e+02,1.069286100000000062e+01
9.137000000000000455e+02,1.071373799999999932e+01
9.137999999999999545e+02,1.073459800000000008e+01
9.138999999999999773e+02,1.117530700000000010e+01
9.140000000000000000e+02,1.119834400000000052e+01
9.141000000000000227e+02,2.643024199999999979e+01
9.142000000000000455e+02,2.660275899999999893e+01
9.142999999999999545e+02,2.677393599999999907e+01
9.143999999999999773e+02,3.261266899999999680e+01
9.145000000000000000e+02,3.286941300000000155e+01
9.146000000000000227e+02,2.937959199999999882e+01
9.147000000000000455e+02,2.957758099999999857e+01
9.147999999999999545e+02,2.977546500000000052e+01
9.148999999999999773e+02,2.734949299999999894e+01
9.150000000000000000e+02,2.751171099999999825e+01
9.151000000000000227e+02,9.453388999999999598e+00
9.152000000000000455e+02,9.464608000000000132e+00
9.152999999999999545e+02,9.475816000000000017e+00
9.153999999999999773e+02,2.135780000000000012e+00
9.155000000000000000e+02,2.134415999999999869e+00
9.156000000000000227e+02,5.067243000000000386e+00
9.157000000000000455e+02,5.067520000000000024e+00
9.157999999999999545e+02,5.067796000000000411e+00
9.158999999999999773e+02,7.385157999999999667e+00
9.160000000000000000e+02,7.389922999999999575e+00
9.161000000000000227e+02,8.961294999999999789e+00
9.162000000000000455e+02,8.970674000000000703e+00
9.162999999999999545e+02,8.980043999999999471e+00
9.163999999999999773e+02,1.004187899999999978e+01
9.165000000000000000e+02,1.005502199999999924e+01
9.166000000000000227e+02,1.077368099999999984e+01
9.167000000000000455e+02,1.078966699999999967e+01
9.167999999999999545e+02,1.080559900000000084e+01
9.168999999999999773e+02,1.129826000000000086e+01
9.170000000000000000e+02,1.131613399999999992e+01
9.171000000000000227e+02,-3.360488000000000142e+00
9.172000000000000455e+02,-3.347401000000000071e+00
9.172999999999999545e+02,-3.336212999999999873e+00
9.173999999999999773e+02,-3.258439999999999781e+00
9.175000000000000000e+02,-3.250875999999999877e+00
9.176000000000000227e+02,1.211910999999999961e+00
9.177000000000000455e+02,1.210955000000000004e+00
9.177999999999999545e+02,1.210001000000000104e+00
9.178999999999999773e+02,2.239513000000000087e+00
9.180000000000000000e+02,2.238135999999999903e+00
9.181000000000000227e+02,5.435688999999999993e+00
9.182000000000000455e+02,5.436524000000000356e+00
9.182999999999999545e+02,5.437358999999999831e+00
9.183999999999999773e+02,6.901256000000000057e+00
9.185000000000000000e+02,6.904899000000000342e+00
9.186000000000000227e+02,6.638048999999999644e+00
9.187000000000000455e+02,6.641080999999999790e+00
9.187999999999999545e+02,6.644109000000000265e+00
9.188999999999999773e+02,6.412869999999999848e+00
9.190000000000000000e+02,6.415402000000000271e+00
9.191000000000000227e+02,8.854324999999999335e+00
9.192000000000000455e+02,8.863353000000000037e+00
9.192999999999999545e+02,8.872372000000000369e+00
9.193999999999999773e+02,9.817258000000000706e+00
9.195000000000000000e+02,9.829553000000000651e+00
9.196000000000000227e+02,9.219158000000000186e+00
9.197000000000000455e+02,9.229191000000000145e+00
9.197999999999999545e+02,9.239214999999999733e+00
9.198999999999999773e+02,8.783986000000000516e+00
9.200000000000000000e+02,8.792388000000000758e+00
9.201000000000000227e+02,1.369531699999999930e+01
9.202000000000000455e+02,1.372519199999999984e+01
9.202999999999999545e+02,1.375504100000000030e+01
9.203999999999999773e+02,1.567731700000000039e+01
9.205000000000000000e+02,1.571849399999999974e+01
9.206000000000000227e+02,1.452532300000000021e+01
9.207000000000000455e+02,1.455887199999999915e+01
9.207999999999999545e+02,1.459239299999999950e+01
9.208999999999999773e+02,1.370833000000000013e+01
9.210000000000000000e+02,1.373664600000000036e+01
9.211000000000000227e+02,2.011976200000000148e+01
9.212000000000000455e+02,2.019100900000000109e+01
9.212999999999999545e+02,2.026218100000000177e+01
9.213999999999999773e+02,2.276650599999999969e+01
9.215000000000000000e+02,2.285877500000000140e+01
9.216000000000000227e+02,2.124333100000000130e+01
9.217000000000000455e+02,2.132030800000000070e+01
9.217999999999999545e+02,2.139721700000000126e+01
9.218999999999999773e+02,2.021496600000000043e+01
9.220000000000000000e+02,2.028167099999999934e+01
9.221000000000000227e+02,1.777590700000000012e+01
9.222000000000000455e+02,1.782396100000000061e+01
9.222999999999999545e+02,1.787197000000000102e+01
9.223999999999999773e+02,1.664885999999999910e+01
9.225000000000000000e+02,1.668884299999999854e+01
9.226000000000000227e+02,1.670247699999999824e+01
9.227000000000000455e+02,1.674222599999999872e+01
9.227999999999999545e+02,1.678193600000000174e+01
9.228999999999999773e+02,1.684825100000000120e+01
9.230000000000000000e+02,1.688804100000000119e+01
9.231000000000000227e+02,1.349843000000000082e+01
9.232000000000000455e+02,1.352034699999999923e+01
9.232999999999999545e+02,1.354224199999999989e+01
9.233999999999999773e+02,1.212328600000000023e+01
9.235000000000000000e+02,1.213914899999999975e+01
9.236000000000000227e+02,1.280872899999999959e+01
9.237000000000000455e+02,1.282717000000000063e+01
9.237999999999999545e+02,1.284559199999999990e+01
9.238999999999999773e+02,1.338990699999999912e+01
9.240000000000000000e+02,1.341049499999999917e+01
9.241000000000000227e+02,-1.231193500000000007e+01
9.242000000000000455e+02,-1.223648500000000006e+01
9.242999999999999545e+02,-1.216976700000000022e+01
9.243999999999999773e+02,-1.176353199999999966e+01
9.245000000000000000e+02,-1.171448400000000056e+01
9.246000000000000227e+02,-3.062422999999999895e+00
9.247000000000000455e+02,-3.055912999999999879e+00
9.247999999999999545e+02,-3.049272000000000205e+00
9.248999999999999773e+02,-9.161529999999999951e-01
9.250000000000000000e+02,-9.144360000000000266e-01
9.251000000000000227e+02,-2.990358000000000072e+00
9.252000000000000455e+02,-2.983419000000000043e+00
9.252999999999999545e+02,-2.976402999999999910e+00
9.253999999999999773e+02,-3.436142999999999947e+00
9.255000000000000000e+02,-3.428418999999999883e+00
9.256000000000000227e+02,-3.348885000000000112e+00
9.257000000000000455e+02,-3.341399000000000008e+00
9.257999999999999545e+02,-3.333919999999999995e+00
9.258999999999999773e+02,-3.340526999999999802e+00
9.260000000000000000e+02,-3.333018000000000036e+00
9.261000000000000227e+02,2.910639999999999894e-01
9.262000000000000455e+02,2.910639999999999894e-01
9.262999999999999545e+02,2.910639999999999894e-01
9.263999999999999773e+02,1.221165000000000056e+00
9.265000000000000000e+02,1.220188000000000050e+00
9.266000000000000227e+02,1.204158000000000062e+00
9.267000000000000455e+02,1.203194000000000097e+00
9.267999999999999545e+02,1.202231000000000050e+00
9.268999999999999773e+02,1.163583999999999952e+00
9.270000000000000000e+02,1.162652000000000019e+00
9.271000000000000227e+02,1.126905999999999963e+00
9.272000000000000455e+02,1.126003000000000087e+00
9.272999999999999545e+02,1.125099999999999989e+00
9.273999999999999773e+02,1.092230999999999952e+00
9.275000000000000000e+02,1.091355999999999993e+00
9.276000000000000227e+02,1.060624999999999929e+00
9.277000000000000455e+02,1.059776000000000051e+00
9.277999999999999545e+02,1.058928000000000091e+00
9.278999999999999773e+02,1.029838000000000031e+00
9.280000000000000000e+02,1.029015000000000013e+00
9.281000000000000227e+02,2.487337999999999827e+00
9.282000000000000455e+02,2.485827000000000009e+00
9.282999999999999545e+02,2.484315000000000051e+00
9.283999999999999773e+02,3.333849999999999980e+00
9.285000000000000000e+02,3.332447000000000159e+00
9.286000000000000227e+02,3.210090999999999806e+00
9.287000000000000455e+02,3.208654999999999813e+00
9.287999999999999545e+02,3.207221000000000100e+00
9.288999999999999773e+02,3.090602000000000071e+00
9.290000000000000000e+02,3.089142999999999972e+00
9.291000000000000227e+02,3.002403999999999851e+00
9.292000000000000455e+02,3.000931000000000015e+00
9.292999999999999545e+02,2.999460000000000015e+00
9.293999999999999773e+02,2.934293999999999958e+00
9.295000000000000000e+02,2.932815999999999867e+00
9.296000000000000227e+02,2.882582999999999895e+00
9.297000000000000455e+02,2.881101999999999830e+00
9.297999999999999545e+02,2.879623000000000044e+00
9.298999999999999773e+02,2.839713000000000154e+00
9.300000000000000000e+02,2.838232999999999784e+00
9.301000000000000227e+02,3.662612999999999897e+00
9.302000000000000455e+02,3.661392000000000202e+00
9.302999999999999545e+02,3.660172000000000203e+00
9.303999999999999773e+02,3.989192000000000071e+00
9.305000000000000000e+02,3.988169000000000075e+00
9.306000000000000227e+02,3.798306000000000182e+00
9.307000000000000455e+02,3.797168000000000099e+00
9.307999999999999545e+02,3.796031000000000155e+00
9.308999999999999773e+02,3.646338000000000079e+00
9.310000000000000000e+02,3.645122999999999891e+00
9.311000000000000227e+02,2.680952000000000002e+00
9.312000000000000455e+02,2.679473000000000216e+00
9.312999999999999545e+02,2.677995999999999821e+00
9.313999999999999773e+02,2.250217000000000134e+00
9.315000000000000000e+02,2.248807999999999918e+00
9.316000000000000227e+02,2.355738999999999805e+00
9.317000000000000455e+02,2.354318000000000133e+00
9.317999999999999545e+02,2.352898000000000156e+00
9.318999999999999773e+02,2.436532000000000142e+00
9.320000000000000000e+02,2.435106999999999911e+00
9.321000000000000227e+02,2.489227000000000078e+00
9.322000000000000455e+02,2.487766000000000144e+00
9.322999999999999545e+02,2.486305999999999905e+00
9.323999999999999773e+02,2.518282000000000131e+00
9.325000000000000000e+02,2.516824000000000172e+00
9.326000000000000227e+02,2.533720000000000194e+00
9.327000000000000455e+02,2.532265000000000210e+00
9.327999999999999545e+02,2.530813000000000201e+00
9.328999999999999773e+02,2.537506000000000039e+00
9.330000000000000000e+02,2.536057000000000006e+00
9.331000000000000227e+02,9.670769999999999644e-01
9.332000000000000455e+02,9.660710000000000131e-01
9.332999999999999545e+02,9.650069999999999482e-01
9.333999999999999773e+02,-1.113669999999999938e-01
9.335000000000000000e+02,-1.109269999999999978e-01
9.336000000000000227e+02,-4.087400000000000061e-02
9.337000000000000455e+02,-4.053299999999999959e-02
9.337999999999999545e+02,-4.019099999999999756e-02
9.338999999999999773e+02,-4.516699999999999882e-02
9.340000000000000000e+02,-4.481799999999999673e-02
9.341000000000000227e+02,-1.678970000000000073e+00
9.342000000000000455e+02,-1.675424999999999942e+00
9.342999999999999545e+02,-1.671845999999999943e+00
9.343999999999999773e+02,-1.989908000000000010e+00
9.345000000000000000e+02,-1.985789999999999944e+00
9.346000000000000227e+02,-1.921124999999999972e+00
9.347000000000000455e+02,-1.917170000000000041e+00
9.347999999999999545e+02,-1.913219000000000003e+00
9.348999999999999773e+02,-1.913920000000000066e+00
9.350000000000000000e+02,-1.909963999999999995e+00
9.351000000000000227e+02,-8.775549999999999740e-01
9.352000000000000455e+02,-8.758240000000000469e-01
9.352999999999999545e+02,-8.740949999999999553e-01
9.353999999999999773e+02,-5.027409999999999934e-01
9.355000000000000000e+02,-5.016599999999999948e-01
9.356000000000000227e+02,-6.531259999999999843e-01
9.357000000000000455e+02,-6.518009999999999637e-01
9.357999999999999545e+02,-6.504590000000000094e-01
9.358999999999999773e+02,-7.382269999999999666e-01
9.360000000000000000e+02,-7.367449999999999832e-01
9.361000000000000227e+02,2.910639999999999894e-01
9.362000000000000455e+02,2.910639999999999894e-01
9.362999999999999545e+02,2.910639999999999894e-01
9.363999999999999773e+02,9.212719999999999798e-01
9.365000000000000000e+02,9.205539999999999834e-01
9.366000000000000227e+02,9.496019999999999461e-01
9.367000000000000455e+02,9.488609999999999545e-01
9.367999999999999545e+02,9.481209999999999916e-01
9.368999999999999773e+02,9.504869999999999708e-01
9.370000000000000000e+02,9.497459999999999791e-01
9.371000000000000227e+02,1.092262000000000066e+00
9.372000000000000455e+02,1.091415000000000024e+00
9.372999999999999545e+02,1.090570000000000039e+00
9.373999999999999773e+02,1.290146000000000015e+00
9.375000000000000000e+02,1.289171999999999985e+00
9.376000000000000227e+02,1.364414000000000016e+00
9.377000000000000455e+02,1.363399000000000028e+00
9.377999999999999545e+02,1.362384999999999957e+00
9.378999999999999773e+02,1.404751000000000083e+00
9.380000000000000000e+02,1.403717000000000104e+00
9.381000000000000227e+02,1.426677999999999891e+00
9.382000000000000455e+02,1.425632999999999928e+00
9.382999999999999545e+02,1.424590000000000023e+00
9.383999999999999773e+02,1.434974999999999890e+00
9.385000000000000000e+02,1.433934999999999960e+00
9.386000000000000227e+02,1.436150000000000038e+00
9.387000000000000455e+02,1.435111000000000026e+00
9.387999999999999545e+02,1.434072999999999931e+00
9.388999999999999773e+02,1.431003000000000025e+00
9.390000000000000000e+02,1.429967999999999906e+00
9.391000000000000227e+02,1.354471999999999898e+00
9.392000000000000455e+02,1.353479000000000099e+00
9.392999999999999545e+02,1.352486000000000077e+00
9.393999999999999773e+02,1.147380000000000067e+00
9.395000000000000000e+02,1.146512999999999893e+00
9.396000000000000227e+02,1.019687999999999928e+00
9.397000000000000455e+02,1.018912000000000040e+00
9.397999999999999545e+02,1.018137000000000070e+00
9.398999999999999773e+02,9.316360000000000197e-01
9.400000000000000000e+02,9.309290000000000065e-01
9.401000000000000227e+02,2.576490000000000169e+00
9.402000000000000455e+02,2.575283999999999907e+00
9.402999999999999545e+02,2.574079999999999924e+00
9.403999999999999773e+02,3.386165000000000092e+00
9.405000000000000000e+02,3.385346999999999884e+00
9.406000000000000227e+02,3.089224999999999888e+00
9.407000000000000455e+02,3.088223000000000162e+00
9.407999999999999545e+02,3.087222000000000133e+00
9.408999999999999773e+02,2.857317000000000107e+00
9.410000000000000000e+02,2.856209999999999916e+00
9.411000000000000227e+02,4.431230000000000224e+00
9.412000000000000455e+02,4.431515000000000093e+00
9.412999999999999545e+02,4.431799999999999962e+00
9.413999999999999773e+02,4.992111999999999661e+00
9.415000000000000000e+02,4.993253000000000164e+00
9.416000000000000227e+02,4.518047000000000146e+00
9.417000000000000455e+02,4.518444999999999823e+00
9.417999999999999545e+02,4.518842000000000247e+00
9.418999999999999773e+02,4.177526000000000295e+00
9.420000000000000000e+02,4.177476999999999663e+00
9.421000000000000227e+02,3.958070000000000199e+00
9.422000000000000455e+02,3.957771999999999846e+00
9.422999999999999545e+02,3.957473999999999936e+00
9.423999999999999773e+02,3.816710000000000047e+00
9.425000000000000000e+02,3.816267999999999994e+00
9.426000000000000227e+02,3.725893999999999817e+00
9.427000000000000455e+02,3.725368000000000013e+00
9.427999999999999545e+02,3.724842000000000208e+00
9.428999999999999773e+02,3.666586000000000123e+00
9.430000000000000000e+02,3.666008000000000155e+00
9.431000000000000227e+02,4.492269000000000290e+00
9.432000000000000455e+02,4.492642000000000024e+00
9.432999999999999545e+02,4.493013999999999619e+00
9.433999999999999773e+02,4.798127000000000031e+00
9.435000000000000000e+02,4.798953000000000024e+00
9.436000000000000227e+02,4.578146000000000271e+00
9.437000000000000455e+02,4.578634000000000093e+00
9.437999999999999545e+02,4.579121999999999915e+00
9.438999999999999773e+02,4.419611999999999874e+00
9.440000000000000000e+02,4.419875000000000220e+00
9.441000000000000227e+02,5.185971999999999582e+00
9.442000000000000455e+02,5.187447999999999837e+00
9.442999999999999545e+02,5.188922999999999952e+00
9.443999999999999773e+02,5.454117000000000104e+00
9.445000000000000000e+02,5.456089000000000411e+00
9.446000000000000227e+02,5.211027999999999771e+00
9.447000000000000455e+02,5.212526999999999688e+00
9.447999999999999545e+02,5.214023000000000074e+00
9.448999999999999773e+02,5.040295000000000414e+00
9.450000000000000000e+02,5.041478999999999822e+00
9.451000000000000227e+02,5.799767000000000117e+00
9.452000000000000455e+02,5.802421999999999969e+00
9.452999999999999545e+02,5.805075000000000429e+00
9.453999999999999773e+02,6.066906000000000354e+00
9.455000000000000000e+02,6.070136999999999894e+00
9.456000000000000227e+02,5.824462999999999724e+00
9.457000000000000455e+02,5.827126999999999946e+00
9.457999999999999545e+02,5.829787999999999748e+00
9.458999999999999773e+02,5.656836000000000197e+00
9.460000000000000000e+02,5.659120999999999846e+00
9.461000000000000227e+02,1.076664700000000074e+01
9.462000000000000455e+02,1.078731200000000001e+01
9.462999999999999545e+02,1.080796199999999985e+01
9.463999999999999773e+02,1.273004500000000050e+01
9.465000000000000000e+02,1.276137600000000027e+01
9.466000000000000227e+02,1.149059800000000031e+01
9.467000000000000455e+02,1.151413499999999956e+01
9.467999999999999545e+02,1.153765100000000032e+01
9.468999999999999773e+02,1.062650099999999931e+01
9.470000000000000000e+02,1.064526200000000067e+01
9.471000000000000227e+02,1.007422900000000077e+01
9.472000000000000455e+02,1.009022099999999966e+01
9.472999999999999545e+02,1.010619699999999987e+01
9.473999999999999773e+02,9.753035000000000565e+00
9.475000000000000000e+02,9.767393999999999465e+00
9.476000000000000227e+02,9.553770000000000095e+00
9.477000000000000455e+02,9.567161000000000470e+00
9.477999999999999545e+02,9.580538999999999916e+00
9.478999999999999773e+02,9.455183999999999145e+00
9.480000000000000000e+02,9.467981999999999232e+00
9.481000000000000227e+02,5.929660000000000153e+00
9.482000000000000455e+02,5.931862999999999886e+00
9.482999999999999545e+02,5.934063000000000088e+00
9.483999999999999773e+02,4.542889999999999873e+00
9.485000000000000000e+02,4.542863999999999791e+00
9.486000000000000227e+02,5.295488999999999891e+00
9.487000000000000455e+02,5.296529999999999738e+00
9.487999999999999545e+02,5.297570000000000334e+00
9.488999999999999773e+02,5.868259000000000114e+00
9.490000000000000000e+02,5.870313000000000336e+00
9.491000000000000227e+02,1.948658000000000001e+00
9.492000000000000455e+02,1.946468000000000087e+00
9.492999999999999545e+02,1.944987999999999939e+00
9.493999999999999773e+02,8.580659999999999954e-01
9.495000000000000000e+02,8.573990000000000222e-01
9.496000000000000227e+02,1.833566999999999947e+00
9.497000000000000455e+02,1.832338999999999940e+00
9.497999999999999545e+02,1.831112999999999991e+00
9.498999999999999773e+02,2.549244999999999983e+00
9.500000000000000000e+02,2.547930000000000028e+00
9.501000000000000227e+02,-4.697943000000000424e+00
9.502000000000000455e+02,-4.681707000000000285e+00
9.502999999999999545e+02,-4.666798000000000002e+00
9.503999999999999773e+02,-4.254272000000000276e+00
9.505000000000000000e+02,-4.242474999999999774e+00
9.506000000000000227e+02,-2.015747000000000178e+00
9.507000000000000455e+02,-2.011385999999999896e+00
9.507999999999999545e+02,-2.007036999999999960e+00
9.508999999999999773e+02,-1.468582000000000054e+00
9.510000000000000000e+02,-1.465608000000000022e+00
9.511000000000000227e+02,-8.295787999999999940e+00
9.512000000000000455e+02,-8.256944000000000727e+00
9.512999999999999545e+02,-8.217351000000000738e+00
9.513999999999999773e+02,-9.506722999999999146e+00
9.515000000000000000e+02,-9.462820999999999927e+00
9.516000000000000227e+02,-9.084505000000000052e+00
9.517000000000000455e+02,-9.043276999999999788e+00
9.517999999999999545e+02,-9.002069000000000543e+00
9.518999999999999773e+02,-8.917089999999999961e+00
9.520000000000000000e+02,-8.876267000000000351e+00
9.521000000000000227e+02,-1.769246000000000052e+01
9.522000000000000455e+02,-1.753906500000000079e+01
9.522999999999999545e+02,-1.738351300000000066e+01
9.523999999999999773e+02,-1.888365800000000050e+01
9.525000000000000000e+02,-1.871846800000000144e+01
9.526000000000000227e+02,-1.810932400000000086e+01
9.527000000000000455e+02,-1.795125600000000077e+01
9.527999999999999545e+02,-1.778716199999999859e+01
9.528999999999999773e+02,-1.756916599999999917e+01
9.530000000000000000e+02,-1.740631300000000081e+01
9.531000000000000227e+02,-2.148761299999999963e+01
9.532000000000000455e+02,-2.123088999999999871e+01
9.532999999999999545e+02,-2.098394499999999852e+01
9.533999999999999773e+02,-2.153824099999999930e+01
9.535000000000000000e+02,-2.128697100000000120e+01
9.536000000000000227e+02,-2.084971300000000127e+01
9.537000000000000455e+02,-2.060282300000000077e+01
9.537999999999999545e+02,-2.035603499999999855e+01
9.538999999999999773e+02,-2.010435000000000016e+01
9.540000000000000000e+02,-1.985351599999999905e+01
9.541000000000000227e+02,-1.964372600000000091e+01
9.542000000000000455e+02,-1.939228299999999905e+01
9.542999999999999545e+02,-1.914103000000000065e+01
9.543999999999999773e+02,-1.893219300000000160e+01
9.545000000000000000e+02,-1.868023600000000073e+01
9.546000000000000227e+02,-1.846827100000000144e+01
9.547000000000000455e+02,-1.821563899999999947e+01
9.547999999999999545e+02,-1.796318499999999929e+01
9.548999999999999773e+02,-1.774737100000000112e+01
9.550000000000000000e+02,-1.749420200000000136e+01
9.551000000000000227e+02,-1.727566099999999949e+01
9.552000000000000455e+02,-1.702186999999999983e+01
9.552999999999999545e+02,-1.676824699999999879e+01
9.553999999999999773e+02,-1.654635599999999940e+01
9.555000000000000000e+02,-1.629255500000000012e+01
9.556000000000000227e+02,-1.606862100000000027e+01
9.557000000000000455e+02,-1.581446599999999947e+01
9.557999999999999545e+02,-1.556044900000000020e+01
9.558999999999999773e+02,-1.533150299999999966e+01
9.560000000000000000e+02,-1.507690000000000019e+01
9.561000000000000227e+02,-1.484488200000000013e+01
9.562000000000000455e+02,-1.458980299999999986e+01
9.562999999999999545e+02,-1.433485300000000073e+01
9.563999999999999773e+02,-1.410004700000000000e+01
9.565000000000000000e+02,-1.384464400000000062e+01
9.566000000000000227e+02,-1.360785800000000023e+01
9.567000000000000455e+02,-1.335202600000000039e+01
9.567999999999999545e+02,-1.309630899999999976e+01
9.568999999999999773e+02,-1.285713400000000028e+01
9.570000000000000000e+02,-1.260097200000000051e+01
9.571000000000000227e+02,-4.933278999999999748e+00
9.572000000000000455e+02,-4.886084999999999567e+00
9.572999999999999545e+02,-4.838912999999999798e+00
9.573999999999999773e+02,-2.151151000000000035e+00
9.575000000000000000e+02,-2.136336000000000013e+00
9.576000000000000227e+02,-3.087260000000000115e+00
9.577000000000000455e+02,-3.063454000000000121e+00
9.577999999999999545e+02,-3.038412999999999808e+00
9.578999999999999773e+02,-3.482743999999999840e+00
9.580000000000000000e+02,-3.452914999999999957e+00
9.581000000000000227e+02,5.327528000000000041e+00
9.582000000000000455e+02,5.355084999999999873e+00
9.582999999999999545e+02,5.382629999999999804e+00
9.583999999999999773e+02,8.558574000000000126e+00
9.585000000000000000e+02,8.637050000000000338e+00
9.586000000000000227e+02,6.980354000000000170e+00
9.587000000000000455e+02,7.027998000000000189e+00
9.587999999999999545e+02,7.075623000000000218e+00
9.588999999999999773e+02,5.870461999999999847e+00
9.590000000000000000e+02,5.900834999999999830e+00
9.591000000000000227e+02,1.710796500000000009e+01
9.592000000000000455e+02,1.741631900000000144e+01
9.592999999999999545e+02,1.772458200000000161e+01
9.593999999999999773e+02,2.196962900000000118e+01
9.595000000000000000e+02,2.243012600000000134e+01
9.596000000000000227e+02,1.886150999999999911e+01
9.597000000000000455e+02,1.917042700000000011e+01
9.597999999999999545e+02,1.947921900000000051e+01
9.598999999999999773e+02,1.691713499999999826e+01
9.600000000000000000e+02,1.714016900000000021e+01
9.601000000000000227e+02,2.760136100000000070e+01
9.602000000000000455e+02,2.818152299999999855e+01
9.602999999999999545e+02,2.876144800000000146e+01
9.603999999999999773e+02,3.267442100000000238e+01
9.605000000000000000e+02,3.339309099999999830e+01
9.606000000000000227e+02,2.969687300000000008e+01
9.607000000000000455e+02,3.023715500000000134e+01
9.607999999999999545e+02,3.077712100000000106e+01
9.608999999999999773e+02,2.819202500000000100e+01
9.610000000000000000e+02,2.862766600000000139e+01
9.611000000000000227e+02,3.080992399999999876e+01
9.612000000000000455e+02,3.130052099999999982e+01
9.612999999999999545e+02,3.179080400000000139e+01
9.613999999999999773e+02,3.243612799999999652e+01
9.615000000000000000e+02,3.293057900000000160e+01
9.616000000000000227e+02,3.159562000000000026e+01
9.617000000000000455e+02,3.203539099999999706e+01
9.617999999999999545e+02,3.247485700000000008e+01
9.618999999999999773e+02,3.172787500000000094e+01
9.620000000000000000e+02,3.213676699999999897e+01
9.621000000000000227e+02,2.446726599999999863e+01
9.622000000000000455e+02,2.469428299999999865e+01
9.622999999999999545e+02,2.492118599999999873e+01
9.623999999999999773e+02,2.220128800000000169e+01
9.625000000000000000e+02,2.237499599999999944e+01
9.626000000000000227e+02,2.432489699999999999e+01
9.627000000000000455e+02,2.452913099999999957e+01
9.627999999999999545e+02,2.472735799999999884e+01
9.628999999999999773e+02,2.621936300000000131e+01
9.630000000000000000e+02,2.643640600000000163e+01
9.631000000000000227e+02,1.713190499999999972e+01
9.632000000000000455e+02,1.721454699999999960e+01
9.632999999999999545e+02,1.729711700000000008e+01
9.633999999999999773e+02,1.440902600000000078e+01
9.635000000000000000e+02,1.446283299999999983e+01
9.636000000000000227e+02,1.777280599999999922e+01
9.637000000000000455e+02,1.786099199999999954e+01
9.637999999999999545e+02,1.794912700000000072e+01
9.638999999999999773e+02,2.032836500000000157e+01
9.640000000000000000e+02,2.044339899999999943e+01
9.641000000000000227e+02,7.972464999999999691e+00
9.642000000000000455e+02,7.983454000000000050e+00
9.642999999999999545e+02,7.994435000000000180e+00
9.643999999999999773e+02,3.969342000000000148e+00
9.645000000000000000e+02,3.969504000000000143e+00
9.646000000000000227e+02,8.190146999999999622e+00
9.647000000000000455e+02,8.201890000000000569e+00
9.647999999999999545e+02,8.213623000000000118e+00
9.648999999999999773e+02,1.118444000000000038e+01
9.650000000000000000e+02,1.121132300000000015e+01
9.651000000000000227e+02,3.470442999999999945e+00
9.652000000000000455e+02,3.465870999999999924e+00
9.652999999999999545e+02,3.464504999999999946e+00
9.653999999999999773e+02,1.902117999999999975e+00
9.655000000000000000e+02,1.901010000000000089e+00
9.656000000000000227e+02,4.812509000000000370e+00
9.657000000000000455e+02,4.813939999999999664e+00
9.657999999999999545e+02,4.815369999999999706e+00
9.658999999999999773e+02,6.836941999999999631e+00
9.660000000000000000e+02,6.843461999999999712e+00
9.661000000000000227e+02,-2.015521000000000118e+00
9.662000000000000455e+02,-2.008665999999999840e+00
9.662999999999999545e+02,-2.003162000000000109e+00
9.663999999999999773e+02,-5.792589999999999684e-01
9.665000000000000000e+02,-5.779750000000000165e-01
9.666000000000000227e+02,1.999500999999999973e+00
9.667000000000000455e+02,1.998401000000000094e+00
9.667999999999999545e+02,1.997303000000000051e+00
9.668999999999999773e+02,3.227012999999999909e+00
9.670000000000000000e+02,3.226398000000000099e+00
9.671000000000000227e+02,2.242049000000000181e+00
9.672000000000000455e+02,2.240972000000000186e+00
9.672999999999999545e+02,2.239895999999999887e+00
9.673999999999999773e+02,2.067717000000000027e+00
9.675000000000000000e+02,2.066625000000000156e+00
9.676000000000000227e+02,2.768260999999999861e+00
9.677000000000000455e+02,2.767349999999999977e+00
9.677999999999999545e+02,2.766439999999999788e+00
9.678999999999999773e+02,3.239307000000000158e+00
9.680000000000000000e+02,3.238726000000000216e+00
9.681000000000000227e+02,9.796759999999999913e-01
9.682000000000000455e+02,9.785909999999999886e-01
9.682999999999999545e+02,9.776460000000000150e-01
9.683999999999999773e+02,2.910639999999999894e-01
9.685000000000000000e+02,2.910639999999999894e-01
9.686000000000000227e+02,1.243697000000000052e+00
9.687000000000000455e+02,1.242812000000000028e+00
9.687999999999999545e+02,1.241927999999999921e+00
9.688999999999999773e+02,1.648230000000000084e+00
9.690000000000000000e+02,1.647194999999999965e+00
9.691000000000000227e+02,7.912979999999999459e-01
9.692000000000000455e+02,7.905759999999999454e-01
9.692999999999999545e+02,7.898100000000000120e-01
9.693999999999999773e+02,5.739699999999999663e-02
9.695000000000000000e+02,5.764600000000000279e-02
9.696000000000000227e+02,3.488600000000000034e-02
9.697000000000000455e+02,3.516799999999999787e-02
9.697999999999999545e+02,3.544900000000000134e-02
9.698999999999999773e+02,4.883000000000000188e-03
9.700000000000000000e+02,5.209000000000000088e-03
9.701000000000000227e+02,-4.088040999999999592e+00
9.702000000000000455e+02,-4.073108000000000395e+00
9.702999999999999545e+02,-4.057771999999999935e+00
9.703999999999999773e+02,-4.823169000000000040e+00
9.705000000000000000e+02,-4.805822000000000038e+00
9.706000000000000227e+02,-4.602485999999999855e+00
9.707000000000000455e+02,-4.586195000000000022e+00
9.707999999999999545e+02,-4.569917000000000229e+00
9.708999999999999773e+02,-4.538871999999999574e+00
9.710000000000000000e+02,-4.522701999999999778e+00
9.711000000000000227e+02,-1.139113299999999995e+01
9.712000000000000455e+02,-1.130642500000000084e+01
9.712999999999999545e+02,-1.122040400000000027e+01
9.713999999999999773e+02,-1.243918900000000072e+01
9.715000000000000000e+02,-1.235074999999999967e+01
9.716000000000000227e+02,-1.192667900000000003e+01
9.717000000000000455e+02,-1.184266200000000069e+01
9.717999999999999545e+02,-1.175869600000000048e+01
9.718999999999999773e+02,-1.163655299999999926e+01
9.720000000000000000e+02,-1.155318100000000037e+01
9.721000000000000227e+02,-1.937552000000000163e+01
9.722000000000000455e+02,-1.913703800000000044e+01
9.722999999999999545e+02,-1.889157000000000153e+01
9.723999999999999773e+02,-2.010872200000000021e+01
9.725000000000000000e+02,-1.985172800000000137e+01
9.726000000000000227e+02,-1.920443900000000070e+01
9.727000000000000455e+02,-1.895747899999999930e+01
9.727999999999999545e+02,-1.871070299999999875e+01
9.728999999999999773e+02,-1.842078100000000163e+01
9.730000000000000000e+02,-1.817547100000000171e+01
9.731000000000000227e+02,-1.796708999999999889e+01
9.732000000000000455e+02,-1.772117000000000075e+01
9.732999999999999545e+02,-1.747538399999999825e+01
9.733999999999999773e+02,-1.727205100000000115e+01
9.735000000000000000e+02,-1.702541700000000091e+01
9.736000000000000227e+02,-1.681858899999999934e+01
9.737000000000000455e+02,-1.657117200000000068e+01
9.737999999999999545e+02,-1.632391799999999904e+01
9.738999999999999773e+02,-1.611319900000000160e+01
9.740000000000000000e+02,-1.586584099999999964e+01
9.741000000000000227e+02,-1.565173799999999993e+01
9.742000000000000455e+02,-1.540364800000000045e+01
9.742999999999999545e+02,-1.515569099999999914e+01
9.743999999999999773e+02,-1.493621500000000069e+01
9.745000000000000000e+02,-1.468755099999999914e+01
9.746000000000000227e+02,-1.446513900000000064e+01
9.747000000000000455e+02,-1.421586699999999936e+01
9.747999999999999545e+02,-1.396671800000000019e+01
9.748999999999999773e+02,-1.374117799999999967e+01
9.750000000000000000e+02,-1.349144399999999955e+01
9.751000000000000227e+02,-1.326365599999999922e+01
9.752000000000000455e+02,-1.301336099999999973e+01
9.752999999999999545e+02,-1.276317799999999991e+01
9.753999999999999773e+02,-1.253256200000000042e+01
9.755000000000000000e+02,-1.228179599999999994e+01
9.756000000000000227e+02,-1.204911099999999990e+01
9.757000000000000455e+02,-1.179783600000000021e+01
9.757999999999999545e+02,-1.154666199999999954e+01
9.758999999999999773e+02,-1.131143400000000021e+01
9.760000000000000000e+02,-1.105977200000000060e+01
9.761000000000000227e+02,-1.102504899999999921e+01
9.762000000000000455e+02,-1.076205700000000043e+01
9.762999999999999545e+02,-1.049883799999999923e+01
9.763999999999999773e+02,-1.027915300000000087e+01
9.765000000000000000e+02,-1.001518300000000039e+01
9.766000000000000227e+02,-9.747932999999999737e+00
9.767000000000000455e+02,-9.484175000000000466e+00
9.767999999999999545e+02,-9.220432000000000627e+00
9.768999999999999773e+02,-8.958861999999999881e+00
9.770000000000000000e+02,-8.695017999999999248e+00
9.771000000000000227e+02,-5.170028000000000290e+00
9.772000000000000455e+02,-5.065262999999999849e+00
9.772999999999999545e+02,-4.960513999999999868e+00
9.773999999999999773e+02,-3.749960000000000182e+00
9.775000000000000000e+02,-3.681020999999999876e+00
9.776000000000000227e+02,-4.022219999999999906e+00
9.777000000000000455e+02,-3.941740999999999939e+00
9.777999999999999545e+02,-3.859612999999999960e+00
9.778999999999999773e+02,-3.966251999999999889e+00
9.780000000000000000e+02,-3.878716999999999970e+00
9.781000000000000227e+02,-3.220454999999999846e+00
9.782000000000000455e+02,-3.155670000000000197e+00
9.782999999999999545e+02,-3.090892000000000195e+00
9.783999999999999773e+02,-2.858525999999999900e+00
9.785000000000000000e+02,-2.799046999999999841e+00
9.786000000000000227e+02,-2.828755999999999826e+00
9.787000000000000455e+02,-2.766553000000000040e+00
9.787999999999999545e+02,-2.703975999999999935e+00
9.788999999999999773e+02,-2.682301999999999964e+00
9.790000000000000000e+02,-2.618606000000000211e+00
9.791000000000000227e+02,-2.253893000000000146e+00
9.792000000000000455e+02,-2.202536999999999967e+00
9.792999999999999545e+02,-2.151186000000000043e+00
9.793999999999999773e+02,-2.003986999999999963e+00
9.795000000000000000e+02,-1.955948000000000020e+00
9.796000000000000227e+02,-1.950595000000000079e+00
9.797000000000000455e+02,-1.901154999999999928e+00
9.797999999999999545e+02,-1.851439000000000057e+00
9.798999999999999773e+02,-1.821777999999999897e+00
9.800000000000000000e+02,-1.771536999999999917e+00
9.801000000000000227e+02,-1.215206000000000008e+00
9.802000000000000455e+02,-1.186037999999999926e+00
9.802999999999999545e+02,-1.156878000000000073e+00
9.803999999999999773e+02,-9.575860000000000483e-01
9.805000000000000000e+02,-9.339870000000000116e-01
9.806000000000000227e+02,-9.747869999999999591e-01
9.807000000000000455e+02,-9.492789999999999839e-01
9.807999999999999545e+02,-9.235149999999999748e-01
9.808999999999999773e+02,-9.283670000000000533e-01
9.810000000000000000e+02,-9.017079999999999540e-01
9.811000000000000227e+02,-6.762209999999999610e-01
9.812000000000000455e+02,-6.573510000000000186e-01
9.812999999999999545e+02,-6.384870000000000267e-01
9.813999999999999773e+02,-5.561960000000000237e-01
9.815000000000000000e+02,-5.394200000000000106e-01
9.816000000000000227e+02,-5.505830000000000446e-01
9.817000000000000455e+02,-5.329700000000000548e-01
9.817999999999999545e+02,-5.152090000000000281e-01
9.818999999999999773e+02,-5.106220000000000203e-01
9.820000000000000000e+02,-4.925340000000000273e-01
9.821000000000000227e+02,-5.389300000000000201e-01
9.822000000000000455e+02,-5.176960000000000450e-01
9.822999999999999545e+02,-4.964009999999999811e-01
9.823999999999999773e+02,-4.876460000000000239e-01
9.825000000000000000e+02,-4.660969999999999835e-01
9.826000000000000227e+02,-4.438599999999999768e-01
9.827000000000000455e+02,-4.223160000000000247e-01
9.827999999999999545e+02,-4.007789999999999964e-01
9.828999999999999773e+02,-3.799109999999999987e-01
9.830000000000000000e+02,-3.583459999999999979e-01
9.831000000000000227e+02,-2.785259999999999958e-01
9.832000000000000455e+02,-2.499119999999999953e-01
9.832999999999999545e+02,-2.214750000000000052e-01
9.833999999999999773e+02,2.910639999999999894e-01
9.835000000000000000e+02,2.910639999999999894e-01
9.836000000000000227e+02,2.910639999999999894e-01
9.837000000000000455e+02,2.910639999999999894e-01
9.837999999999999545e+02,2.910639999999999894e-01
9.838999999999999773e+02,2.910639999999999894e-01
9.840000000000000000e+02,2.910639999999999894e-01
9.841000000000000227e+02,2.910639999999999894e-01
9.842000000000000455e+02,2.910639999999999894e-01
9.842999999999999545e+02,2.910639999999999894e-01
9.843999999999999773e+02,2.910639999999999894e-01
9.845000000000000000e+02,2.910639999999999894e-01
9.846000000000000227e+02,2.910639999999999894e-01
9.847000000000000455e+02,2.910639999999999894e-01
9.847999999999999545e+02,2.910639999999999894e-01
9.848999999999999773e+02,2.911039999999999739e-01
9.850000000000000000e+02,2.912049999999999916e-01
9.851000000000000227e+02,2.912939999999999974e-01
9.852000000000000455e+02,2.913200000000000234e-01
9.852999999999999545e+02,2.913229999999999986e-01
9.853999999999999773e+02,2.913020000000000054e-01
9.855000000000000000e+02,2.912589999999999901e-01
9.856000000000000227e+02,2.912020000000000164e-01
9.857000000000000455e+02,2.911369999999999791e-01
9.857999999999999545e+02,2.910690000000000222e-01
9.858999999999999773e+02,2.910670000000000202e-01
9.860000000000000000e+02,2.910679999999999934e-01
9.861000000000000227e+02,2.910690000000000222e-01
9.862000000000000455e+02,2.910699999999999954e-01
9.862999999999999545e+02,2.910710000000000242e-01
9.863999999999999773e+02,2.910710000000000242e-01
9.865000000000000000e+02,2.910719999999999974e-01
9.866000000000000227e+02,2.910719999999999974e-01
9.867000000000000455e+02,2.910730000000000262e-01
9.867999999999999545e+02,2.910730000000000262e-01
9.868999999999999773e+02,2.910730000000000262e-01
9.870000000000000000e+02,2.910730000000000262e-01
9.871000000000000227e+02,2.910730000000000262e-01
9.872000000000000455e+02,2.910730000000000262e-01
9.872999999999999545e+02,2.910719999999999974e-01
9.873999999999999773e+02,2.910719999999999974e-01
9.875000000000000000e+02,2.910719999999999974e-01
9.876000000000000227e+02,2.910710000000000242e-01
9.877000000000000455e+02,2.910710000000000242e-01
9.877999999999999545e+02,2.910699999999999954e-01
9.878999999999999773e+02,2.910699999999999954e-01
9.880000000000000000e+02,2.910690000000000222e-01
9.881000000000000227e+02,2.910690000000000222e-01
9.882000000000000455e+02,2.910679999999999934e-01
9.882999999999999545e+02,2.910679999999999934e-01
9.883999999999999773e+02,2.910679999999999934e-01
9.885000000000000000e+02,2.910670000000000202e-01
9.886000000000000227e+02,2.910670000000000202e-01
9.887000000000000455e+02,2.910659999999999914e-01
9.887999999999999545e+02,2.910659999999999914e-01
9.888999999999999773e+02,2.910650000000000182e-01
9.890000000000000000e+02,2.910650000000000182e-01
9.891000000000000227e+02,2.910650000000000182e-01
9.892000000000000455e+02,2.910639999999999894e-01
9.892999999999999545e+02,2.910639999999999894e-01
9.893999999999999773e+02,2.910639999999999894e-01
9.895000000000000000e+02,2.910639999999999894e-01
9.896000000000000227e+02,2.910639999999999894e-01
9.897000000000000455e+02,2.910650000000000182e-01
9.897999999999999545e+02,2.910650000000000182e-01
9.898999999999999773e+02,2.910650000000000182e-01
9.900000000000000000e+02,2.910650000000000182e-01
9.901000000000000227e+02,2.910650000000000182e-01
9.902000000000000455e+02,2.910650000000000182e-01
9.902999999999999545e+02,2.910650000000000182e-01
9.903999999999999773e+02,2.910650000000000182e-01
9.905000000000000000e+02,2.910650000000000182e-01
9.906000000000000227e+02,2.910650000000000182e-01
9.907000000000000455e+02,2.910650000000000182e-01
9.907999999999999545e+02,2.910650000000000182e-01
9.908999999999999773e+02,2.910650000000000182e-01
9.910000000000000000e+02,2.910650000000000182e-01
9.911000000000000227e+02,2.910650000000000182e-01
9.912000000000000455e+02,2.910650000000000182e-01
9.912999999999999545e+02,2.910650000000000182e-01
9.913999999999999773e+02,2.910650000000000182e-01
9.915000000000000000e+02,2.910650000000000182e-01
9.916000000000000227e+02,2.910650000000000182e-01
9.917000000000000455e+02,2.910650000000000182e-01
9.917999999999999545e+02,2.910650000000000182e-01
9.918999999999999773e+02,2.910650000000000182e-01
9.920000000000000000e+02,2.910639999999999894e-01
9.921000000000000227e+02,2.910639999999999894e-01
9.922000000000000455e+02,2.910639999999999894e-01
9.922999999999999545e+02,2.910639999999999894e-01
9.923999999999999773e+02,2.910639999999999894e-01
9.925000000000000000e+02,2.910639999999999894e-01
9.926000000000000227e+02,2.910639999999999894e-01
9.927000000000000455e+02,2.910639999999999894e-01
9.927999999999999545e+02,2.910639999999999894e-01
9.928999999999999773e+02,2.910639999999999894e-01
9.930000000000000000e+02,2.910639999999999894e-01
9.931000000000000227e+02,2.910639999999999894e-01
9.932000000000000455e+02,2.910639999999999894e-01
9.932999999999999545e+02,2.910639999999999894e-01
9.933999999999999773e+02,2.910639999999999894e-01
9.935000000000000000e+02,2.910639999999999894e-01
9.936000000000000227e+02,2.910639999999999894e-01
9.937000000000000455e+02,2.910639999999999894e-01
9.937999999999999545e+02,2.910639999999999894e-01
9.938999999999999773e+02,2.910639999999999894e-01
9.940000000000000000e+02,2.910639999999999894e-01
9.941000000000000227e+02,2.910639999999999894e-01
9.942000000000000455e+02,2.910639999999999894e-01
9.942999999999999545e+02,2.910639999999999894e-01
9.943999999999999773e+02,2.910639999999999894e-01
9.945000000000000000e+02,2.910639999999999894e-01
9.946000000000000227e+02,2.910639999999999894e-01
9.947000000000000455e+02,2.910639999999999894e-01
9.947999999999999545e+02,2.910639999999999894e-01
9.948999999999999773e+02,2.910639999999999894e-01
9.950000000000000000e+02,2.910639999999999894e-01
9.951000000000000227e+02,2.910639999999999894e-01
9.952000000000000455e+02,2.910639999999999894e-01
9.952999999999999545e+02,2.910639999999999894e-01
9.953999999999999773e+02,2.910639999999999894e-01
9.955000000000000000e+02,2.910639999999999894e-01
9.956000000000000227e+02,2.910639999999999894e-01
9.957000000000000455e+02,2.910639999999999894e-01
9.957999999999999545e+02,2.910639999999999894e-01
9.958999999999999773e+02,2.910639999999999894e-01
9.960000000000000000e+02,2.910639999999999894e-01
9.961000000000000227e+02,2.910639999999999894e-01
9.962000000000000455e+02,2.910639999999999894e-01
9.962999999999999545e+02,2.910639999999999894e-01
9.963999999999999773e+02,2.910639999999999894e-01
9.965000000000000000e+02,2.910639999999999894e-01
9.966000000000000227e+02,2.910639999999999894e-01
9.967000000000000455e+02,2.910639999999999894e-01
9.967999999999999545e+02,2.910639999999999894e-01
9.968999999999999773e+02,2.910639999999999894e-01
9.970000000000000000e+02,2.910639999999999894e-01
9.971000000000000227e+02,2.910639999999999894e-01
9.972000000000000455e+02,2.910639999999999894e-01
9.972999999999999545e+02,2.910639999999999894e-01
9.973999999999999773e+02,2.910639999999999894e-01
9.975000000000000000e+02,2.910639999999999894e-01
9.976000000000000227e+02,2.910639999999999894e-01
9.977000000000000455e+02,2.910639999999999894e-01
9.977999999999999545e+02,2.910639999999999894e-01
9.978999999999999773e+02,2.910639999999999894e-01
9.980000000000000000e+02,2.910639999999999894e-01
9.981000000000000227e+02,2.910639999999999894e-01
9.982000000000000455e+02,2.910639999999999894e-01
9.982999999999999545e+02,2.910639999999999894e-01
9.983999999999999773e+02,2.910639999999999894e-01
9.985000000000000000e+02,2.910639999999999894e-01
9.986000000000000227e+02,2.910639999999999894e-01
9.987000000000000455e+02,2.910639999999999894e-01
9.987999999999999545e+02,2.910639999999999894e-01
9.988999999999999773e+02,2.910639999999999894e-01
9.990000000000000000e+02,2.910639999999999894e-01
9.991000000000000227e+02,2.910639999999999894e-01
9.992000000000000455e+02,2.910639999999999894e-01
9.992999999999999545e+02,2.910639999999999894e-01
9.993999999999999773e+02,2.910639999999999894e-01
9.995000000000000000e+02,2.910639999999999894e-01
9.996000000000000227e+02,2.910639999999999894e-01
9.997000000000000455e+02,2.910639999999999894e-01
9.997999999999999545e+02,2.910639999999999894e-01
9.998999999999999773e+02,2.910639999999999894e-01
1.000000000000000000e+03,2.910639999999999894e-01
1.000100000000000023e+03,2.910639999999999894e-01
1.000200000000000045e+03,2.910639999999999894e-01
1.000299999999999955e+03,2.910639999999999894e-01
1.000399999999999977e+03,2.910639999999999894e-01
1.000500000000000000e+03,2.910639999999999894e-01
1.000600000000000023e+03,2.910639999999999894e-01
1.000700000000000045e+03,2.910639999999999894e-01
1.000799999999999955e+03,2.910639999999999894e-01
1.000899999999999977e+03,2.910639999999999894e-01
1.001000000000000000e+03,2.910639999999999894e-01
1.001100000000000023e+03,2.910639999999999894e-01
1.001200000000000045e+03,2.910639999999999894e-01
1.001299999999999955e+03,2.910639999999999894e-01
1.001399999999999977e+03,2.910639999999999894e-01
1.001500000000000000e+03,2.910639999999999894e-01
1.001600000000000023e+03,2.910639999999999894e-01
1.001700000000000045e+03,2.910639999999999894e-01
1.001799999999999955e+03,2.910639999999999894e-01
1.001899999999999977e+03,2.910639999999999894e-01
1.002000000000000000e+03,2.910639999999999894e-01
1.002100000000000023e+03,2.910639999999999894e-01
1.002200000000000045e+03,2.910639999999999894e-01
1.002299999999999955e+03,2.910639999999999894e-01
1.002399999999999977e+03,2.910639999999999894e-01
1.002500000000000000e+03,2.910639999999999894e-01
1.002600000000000023e+03,2.910639999999999894e-01
1.002700000000000045e+03,2.910639999999999894e-01
1.002799999999999955e+03,2.910639999999999894e-01
1.002899999999999977e+03,2.910639999999999894e-01
1.003000000000000000e+03,2.910639999999999894e-01
1.003100000000000023e+03,2.910639999999999894e-01
1.003200000000000045e+03,2.910639999999999894e-01
1.003299999999999955e+03,2.910639999999999894e-01
1.003399999999999977e+03,2.910639999999999894e-01
1.003500000000000000e+03,2.910639999999999894e-01
1.003600000000000023e+03,2.910639999999999894e-01
1.003700000000000045e+03,2.910639999999999894e-01
1.003799999999999955e+03,2.910639999999999894e-01
1.003899999999999977e+03,2.910639999999999894e-01
1.004000000000000000e+03,2.910639999999999894e-01
1.004100000000000023e+03,2.910639999999999894e-01
1.004200000000000045e+03,2.910639999999999894e-01
1.004299999999999955e+03,2.910639999999999894e-01
1.004399999999999977e+03,2.910639999999999894e-01
1.004500000000000000e+03,2.910639999999999894e-01
1.004600000000000023e+03,2.910639999999999894e-01
1.004700000000000045e+03,2.910639999999999894e-01
1.004799999999999955e+03,2.910639999999999894e-01
1.004899999999999977e+03,2.910639999999999894e-01
1.005000000000000000e+03,2.910639999999999894e-01
1.005100000000000023e+03,2.910639999999999894e-01
1.005200000000000045e+03,2.910639999999999894e-01
1.005299999999999955e+03,2.910639999999999894e-01
1.005399999999999977e+03,2.910639999999999894e-01
1.005500000000000000e+03,2.910639999999999894e-01
1.005600000000000023e+03,2.910639999999999894e-01
1.005700000000000045e+03,2.910639999999999894e-01
1.005799999999999955e+03,2.910639999999999894e-01
1.005899999999999977e+03,2.910639999999999894e-01
1.006000000000000000e+03,2.910639999999999894e-01
1.006100000000000023e+03,2.910639999999999894e-01
1.006200000000000045e+03,2.910639999999999894e-01
1.006299999999999955e+03,2.910639999999999894e-01
1.006399999999999977e+03,2.910639999999999894e-01
1.006500000000000000e+03,2.910639999999999894e-01
1.006600000000000023e+03,2.910639999999999894e-01
1.006700000000000045e+03,2.910639999999999894e-01
1.006799999999999955e+03,2.910639999999999894e-01
1.006899999999999977e+03,2.910639999999999894e-01
1.007000000000000000e+03,2.910639999999999894e-01
1.007100000000000023e+03,2.910639999999999894e-01
1.007200000000000045e+03,2.910639999999999894e-01
1.007299999999999955e+03,2.910639999999999894e-01
1.007399999999999977e+03,2.910639999999999894e-01
1.007500000000000000e+03,2.910639999999999894e-01
1.007600000000000023e+03,2.910639999999999894e-01
1.007700000000000045e+03,2.910639999999999894e-01
1.007799999999999955e+03,2.910639999999999894e-01
1.007899999999999977e+03,2.910639999999999894e-01
1.008000000000000000e+03,2.910639999999999894e-01
1.008100000000000023e+03,2.910639999999999894e-01
1.008200000000000045e+03,2.910639999999999894e-01
1.008299999999999955e+03,2.910639999999999894e-01
1.008399999999999977e+03,2.910639999999999894e-01
1.008500000000000000e+03,2.910639999999999894e-01
1.008600000000000023e+03,2.910639999999999894e-01
1.008700000000000045e+03,2.910639999999999894e-01
1.008799999999999955e+03,2.910639999999999894e-01
1.008899999999999977e+03,2.910639999999999894e-01
1.009000000000000000e+03,2.910639999999999894e-01
1.009100000000000023e+03,2.910639999999999894e-01
1.009200000000000045e+03,2.910639999999999894e-01
1.009299999999999955e+03,2.910639999999999894e-01
1.009399999999999977e+03,2.910639999999999894e-01
1.009500000000000000e+03,2.910639999999999894e-01
1.009600000000000023e+03,2.910639999999999894e-01
1.009700000000000045e+03,2.910639999999999894e-01
1.009799999999999955e+03,2.910639999999999894e-01
1.009899999999999977e+03,2.910639999999999894e-01
1.010000000000000000e+03,2.910639999999999894e-01
1.010100000000000023e+03,2.910639999999999894e-01
1.010200000000000045e+03,2.910639999999999894e-01
1.010299999999999955e+03,2.910639999999999894e-01
1.010399999999999977e+03,2.910639999999999894e-01
1.010500000000000000e+03,2.910639999999999894e-01
1.010600000000000023e+03,2.910639999999999894e-01
1.010700000000000045e+03,2.910639999999999894e-01
1.010799999999999955e+03,2.910639999999999894e-01
1.010899999999999977e+03,2.910639999999999894e-01
1.011000000000000000e+03,2.910639999999999894e-01
1.011100000000000023e+03,2.910639999999999894e-01
1.011200000000000045e+03,2.910639999999999894e-01
1.011299999999999955e+03,2.910639999999999894e-01
1.011399999999999977e+03,2.910639999999999894e-01
1.011500000000000000e+03,2.910639999999999894e-01
1.011600000000000023e+03,2.910639999999999894e-01
1.011700000000000045e+03,2.910639999999999894e-01
1.011799999999999955e+03,2.910639999999999894e-01
1.011899999999999977e+03,2.910639999999999894e-01
1.012000000000000000e+03,2.910639999999999894e-01
1.012100000000000023e+03,2.910639999999999894e-01
1.012200000000000045e+03,2.910639999999999894e-01
1.012299999999999955e+03,2.910639999999999894e-01
1.012399999999999977e+03,2.910639999999999894e-01
1.012500000000000000e+03,2.910639999999999894e-01
1.012600000000000023e+03,2.910639999999999894e-01
1.012700000000000045e+03,2.910639999999999894e-01
1.012799999999999955e+03,2.910639999999999894e-01
1.012899999999999977e+03,2.910639999999999894e-01
1.013000000000000000e+03,2.910639999999999894e-01
1.013100000000000023e+03,2.910639999999999894e-01
1.013200000000000045e+03,2.910639999999999894e-01
1.013299999999999955e+03,2.910639999999999894e-01
1.013399999999999977e+03,2.910639999999999894e-01
1.013500000000000000e+03,2.910639999999999894e-01
1.013600000000000023e+03,2.910639999999999894e-01
1.013700000000000045e+03,2.910639999999999894e-01
1.013799999999999955e+03,2.910639999999999894e-01
1.013899999999999977e+03,2.910639999999999894e-01
1.014000000000000000e+03,2.910639999999999894e-01
1.014100000000000023e+03,2.910639999999999894e-01
1.014200000000000045e+03,2.910639999999999894e-01
1.014299999999999955e+03,2.910639999999999894e-01
1.014399999999999977e+03,2.910639999999999894e-01
1.014500000000000000e+03,2.910639999999999894e-01
1.014600000000000023e+03,2.910639999999999894e-01
1.014700000000000045e+03,2.910639999999999894e-01
1.014799999999999955e+03,2.910639999999999894e-01
1.014899999999999977e+03,2.910639999999999894e-01
1.015000000000000000e+03,2.910639999999999894e-01
1.015100000000000023e+03,2.910639999999999894e-01
1.015200000000000045e+03,2.910639999999999894e-01
1.015299999999999955e+03,2.910639999999999894e-01
1.015399999999999977e+03,2.910639999999999894e-01
1.015500000000000000e+03,2.910639999999999894e-01
1.015600000000000023e+03,2.910639999999999894e-01
1.015700000000000045e+03,2.910639999999999894e-01
1.015799999999999955e+03,2.910639999999999894e-01
1.015899999999999977e+03,2.910639999999999894e-01
1.016000000000000000e+03,2.910639999999999894e-01
1.016100000000000023e+03,2.910639999999999894e-01
1.016200000000000045e+03,2.910639999999999894e-01
1.016299999999999955e+03,2.910639999999999894e-01
1.016399999999999977e+03,2.910639999999999894e-01
1.016500000000000000e+03,2.910639999999999894e-01
1.016600000000000023e+03,2.910639999999999894e-01
1.016700000000000045e+03,2.910639999999999894e-01
1.016799999999999955e+03,2.910639999999999894e-01
1.016899999999999977e+03,2.910639999999999894e-01
1.017000000000000000e+03,2.910639999999999894e-01
1.017100000000000023e+03,2.910639999999999894e-01
1.017200000000000045e+03,2.910639999999999894e-01
1.017299999999999955e+03,2.910639999999999894e-01
1.017399999999999977e+03,2.910639999999999894e-01
1.017500000000000000e+03,2.910639999999999894e-01
1.017600000000000023e+03,2.910639999999999894e-01
1.017700000000000045e+03,2.910639999999999894e-01
1.017799999999999955e+03,2.910639999999999894e-01
1.017899999999999977e+03,2.910639999999999894e-01
1.018000000000000000e+03,2.910639999999999894e-01
1.018100000000000023e+03,2.910639999999999894e-01
1.018200000000000045e+03,2.910639999999999894e-01
1.018299999999999955e+03,2.910639999999999894e-01
1.018399999999999977e+03,2.910639999999999894e-01
1.018500000000000000e+03,2.910639999999999894e-01
1.018600000000000023e+03,2.910639999999999894e-01
1.018700000000000045e+03,2.910639999999999894e-01
1.018799999999999955e+03,2.910639999999999894e-01
1.018899999999999977e+03,2.910639999999999894e-01
1.019000000000000000e+03,2.910639999999999894e-01
1.019100000000000023e+03,2.910639999999999894e-01
1.019200000000000045e+03,2.910639999999999894e-01
1.019299999999999955e+03,2.910639999999999894e-01
1.019399999999999977e+03,2.910639999999999894e-01
1.019500000000000000e+03,2.910639999999999894e-01
1.019600000000000023e+03,2.910639999999999894e-01
1.019700000000000045e+03,2.910639999999999894e-01
1.019799999999999955e+03,2.910639999999999894e-01
1.019899999999999977e+03,2.910639999999999894e-01
1.020000000000000000e+03,2.910639999999999894e-01
1.020100000000000023e+03,2.910639999999999894e-01
1.020200000000000045e+03,2.910639999999999894e-01
1.020299999999999955e+03,2.910639999999999894e-01
1.020399999999999977e+03,2.910639999999999894e-01
1.020500000000000000e+03,2.910639999999999894e-01
1.020600000000000023e+03,2.910639999999999894e-01
1.020700000000000045e+03,2.910639999999999894e-01
1.020799999999999955e+03,2.910639999999999894e-01
1.020899999999999977e+03,2.910639999999999894e-01
1.021000000000000000e+03,2.910639999999999894e-01
1.021100000000000023e+03,2.910639999999999894e-01
1.021200000000000045e+03,2.910639999999999894e-01
1.021299999999999955e+03,2.910639999999999894e-01
1.021399999999999977e+03,2.910639999999999894e-01
1.021500000000000000e+03,2.910639999999999894e-01
1.021600000000000023e+03,2.910639999999999894e-01
1.021700000000000045e+03,2.910639999999999894e-01
1.021799999999999955e+03,2.910639999999999894e-01
1.021899999999999977e+03,2.910639999999999894e-01
1.022000000000000000e+03,2.910639999999999894e-01
1.022100000000000023e+03,2.910639999999999894e-01
1.022200000000000045e+03,2.910639999999999894e-01
1.022299999999999955e+03,2.910639999999999894e-01
1.022399999999999977e+03,2.910639999999999894e-01
1.022500000000000000e+03,2.910639999999999894e-01
1.022600000000000023e+03,2.910639999999999894e-01
1.022700000000000045e+03,2.910639999999999894e-01
1.022799999999999955e+03,2.910639999999999894e-01
1.022899999999999977e+03,2.910639999999999894e-01
1.023000000000000000e+03,2.910639999999999894e-01
1.023100000000000023e+03,2.910639999999999894e-01
1.023200000000000045e+03,2.910639999999999894e-01
1.023299999999999955e+03,2.910639999999999894e-01
1.023399999999999977e+03,2.910639999999999894e-01
1.023500000000000000e+03,2.910639999999999894e-01
1.023600000000000023e+03,2.910639999999999894e-01
1.023700000000000045e+03,2.910639999999999894e-01
1.023799999999999955e+03,2.910639999999999894e-01
1.023899999999999977e+03,2.910639999999999894e-01
1.024000000000000000e+03,2.910639999999999894e-01
1.024099999999999909e+03,2.910639999999999894e-01
1.024200000000000045e+03,2.910639999999999894e-01
1.024299999999999955e+03,2.910639999999999894e-01
1.024400000000000091e+03,2.910639999999999894e-01
1.024500000000000000e+03,2.910639999999999894e-01
1.024599999999999909e+03,2.910639999999999894e-01
1.024700000000000045e+03,2.910639999999999894e-01
1.024799999999999955e+03,2.910639999999999894e-01
1.024900000000000091e+03,2.910639999999999894e-01
1.025000000000000000e+03,2.910639999999999894e-01
1.025099999999999909e+03,2.910949999999999926e-01
1.025200000000000045e+03,2.911980000000000124e-01
1.025299999999999955e+03,2.913000000000000034e-01
1.025400000000000091e+03,3.733679999999999777e-01
1.025500000000000000e+03,4.586279999999999801e-01
1.025599999999999909e+03,5.127140000000000031e-01
1.025700000000000045e+03,5.786000000000000032e-01
1.025799999999999955e+03,6.444819999999999993e-01
1.025900000000000091e+03,5.601960000000000273e-01
1.026000000000000000e+03,5.884989999999999943e-01
1.026099999999999909e+03,9.200589999999999602e-01
1.026200000000000045e+03,1.026780999999999944e+00
1.026299999999999955e+03,1.133491999999999944e+00
1.026400000000000091e+03,1.791336999999999957e+00
1.026500000000000000e+03,2.035337000000000174e+00
1.026599999999999909e+03,1.238356000000000012e+00
1.026700000000000045e+03,1.290991000000000000e+00
1.026799999999999955e+03,1.343617000000000061e+00
1.026900000000000091e+03,7.842369999999999619e-01
1.027000000000000000e+03,7.935720000000000551e-01
1.027099999999999909e+03,2.540125000000000188e+00
1.027200000000000045e+03,2.742475000000000218e+00
1.027299999999999955e+03,2.944782000000000011e+00
1.027400000000000091e+03,4.574830999999999648e+00
1.027500000000000000e+03,5.000518999999999714e+00
1.027599999999999909e+03,4.340648999999999980e+00
1.027700000000000045e+03,4.607560000000000322e+00
1.027799999999999955e+03,4.874401999999999902e+00
1.027900000000000091e+03,4.859523000000000259e+00
1.028000000000000000e+03,5.097442000000000029e+00
1.028099999999999909e+03,8.271473999999999549e+00
1.028200000000000045e+03,8.850732999999999961e+00
1.028299999999999955e+03,9.429852000000000345e+00
1.028400000000000091e+03,1.005526500000000034e+01
1.028500000000000000e+03,1.063932299999999920e+01
1.028599999999999909e+03,8.371541000000000565e+00
1.028700000000000045e+03,8.693846999999999881e+00
1.028799999999999955e+03,9.016144000000000602e+00
1.028900000000000091e+03,6.633175999999999739e+00
1.029000000000000000e+03,6.792800999999999867e+00
1.029099999999999909e+03,7.863718999999999681e+00
1.029200000000000045e+03,8.070660000000000167e+00
1.029299999999999955e+03,8.277587000000000472e+00
1.029400000000000091e+03,8.679586000000000467e+00
1.029500000000000000e+03,8.896428999999999476e+00
1.029599999999999909e+03,1.004874299999999998e+01
1.029700000000000045e+03,1.031448299999999918e+01
1.029799999999999955e+03,1.058019700000000007e+01
1.029900000000000091e+03,1.171939500000000045e+01
1.030000000000000000e+03,1.203045799999999943e+01
1.030099999999999909e+03,1.073531599999999919e+01
1.030200000000000045e+03,1.096826300000000032e+01
1.030299999999999955e+03,1.120117600000000024e+01
1.030400000000000091e+03,1.101587800000000072e+01
1.030500000000000000e+03,1.123145799999999994e+01
1.030599999999999909e+03,1.235848799999999947e+01
1.030700000000000045e+03,1.261133300000000013e+01
1.030799999999999955e+03,1.286412999999999940e+01
1.030900000000000091e+03,1.378374900000000025e+01
1.031000000000000000e+03,1.406356300000000026e+01
1.031099999999999909e+03,1.036337800000000087e+01
1.031200000000000045e+03,1.050480600000000031e+01
1.031299999999999955e+03,1.064646499999999918e+01
1.031400000000000091e+03,9.494799000000000433e+00
1.031500000000000000e+03,9.602688999999999808e+00
1.031599999999999909e+03,1.118979200000000063e+01
1.031700000000000045e+03,1.133582600000000085e+01
1.031799999999999955e+03,1.148180400000000034e+01
1.031900000000000091e+03,1.269395800000000030e+01
1.032000000000000000e+03,1.286937700000000007e+01
1.032099999999999909e+03,1.071893900000000066e+01
1.032200000000000045e+03,1.083429300000000062e+01
1.032299999999999955e+03,1.094959799999999994e+01
1.032400000000000091e+03,1.043141400000000019e+01
1.032500000000000000e+03,1.053294200000000025e+01
1.032599999999999909e+03,1.177922200000000075e+01
1.032700000000000045e+03,1.190567599999999970e+01
1.032799999999999955e+03,1.203207300000000046e+01
1.032900000000000091e+03,1.296505200000000002e+01
1.033000000000000000e+03,1.310979299999999981e+01
1.033099999999999909e+03,1.209578699999999962e+01
1.033200000000000045e+03,1.221466599999999936e+01
1.033299999999999955e+03,1.233348799999999912e+01
1.033400000000000091e+03,1.218707700000000038e+01
1.033500000000000000e+03,1.230043000000000042e+01
1.033599999999999909e+03,1.310436900000000016e+01
1.033700000000000045e+03,1.323161299999999940e+01
1.033799999999999955e+03,1.335879300000000036e+01
1.033900000000000091e+03,1.396984899999999996e+01
1.034000000000000000e+03,1.410681899999999978e+01
1.034099999999999909e+03,1.332905000000000051e+01
1.034200000000000045e+03,1.344769199999999998e+01
1.034299999999999955e+03,1.356629599999999947e+01
1.034400000000000091e+03,1.345382700000000042e+01
1.034500000000000000e+03,1.356804699999999997e+01
1.034599999999999909e+03,1.416736399999999918e+01
1.034700000000000045e+03,1.429037399999999991e+01
1.034799999999999955e+03,1.441331500000000077e+01
1.034900000000000091e+03,1.487921900000000086e+01
1.035000000000000000e+03,1.500818199999999969e+01
1.035099999999999909e+03,1.072226700000000044e+01
1.035200000000000045e+03,1.078250500000000045e+01
1.035299999999999955e+03,1.084270099999999992e+01
1.035400000000000091e+03,9.443711999999999662e+00
1.035500000000000000e+03,9.487033999999999523e+00
1.035599999999999909e+03,1.094118199999999952e+01
1.035700000000000045e+03,1.100052699999999994e+01
1.035799999999999955e+03,1.105982999999999983e+01
1.035900000000000091e+03,1.211344399999999943e+01
1.036000000000000000e+03,1.218518500000000060e+01
1.036099999999999909e+03,9.395194999999999297e+00
1.036200000000000045e+03,9.434193999999999747e+00
1.036299999999999955e+03,9.473162999999999556e+00
1.036400000000000091e+03,8.688853999999999189e+00
1.036500000000000000e+03,8.720264999999999489e+00
1.036599999999999909e+03,9.965968000000000160e+00
1.036700000000000045e+03,1.000862700000000061e+01
1.036799999999999955e+03,1.005125400000000013e+01
1.036900000000000091e+03,1.092938000000000009e+01
1.037000000000000000e+03,1.098050899999999963e+01
1.037099999999999909e+03,9.372697999999999752e+00
1.037200000000000045e+03,9.407583999999999946e+00
1.037299999999999955e+03,9.442441999999999780e+00
1.037400000000000091e+03,9.040302000000000504e+00
1.037500000000000000e+03,9.071396999999999267e+00
1.037599999999999909e+03,9.902644000000000446e+00
1.037700000000000045e+03,9.940599999999999881e+00
1.037799999999999955e+03,9.978526999999999703e+00
1.037900000000000091e+03,1.055964600000000075e+01
1.038000000000000000e+03,1.060250599999999999e+01
1.038099999999999909e+03,1.323076000000000008e+01
1.038200000000000045e+03,1.330119999999999969e+01
1.038299999999999955e+03,1.337158499999999961e+01
1.038400000000000091e+03,1.443009799999999920e+01
1.038500000000000000e+03,1.451243099999999941e+01
1.038599999999999909e+03,1.407310499999999998e+01
1.038700000000000045e+03,1.414888400000000068e+01
1.038799999999999955e+03,1.422460300000000011e+01
1.038900000000000091e+03,1.393059599999999953e+01
1.039000000000000000e+03,1.400187900000000063e+01
1.039099999999999909e+03,1.623542499999999933e+01
1.039200000000000045e+03,1.633334100000000078e+01
1.039299999999999955e+03,1.643117700000000170e+01
1.039400000000000091e+03,1.723762699999999981e+01
1.039500000000000000e+03,1.734641600000000139e+01
1.039599999999999909e+03,1.670499300000000176e+01
1.039700000000000045e+03,1.680351900000000143e+01
1.039799999999999955e+03,1.690197999999999823e+01
1.039900000000000091e+03,1.649232200000000148e+01
1.040000000000000000e+03,1.658425599999999989e+01
1.040099999999999909e+03,1.631363999999999947e+01
1.040200000000000045e+03,1.640104799999999940e+01
1.040299999999999955e+03,1.648839500000000058e+01
1.040400000000000091e+03,1.634060699999999855e+01
1.040500000000000000e+03,1.642508799999999880e+01
1.040599999999999909e+03,1.638350099999999898e+01
1.040700000000000045e+03,1.646310400000000129e+01
1.040799999999999955e+03,1.654263900000000120e+01
1.040900000000000091e+03,1.656382500000000135e+01
1.041000000000000000e+03,1.664260300000000115e+01
1.041099999999999909e+03,1.413778499999999916e+01
1.041200000000000045e+03,1.419139200000000045e+01
1.041299999999999955e+03,1.424495199999999961e+01
1.041400000000000091e+03,1.341626199999999969e+01
1.041500000000000000e+03,1.346232400000000062e+01
1.041599999999999909e+03,1.423243699999999912e+01
1.041700000000000045e+03,1.428524099999999919e+01
1.041799999999999955e+03,1.433893800000000063e+01
1.041900000000000091e+03,1.491090999999999944e+01
1.042000000000000000e+03,1.496911500000000039e+01
1.042099999999999909e+03,9.283488999999999436e+00
1.042200000000000045e+03,9.301066000000000500e+00
1.042299999999999955e+03,9.318628000000000355e+00
1.042400000000000091e+03,7.400794999999999568e+00
1.042500000000000000e+03,7.409819999999999851e+00
1.042599999999999909e+03,9.159772999999999499e+00
1.042700000000000045e+03,9.176316999999999169e+00
1.042799999999999955e+03,9.192847000000000435e+00
1.042900000000000091e+03,1.043486099999999972e+01
1.043000000000000000e+03,1.045787100000000081e+01
1.043099999999999909e+03,5.138740000000000308e+00
1.043200000000000045e+03,5.140877999999999837e+00
1.043299999999999955e+03,5.143013999999999974e+00
1.043400000000000091e+03,3.430485000000000007e+00
1.043500000000000000e+03,3.430018000000000011e+00
1.043599999999999909e+03,5.291636999999999702e+00
1.043700000000000045e+03,5.294092000000000020e+00
1.043799999999999955e+03,5.296545000000000059e+00
1.043900000000000091e+03,6.594282999999999895e+00
1.044000000000000000e+03,6.600133999999999723e+00
1.044099999999999909e+03,3.060630999999999879e+00
1.044200000000000045e+03,3.059845000000000148e+00
1.044299999999999955e+03,3.059060000000000112e+00
1.044400000000000091e+03,1.997319999999999984e+00
1.044500000000000000e+03,1.996210000000000040e+00
1.044599999999999909e+03,3.391134000000000093e+00
1.044700000000000045e+03,3.390623999999999860e+00
1.044799999999999955e+03,3.390115000000000212e+00
1.044900000000000091e+03,4.358740000000000059e+00
1.045000000000000000e+03,4.359429000000000443e+00
1.045099999999999909e+03,4.089824000000000126e+00
1.045200000000000045e+03,4.090114999999999945e+00
1.045299999999999955e+03,4.090404999999999625e+00
1.045400000000000091e+03,4.138859000000000066e+00
1.045500000000000000e+03,4.139215000000000089e+00
1.045599999999999909e+03,4.578570000000000029e+00
1.045700000000000045e+03,4.579610999999999876e+00
1.045799999999999955e+03,4.580651999999999724e+00
1.045900000000000091e+03,4.866494000000000320e+00
1.046000000000000000e+03,4.868044000000000260e+00
1.046099999999999909e+03,5.908090999999999759e+00
1.046200000000000045e+03,5.911966999999999750e+00
1.046299999999999955e+03,5.915840000000000209e+00
1.046400000000000091e+03,6.329335999999999629e+00
1.046500000000000000e+03,6.334318999999999811e+00
1.046599999999999909e+03,6.166513000000000133e+00
1.046700000000000045e+03,6.171000000000000263e+00
1.046799999999999955e+03,6.175483999999999973e+00
1.046900000000000091e+03,6.046825000000000117e+00
1.047000000000000000e+03,6.050943000000000183e+00
1.047099999999999909e+03,5.966675999999999647e+00
1.047200000000000045e+03,5.970556000000000196e+00
1.047299999999999955e+03,5.974433000000000327e+00
1.047400000000000091e+03,5.918375000000000163e+00
1.047500000000000000e+03,5.922090999999999994e+00
1.047599999999999909e+03,5.883699000000000012e+00
1.047700000000000045e+03,5.887303000000000175e+00
1.047799999999999955e+03,5.890903999999999918e+00
1.047900000000000091e+03,5.863446999999999854e+00
1.048000000000000000e+03,5.866964000000000290e+00
1.048099999999999909e+03,2.380561000000000149e+00
1.048200000000000045e+03,2.379452999999999818e+00
1.048299999999999955e+03,2.378346000000000071e+00
1.048400000000000091e+03,1.125904000000000016e+00
1.048500000000000000e+03,1.125072000000000072e+00
1.048599999999999909e+03,1.947513000000000050e+00
1.048700000000000045e+03,1.946387000000000089e+00
1.048799999999999955e+03,1.945262000000000047e+00
1.048900000000000091e+03,2.534555000000000113e+00
1.049000000000000000e+03,2.533475000000000144e+00
1.049099999999999909e+03,-1.336227999999999971e+00
1.049200000000000045e+03,-1.332645999999999997e+00
1.049299999999999955e+03,-1.329277999999999960e+00
1.049400000000000091e+03,-1.395304000000000100e+00
1.049500000000000000e+03,-1.392344999999999944e+00
1.049599999999999909e+03,-2.091770000000000018e-01
1.049700000000000045e+03,-2.085339999999999971e-01
1.049799999999999955e+03,-2.078919999999999935e-01
1.049900000000000091e+03,5.918699999999999656e-02
1.050000000000000000e+03,5.942999999999999672e-02
1.050099999999999909e+03,-3.656895000000000007e+00
1.050200000000000045e+03,-3.645077000000000123e+00
1.050299999999999955e+03,-3.633043999999999940e+00
1.050400000000000091e+03,-4.339097999999999900e+00
1.050500000000000000e+03,-4.325401000000000273e+00
1.050599999999999909e+03,-4.148042000000000229e+00
1.050700000000000045e+03,-4.135131999999999586e+00
1.050799999999999955e+03,-4.122230000000000061e+00
1.050900000000000091e+03,-4.100159999999999805e+00
1.051000000000000000e+03,-4.087314000000000114e+00
1.051099999999999909e+03,-5.430644000000000027e+00
1.051200000000000045e+03,-5.409158999999999828e+00
1.051299999999999955e+03,-5.387545000000000250e+00
1.051400000000000091e+03,-5.643505000000000216e+00
1.051500000000000000e+03,-5.621132000000000239e+00
1.051599999999999909e+03,-5.564002000000000336e+00
1.051700000000000045e+03,-5.541888000000000147e+00
1.051799999999999955e+03,-5.519792999999999950e+00
1.051900000000000091e+03,-5.516828000000000287e+00
1.052000000000000000e+03,-5.494646999999999615e+00
1.052099999999999909e+03,-7.209865999999999886e+00
1.052200000000000045e+03,-7.173663999999999596e+00
1.052299999999999955e+03,-7.137412000000000312e+00
1.052400000000000091e+03,-7.449305999999999983e+00
1.052500000000000000e+03,-7.413196000000000119e+00
1.052599999999999909e+03,-7.321150000000000269e+00
1.052700000000000045e+03,-7.285549999999999748e+00
1.052799999999999955e+03,-7.249973999999999918e+00
1.052900000000000091e+03,-7.228839999999999932e+00
1.053000000000000000e+03,-7.193190999999999669e+00
1.053099999999999909e+03,-8.809727000000000530e+00
1.053200000000000045e+03,-8.757163999999999504e+00
1.053299999999999955e+03,-8.704328000000000287e+00
1.053400000000000091e+03,-8.978232000000000212e+00
1.053500000000000000e+03,-8.924118999999999247e+00
1.053599999999999909e+03,-8.815720000000000667e+00
1.053700000000000045e+03,-8.761516999999999555e+00
1.053799999999999955e+03,-8.707297999999999760e+00
1.053900000000000091e+03,-8.667417999999999623e+00
1.054000000000000000e+03,-8.613125999999999394e+00
1.054099999999999909e+03,-1.162759100000000068e+01
1.054200000000000045e+03,-1.152900999999999954e+01
1.054299999999999955e+03,-1.142970799999999976e+01
1.054400000000000091e+03,-1.191594300000000040e+01
1.054500000000000000e+03,-1.181352700000000056e+01
1.054599999999999909e+03,-1.157800800000000052e+01
1.054700000000000045e+03,-1.147785700000000020e+01
1.054799999999999955e+03,-1.137777900000000031e+01
1.054900000000000091e+03,-1.127581400000000045e+01
1.055000000000000000e+03,-1.117591200000000029e+01
1.055099999999999909e+03,-1.387143799999999949e+01
1.055200000000000045e+03,-1.371378699999999995e+01
1.055299999999999955e+03,-1.355518900000000038e+01
1.055400000000000091e+03,-1.392641300000000015e+01
1.055500000000000000e+03,-1.376405300000000054e+01
1.055599999999999909e+03,-1.348292499999999983e+01
1.055700000000000045e+03,-1.332344499999999954e+01
1.055799999999999955e+03,-1.316407000000000060e+01
1.055900000000000091e+03,-1.300464599999999926e+01
1.056000000000000000e+03,-1.284548299999999976e+01
1.056099999999999909e+03,-1.576371299999999920e+01
1.056200000000000045e+03,-1.551419600000000010e+01
1.056299999999999955e+03,-1.526325199999999960e+01
1.056400000000000091e+03,-1.557967999999999975e+01
1.056500000000000000e+03,-1.532325400000000037e+01
1.056599999999999909e+03,-1.492388500000000029e+01
1.056700000000000045e+03,-1.467233000000000054e+01
1.056799999999999955e+03,-1.442090199999999989e+01
1.056900000000000091e+03,-1.415933500000000045e+01
1.057000000000000000e+03,-1.390850700000000018e+01
1.057099999999999909e+03,-1.367698500000000017e+01
1.057200000000000045e+03,-1.342572000000000010e+01
1.057299999999999955e+03,-1.317456999999999923e+01
1.057400000000000091e+03,-1.294372599999999984e+01
1.057500000000000000e+03,-1.269204099999999968e+01
1.057599999999999909e+03,-1.245893300000000004e+01
1.057700000000000045e+03,-1.220669999999999966e+01
1.057799999999999955e+03,-1.195457200000000064e+01
1.057900000000000091e+03,-1.171878399999999942e+01
1.058000000000000000e+03,-1.146618199999999987e+01
1.058099999999999909e+03,-9.337588999999999473e+00
1.058200000000000045e+03,-9.159691999999999723e+00
1.058299999999999955e+03,-8.981818000000000524e+00
1.058400000000000091e+03,-8.180201000000000278e+00
1.058500000000000000e+03,-8.022990000000000066e+00
1.058599999999999909e+03,-8.100763999999999854e+00
1.058700000000000045e+03,-7.936309999999999754e+00
1.058799999999999955e+03,-7.770798000000000094e+00
1.058900000000000091e+03,-7.715995000000000381e+00
1.059000000000000000e+03,-7.547208999999999612e+00
1.059099999999999909e+03,-7.257857999999999699e+00
1.059200000000000045e+03,-7.094885999999999804e+00
1.059299999999999955e+03,-6.931935000000000180e+00
1.059400000000000091e+03,-6.743324999999999569e+00
1.059500000000000000e+03,-6.581417000000000073e+00
1.059599999999999909e+03,-6.449411999999999701e+00
1.059700000000000045e+03,-6.286273999999999695e+00
1.059799999999999955e+03,-6.123149999999999871e+00
1.059900000000000091e+03,-5.976453000000000237e+00
1.060000000000000000e+03,-5.812482000000000149e+00
1.060099999999999909e+03,-4.305755999999999695e+00
1.060200000000000045e+03,-4.206720999999999933e+00
1.060299999999999955e+03,-4.107696999999999932e+00
1.060400000000000091e+03,-3.561633000000000049e+00
1.060500000000000000e+03,-3.479960999999999860e+00
1.060599999999999909e+03,-3.563633999999999968e+00
1.060700000000000045e+03,-3.476112999999999786e+00
1.060799999999999955e+03,-3.387770000000000170e+00
1.060900000000000091e+03,-3.375296000000000074e+00
1.061000000000000000e+03,-3.284311000000000202e+00
1.061099999999999909e+03,-1.138025000000000064e+00
1.061200000000000045e+03,-1.120837000000000083e+00
1.061299999999999955e+03,-1.103650999999999938e+00
1.061400000000000091e+03,-3.661969999999999947e-01
1.061500000000000000e+03,-3.605760000000000076e-01
1.061599999999999909e+03,-6.296720000000000095e-01
1.061700000000000045e+03,-6.205749999999999877e-01
1.061799999999999955e+03,-6.110480000000000356e-01
1.061900000000000091e+03,-7.312110000000000554e-01
1.062000000000000000e+03,-7.197829999999999506e-01
1.062099999999999909e+03,9.659630000000000161e-01
1.062200000000000045e+03,9.666869999999999630e-01
1.062299999999999955e+03,9.674099999999999921e-01
1.062400000000000091e+03,1.601517000000000079e+00
1.062500000000000000e+03,1.608238999999999974e+00
1.062599999999999909e+03,1.385189999999999921e+00
1.062700000000000045e+03,1.389173999999999909e+00
1.062799999999999955e+03,1.393161000000000094e+00
1.062900000000000091e+03,1.225235000000000074e+00
1.063000000000000000e+03,1.227627999999999941e+00
1.063099999999999909e+03,2.444948000000000121e+00
1.063200000000000045e+03,2.466146999999999867e+00
1.063299999999999955e+03,2.487343000000000082e+00
1.063400000000000091e+03,2.910133000000000081e+00
1.063500000000000000e+03,2.940872999999999848e+00
1.063599999999999909e+03,2.532739999999999991e+00
1.063700000000000045e+03,2.553278999999999854e+00
1.063799999999999955e+03,2.573817000000000021e+00
1.063900000000000091e+03,2.289095000000000102e+00
1.064000000000000000e+03,2.303859999999999797e+00
1.064099999999999909e+03,7.405484999999999651e+00
1.064200000000000045e+03,7.621807999999999694e+00
1.064299999999999955e+03,7.838118999999999836e+00
1.064400000000000091e+03,9.982357999999999620e+00
1.064500000000000000e+03,1.031719000000000008e+01
1.064599999999999909e+03,8.803228000000000719e+00
1.064700000000000045e+03,9.028943999999999193e+00
1.064799999999999955e+03,9.254637999999999920e+00
1.064900000000000091e+03,8.113274999999999793e+00
1.065000000000000000e+03,8.276567000000000007e+00
1.065099999999999909e+03,1.264854799999999990e+01
1.065200000000000045e+03,1.302710300000000032e+01
1.065299999999999955e+03,1.340561899999999973e+01
1.065400000000000091e+03,1.515936699999999959e+01
1.065500000000000000e+03,1.561734599999999951e+01
1.065599999999999909e+03,1.407938900000000082e+01
1.065700000000000045e+03,1.442866800000000005e+01
1.065799999999999955e+03,1.477788900000000005e+01
1.065900000000000091e+03,1.368652200000000008e+01
1.066000000000000000e+03,1.397119700000000009e+01
1.066099999999999909e+03,9.908196000000000225e+00
1.066200000000000045e+03,1.004068900000000042e+01
1.066299999999999955e+03,1.017317500000000052e+01
1.066400000000000091e+03,8.540857000000000809e+00
1.066500000000000000e+03,8.629542999999999964e+00
1.066599999999999909e+03,9.423621999999999943e+00
1.066700000000000045e+03,9.528603999999999630e+00
1.066799999999999955e+03,9.633544999999999803e+00
1.066900000000000091e+03,1.029060300000000083e+01
1.067000000000000000e+03,1.040859500000000004e+01
1.067099999999999909e+03,-3.137370999999999910e+00
1.067200000000000045e+03,-3.095185999999999993e+00
1.067299999999999955e+03,-3.063060999999999812e+00
1.067400000000000091e+03,-1.913588999999999984e+00
1.067500000000000000e+03,-1.902107999999999910e+00
1.067599999999999909e+03,1.711082999999999910e+00
1.067700000000000045e+03,1.711530999999999914e+00
1.067799999999999955e+03,1.711978000000000000e+00
1.067900000000000091e+03,3.061097000000000179e+00
1.068000000000000000e+03,3.067324000000000161e+00
1.068099999999999909e+03,1.106783000000000072e+00
1.068200000000000045e+03,1.105061999999999989e+00
1.068299999999999955e+03,1.104324000000000083e+00
1.068400000000000091e+03,8.458470000000000155e-01
1.068500000000000000e+03,8.453000000000000513e-01
1.068599999999999909e+03,1.777838999999999947e+00
1.068700000000000045e+03,1.778448999999999947e+00
1.068799999999999955e+03,1.779058000000000028e+00
1.068900000000000091e+03,2.402512999999999899e+00
1.069000000000000000e+03,2.405269000000000101e+00
1.069099999999999909e+03,5.517417000000000016e+00
1.069200000000000045e+03,5.547017999999999560e+00
1.069299999999999955e+03,5.576608000000000231e+00
1.069400000000000091e+03,6.780164000000000080e+00
1.069500000000000000e+03,6.826183999999999585e+00
1.069599999999999909e+03,6.201998999999999818e+00
1.069700000000000045e+03,6.238254999999999661e+00
1.069799999999999955e+03,6.274494999999999933e+00
1.069900000000000091e+03,5.828223999999999627e+00
1.070000000000000000e+03,5.858261999999999858e+00
1.070099999999999909e+03,1.150774200000000036e+01
1.070200000000000045e+03,1.164253599999999977e+01
1.070299999999999955e+03,1.177727199999999996e+01
1.070400000000000091e+03,1.385656700000000008e+01
1.070500000000000000e+03,1.404174700000000087e+01
1.070599999999999909e+03,1.234563299999999941e+01
1.070700000000000045e+03,1.248255900000000018e+01
1.070799999999999955e+03,1.261942400000000042e+01
1.070900000000000091e+03,1.142567500000000003e+01
1.071000000000000000e+03,1.153373999999999988e+01
1.071099999999999909e+03,1.418380299999999927e+01
1.071200000000000045e+03,1.434857900000000086e+01
1.071299999999999955e+03,1.451327799999999968e+01
1.071400000000000091e+03,1.537800599999999918e+01
1.071500000000000000e+03,1.555952300000000044e+01
1.071599999999999909e+03,1.446441199999999938e+01
1.071700000000000045e+03,1.461592199999999941e+01
1.071799999999999955e+03,1.476735500000000023e+01
1.071900000000000091e+03,1.404518299999999975e+01
1.072000000000000000e+03,1.417824899999999921e+01
1.072099999999999909e+03,1.689934799999999981e+01
1.072200000000000045e+03,1.708882399999999890e+01
1.072299999999999955e+03,1.727820300000000131e+01
1.072400000000000091e+03,1.826397100000000151e+01
1.072500000000000000e+03,1.847173700000000096e+01
1.072599999999999909e+03,1.758986900000000020e+01
1.072700000000000045e+03,1.777216900000000166e+01
1.072799999999999955e+03,1.795435499999999962e+01
1.072900000000000091e+03,1.739205400000000168e+01
1.073000000000000000e+03,1.755855000000000032e+01
1.073099999999999909e+03,2.213469100000000012e+01
1.073200000000000045e+03,2.240070000000000050e+01
1.073299999999999955e+03,2.266654099999999872e+01
1.073400000000000091e+03,2.441153200000000112e+01
1.073500000000000000e+03,2.471393499999999932e+01
1.073599999999999909e+03,2.344483299999999915e+01
1.073700000000000045e+03,2.370847499999999997e+01
1.073799999999999955e+03,2.397194199999999853e+01
1.073900000000000091e+03,2.311907499999999871e+01
1.074000000000000000e+03,2.335743400000000136e+01
1.074099999999999909e+03,2.914111899999999977e+01
1.074200000000000045e+03,2.951145199999999846e+01
1.074299999999999955e+03,2.988152699999999840e+01
1.074400000000000091e+03,3.207211000000000212e+01
1.074500000000000000e+03,3.249056399999999911e+01
1.074599999999999909e+03,3.086087399999999903e+01
1.074700000000000045e+03,3.123157399999999839e+01
1.074799999999999955e+03,3.160212900000000147e+01
1.074900000000000091e+03,3.047962899999999919e+01
1.075000000000000000e+03,3.081477900000000147e+01
1.075099999999999909e+03,2.830123400000000089e+01
1.075200000000000045e+03,2.856248300000000029e+01
1.075299999999999955e+03,2.882350500000000082e+01
1.075400000000000091e+03,2.789667299999999983e+01
1.075500000000000000e+03,2.813540300000000016e+01
1.075599999999999909e+03,2.857895500000000055e+01
1.075700000000000045e+03,2.883050000000000068e+01
1.075799999999999955e+03,2.908198099999999897e+01
1.075900000000000091e+03,2.955823900000000037e+01
1.076000000000000000e+03,2.981366600000000133e+01
1.076099999999999909e+03,2.304350099999999912e+01
1.076200000000000045e+03,2.318710899999999953e+01
1.076299999999999955e+03,2.333067700000000144e+01
1.076400000000000091e+03,2.098568900000000070e+01
1.076500000000000000e+03,2.109776099999999843e+01
1.076599999999999909e+03,2.317329799999999906e+01
1.076700000000000045e+03,2.330961200000000133e+01
1.076799999999999955e+03,2.344588900000000109e+01
1.076900000000000091e+03,2.498508800000000107e+01
1.077000000000000000e+03,2.513975599999999844e+01
1.077099999999999909e+03,1.825079200000000057e+01
1.077200000000000045e+03,1.832501399999999947e+01
1.077299999999999955e+03,1.839852099999999879e+01
1.077400000000000091e+03,1.621044499999999999e+01
1.077500000000000000e+03,1.626458900000000085e+01
1.077599999999999909e+03,1.871319300000000041e+01
1.077700000000000045e+03,1.878760799999999875e+01
1.077799999999999955e+03,1.886196400000000040e+01
1.077900000000000091e+03,2.066124599999999845e+01
1.078000000000000000e+03,2.075181500000000057e+01
1.078099999999999909e+03,1.670584699999999856e+01
1.078200000000000045e+03,1.675997100000000017e+01
1.078299999999999955e+03,1.681405300000000125e+01
1.078400000000000091e+03,1.561524099999999926e+01
1.078500000000000000e+03,1.566008599999999973e+01
1.078599999999999909e+03,1.742266199999999898e+01
1.078700000000000045e+03,1.748010299999999972e+01
1.078799999999999955e+03,1.753749900000000039e+01
1.078900000000000091e+03,1.884422400000000053e+01
1.079000000000000000e+03,1.891157700000000119e+01
1.079099999999999909e+03,1.806485299999999938e+01
1.079200000000000045e+03,1.812457600000000113e+01
1.079299999999999955e+03,1.818421899999999880e+01
1.079400000000000091e+03,1.812270499999999984e+01
1.079500000000000000e+03,1.818132800000000060e+01
1.079599999999999909e+03,1.901119299999999868e+01
1.079700000000000045e+03,1.907571899999999943e+01
1.079799999999999955e+03,1.914019599999999954e+01
1.079900000000000091e+03,1.976738699999999938e+01
1.080000000000000000e+03,1.983562099999999973e+01
1.080099999999999909e+03,1.246409500000000037e+01
1.080200000000000045e+03,1.248515899999999945e+01
1.080299999999999955e+03,1.250620100000000079e+01
1.080400000000000091e+03,9.624904000000000792e+00
1.080500000000000000e+03,9.634529999999999816e+00
1.080599999999999909e+03,1.140346100000000007e+01
1.080700000000000045e+03,1.141948200000000035e+01
1.080799999999999955e+03,1.143548700000000018e+01
1.080900000000000091e+03,1.280119200000000035e+01
1.081000000000000000e+03,1.282302900000000001e+01
1.081099999999999909e+03,5.126343999999999568e+00
1.081200000000000045e+03,5.126036000000000037e+00
1.081299999999999955e+03,5.125728999999999758e+00
1.081400000000000091e+03,2.177077999999999847e+00
1.081500000000000000e+03,2.175615000000000077e+00
1.081599999999999909e+03,4.202299000000000007e+00
1.081700000000000045e+03,4.201216999999999757e+00
1.081799999999999955e+03,4.200135999999999648e+00
1.081900000000000091e+03,5.770363999999999827e+00
1.082000000000000000e+03,5.770883000000000429e+00
1.082099999999999909e+03,-5.216026000000000273e+00
1.082200000000000045e+03,-5.197117999999999682e+00
1.082299999999999955e+03,-5.181013000000000090e+00
1.082400000000000091e+03,-3.414648000000000128e+00
1.082500000000000000e+03,-3.406778000000000084e+00
1.082599999999999909e+03,9.176840000000000552e-01
1.082700000000000045e+03,9.169549999999999645e-01
1.082799999999999955e+03,9.162259999999999849e-01
1.082900000000000091e+03,1.710544000000000064e+00
1.083000000000000000e+03,1.709281999999999968e+00
1.083099999999999909e+03,-2.682866000000000195e+00
1.083200000000000045e+03,-2.675683999999999951e+00
1.083299999999999955e+03,-2.668197999999999848e+00
1.083400000000000091e+03,-4.194603999999999999e+00
1.083500000000000000e+03,-4.183939999999999770e+00
1.083599999999999909e+03,-4.007962000000000025e+00
1.083700000000000045e+03,-3.997923000000000116e+00
1.083799999999999955e+03,-3.987893000000000132e+00
1.083900000000000091e+03,-3.987226999999999855e+00
1.084000000000000000e+03,-3.977180000000000160e+00
1.084099999999999909e+03,-4.013053000000000203e+00
1.084200000000000045e+03,-4.002909999999999968e+00
1.084299999999999955e+03,-3.992890000000000050e+00
1.084400000000000091e+03,-4.031684000000000268e+00
1.084500000000000000e+03,-4.021500999999999770e+00
1.084599999999999909e+03,-4.059523000000000437e+00
1.084700000000000045e+03,-4.049177000000000248e+00
1.084799999999999955e+03,-4.038838000000000150e+00
1.084900000000000091e+03,-4.075650000000000439e+00
1.085000000000000000e+03,-4.065150000000000041e+00
1.085099999999999909e+03,2.910639999999999894e-01
1.085200000000000045e+03,2.910639999999999894e-01
1.085299999999999955e+03,2.910639999999999894e-01
1.085400000000000091e+03,1.408250000000000002e+00
1.085500000000000000e+03,1.407181999999999933e+00
1.085599999999999909e+03,1.371636000000000077e+00
1.085700000000000045e+03,1.370590999999999893e+00
1.085799999999999955e+03,1.369547000000000070e+00
1.085900000000000091e+03,1.306926000000000032e+00
1.086000000000000000e+03,1.305922000000000027e+00
1.086099999999999909e+03,6.018092000000000219e+00
1.086200000000000045e+03,6.020243999999999929e+00
1.086299999999999955e+03,6.022394000000000247e+00
1.086400000000000091e+03,8.188143000000000171e+00
1.086500000000000000e+03,8.195778999999999925e+00
1.086599999999999909e+03,7.346544999999999881e+00
1.086700000000000045e+03,7.351691999999999894e+00
1.086799999999999955e+03,7.356832999999999956e+00
1.086900000000000091e+03,6.695723000000000091e+00
1.087000000000000000e+03,6.699211000000000027e+00
1.087099999999999909e+03,7.120791999999999788e+00
1.087200000000000045e+03,7.125276000000000387e+00
1.087299999999999955e+03,7.129756000000000427e+00
1.087400000000000091e+03,7.176935000000000286e+00
1.087500000000000000e+03,7.181511999999999674e+00
1.087599999999999909e+03,6.795725000000000016e+00
1.087700000000000045e+03,6.799348000000000170e+00
1.087799999999999955e+03,6.802967999999999904e+00
1.087900000000000091e+03,6.526882999999999768e+00
1.088000000000000000e+03,6.529869999999999841e+00
1.088099999999999909e+03,6.343367999999999896e+00
1.088200000000000045e+03,6.345950000000000202e+00
1.088299999999999955e+03,6.348527999999999949e+00
1.088400000000000091e+03,6.221648000000000067e+00
1.088500000000000000e+03,6.223959999999999937e+00
1.088599999999999909e+03,6.136908000000000030e+00
1.088700000000000045e+03,6.139039999999999608e+00
1.088799999999999955e+03,6.141168999999999656e+00
1.088900000000000091e+03,6.080467999999999762e+00
1.089000000000000000e+03,6.082472000000000101e+00
1.089099999999999909e+03,5.173710999999999949e+00
1.089200000000000045e+03,5.174199999999999910e+00
1.089299999999999955e+03,5.174687999999999732e+00
1.089400000000000091e+03,4.793957999999999942e+00
1.089500000000000000e+03,4.793944999999999901e+00
1.089599999999999909e+03,4.949944000000000344e+00
1.089700000000000045e+03,4.950127000000000166e+00
1.089799999999999955e+03,4.950308999999999848e+00
1.089900000000000091e+03,5.067769000000000190e+00
1.090000000000000000e+03,5.068107000000000362e+00
1.090099999999999909e+03,5.143449999999999633e+00
1.090200000000000045e+03,5.143889999999999851e+00
1.090299999999999955e+03,5.144328999999999930e+00
1.090400000000000091e+03,5.191076999999999941e+00
1.090500000000000000e+03,5.191581000000000223e+00
1.090599999999999909e+03,5.219265000000000043e+00
1.090700000000000045e+03,5.219806000000000168e+00
1.090799999999999955e+03,5.220347000000000293e+00
1.090900000000000091e+03,5.235438000000000258e+00
1.091000000000000000e+03,5.235998999999999626e+00
1.091099999999999909e+03,7.839680000000000426e+00
1.091200000000000045e+03,7.845781999999999812e+00
1.091299999999999955e+03,7.851876999999999995e+00
1.091400000000000091e+03,8.902958999999999179e+00
1.091500000000000000e+03,8.912261000000000877e+00
1.091599999999999909e+03,8.369396999999999309e+00
1.091700000000000045e+03,8.376915999999999585e+00
1.091799999999999955e+03,8.384427999999999770e+00
1.091900000000000091e+03,7.973512999999999629e+00
1.092000000000000000e+03,7.979775000000000063e+00
1.092099999999999909e+03,1.377967300000000073e+01
1.092200000000000045e+03,1.381086400000000047e+01
1.092299999999999955e+03,1.384202800000000089e+01
1.092400000000000091e+03,1.612441499999999905e+01
1.092500000000000000e+03,1.616947400000000101e+01
1.092599999999999909e+03,1.479172600000000060e+01
1.092700000000000045e+03,1.482754100000000008e+01
1.092799999999999955e+03,1.486332400000000042e+01
1.092900000000000091e+03,1.384212800000000065e+01
1.093000000000000000e+03,1.387173699999999954e+01
1.093099999999999909e+03,1.842322800000000171e+01
1.093200000000000045e+03,1.848259499999999989e+01
1.093299999999999955e+03,1.854191499999999948e+01
1.093400000000000091e+03,2.025373099999999837e+01
1.093500000000000000e+03,2.032544899999999899e+01
1.093599999999999909e+03,1.900862700000000061e+01
1.093700000000000045e+03,1.906921900000000036e+01
1.093799999999999955e+03,1.912975600000000043e+01
1.093900000000000091e+03,1.817478099999999941e+01
1.094000000000000000e+03,1.822788200000000103e+01
1.094099999999999909e+03,1.500510599999999961e+01
1.094200000000000045e+03,1.503753700000000038e+01
1.094299999999999955e+03,1.506993600000000022e+01
1.094400000000000091e+03,1.358409299999999931e+01
1.094500000000000000e+03,1.360859999999999914e+01
1.094599999999999909e+03,1.384760600000000075e+01
1.094700000000000045e+03,1.387310199999999938e+01
1.094799999999999955e+03,1.389857300000000073e+01
1.094900000000000091e+03,1.412900199999999984e+01
1.095000000000000000e+03,1.415545799999999943e+01
1.095099999999999909e+03,9.149077000000000126e+00
1.095200000000000045e+03,9.156031999999999726e+00
1.095299999999999955e+03,9.162979999999999237e+00
1.095400000000000091e+03,7.092401999999999873e+00
1.095500000000000000e+03,7.094573999999999714e+00
1.095599999999999909e+03,8.123246999999999218e+00
1.095700000000000045e+03,8.127530999999999395e+00
1.095799999999999955e+03,8.131809999999999761e+00
1.095900000000000091e+03,8.946934000000000609e+00
1.096000000000000000e+03,8.953196000000000154e+00
1.096099999999999909e+03,5.221224000000000309e+00
1.096200000000000045e+03,5.220692999999999806e+00
1.096299999999999955e+03,5.220163000000000331e+00
1.096400000000000091e+03,3.774214999999999876e+00
1.096500000000000000e+03,3.772714000000000123e+00
1.096599999999999909e+03,4.799760000000000026e+00
1.096700000000000045e+03,4.798861999999999739e+00
1.096799999999999955e+03,4.797964999999999591e+00
1.096900000000000091e+03,5.596981999999999680e+00
1.097000000000000000e+03,5.596879000000000381e+00
1.097099999999999909e+03,-8.218399999999999317e-02
1.097200000000000045e+03,-8.159700000000000286e-02
1.097299999999999955e+03,-8.106800000000000117e-02
1.097400000000000091e+03,-2.462930000000000119e-01
1.097500000000000000e+03,-2.456639999999999935e-01
1.097599999999999909e+03,1.257309999999999928e+00
1.097700000000000045e+03,1.256291999999999964e+00
1.097799999999999955e+03,1.255274999999999919e+00
1.097900000000000091e+03,1.879234999999999989e+00
1.098000000000000000e+03,1.877852000000000077e+00
1.098099999999999909e+03,-2.687911000000000161e+00
1.098200000000000045e+03,-2.681113999999999997e+00
1.098299999999999955e+03,-2.674412999999999929e+00
1.098400000000000091e+03,-3.290664000000000033e+00
1.098500000000000000e+03,-3.283338000000000090e+00
1.098599999999999909e+03,-2.359973999999999794e+00
1.098700000000000045e+03,-2.355112999999999790e+00
1.098799999999999955e+03,-2.350257000000000041e+00
1.098900000000000091e+03,-2.149217999999999851e+00
1.099000000000000000e+03,-2.144871999999999890e+00
1.099099999999999909e+03,-6.561666999999999916e+00
1.099200000000000045e+03,-6.539441000000000059e+00
1.099299999999999955e+03,-6.516898000000000302e+00
1.099400000000000091e+03,-7.371573999999999849e+00
1.099500000000000000e+03,-7.346868999999999872e+00
1.099599999999999909e+03,-7.135221999999999731e+00
1.099700000000000045e+03,-7.111734000000000222e+00
1.099799999999999955e+03,-7.088260000000000005e+00
1.099900000000000091e+03,-7.058375999999999983e+00
1.100000000000000000e+03,-7.034965999999999831e+00
1.100099999999999909e+03,-3.851233000000000128e+00
1.100200000000000045e+03,-3.841704000000000008e+00
1.100299999999999955e+03,-3.832183000000000117e+00
1.100400000000000091e+03,-2.682554000000000105e+00
1.100500000000000000e+03,-2.676382999999999956e+00
1.100599999999999909e+03,-3.104537999999999798e+00
1.100700000000000045e+03,-3.097402999999999906e+00
1.100799999999999955e+03,-3.090088000000000168e+00
1.100900000000000091e+03,-3.308021999999999796e+00
1.101000000000000000e+03,-3.300197999999999965e+00
1.101099999999999909e+03,7.049689999999999568e-01
1.101200000000000045e+03,7.044319999999999471e-01
1.101299999999999955e+03,7.038959999999999662e-01
1.101400000000000091e+03,2.014286999999999939e+00
1.101500000000000000e+03,2.012960999999999778e+00
1.101599999999999909e+03,2.028121000000000063e+00
1.101700000000000045e+03,2.026794999999999902e+00
1.101799999999999955e+03,2.025469999999999882e+00
1.101900000000000091e+03,1.993986999999999954e+00
1.102000000000000000e+03,1.992671999999999999e+00
1.102099999999999909e+03,9.727652000000000854e+00
1.102200000000000045e+03,9.740304000000000073e+00
1.102299999999999955e+03,9.752943000000000140e+00
1.102400000000000091e+03,1.287459999999999916e+01
1.102500000000000000e+03,1.290168000000000070e+01
1.102599999999999909e+03,1.122879600000000089e+01
1.102700000000000045e+03,1.124732799999999955e+01
1.102799999999999955e+03,1.126584300000000027e+01
1.102900000000000091e+03,1.000970000000000049e+01
1.103000000000000000e+03,1.002281400000000033e+01
1.103099999999999909e+03,1.788980799999999860e+01
1.103200000000000045e+03,1.794881900000000030e+01
1.103299999999999955e+03,1.800758599999999987e+01
1.103400000000000091e+03,2.098488400000000098e+01
1.103500000000000000e+03,2.106813000000000002e+01
1.103599999999999909e+03,1.889326200000000000e+01
1.103700000000000045e+03,1.895713200000000143e+01
1.103799999999999955e+03,1.902095200000000119e+01
1.103900000000000091e+03,1.743618700000000032e+01
1.104000000000000000e+03,1.748740600000000001e+01
1.104099999999999909e+03,2.256376600000000110e+01
1.104200000000000045e+03,2.265573300000000145e+01
1.104299999999999955e+03,2.274761700000000175e+01
1.104400000000000091e+03,2.459769500000000164e+01
1.104500000000000000e+03,2.470615600000000001e+01
1.104599999999999909e+03,2.307650800000000046e+01
1.104700000000000045e+03,2.316832000000000136e+01
1.104799999999999955e+03,2.326004899999999864e+01
1.104900000000000091e+03,2.209289800000000170e+01
1.105000000000000000e+03,2.217358300000000071e+01
1.105099999999999909e+03,1.707985000000000042e+01
1.105200000000000045e+03,1.712245199999999912e+01
1.105299999999999955e+03,1.716501399999999933e+01
1.105400000000000091e+03,1.485796599999999934e+01
1.105500000000000000e+03,1.488720499999999980e+01
1.105599999999999909e+03,1.538183599999999984e+01
1.105700000000000045e+03,1.541343900000000033e+01
1.105799999999999955e+03,1.544500999999999991e+01
1.105900000000000091e+03,1.589050899999999977e+01
1.106000000000000000e+03,1.592422900000000041e+01
1.106099999999999909e+03,7.628301000000000442e+00
1.106200000000000045e+03,7.631077999999999584e+00
1.106299999999999955e+03,7.633852000000000082e+00
1.106400000000000091e+03,4.156943000000000055e+00
1.106500000000000000e+03,4.155508000000000202e+00
1.106599999999999909e+03,5.803334000000000437e+00
1.106700000000000045e+03,5.803251000000000381e+00
1.106799999999999955e+03,5.803168000000000326e+00
1.106900000000000091e+03,7.119650000000000034e+00
1.107000000000000000e+03,7.121484999999999843e+00
1.107099999999999909e+03,2.068748999999999949e+00
1.107200000000000045e+03,2.065897000000000094e+00
1.107299999999999955e+03,2.063537000000000177e+00
1.107400000000000091e+03,8.192549999999999555e-01
1.107500000000000000e+03,8.185940000000000438e-01
1.107599999999999909e+03,2.066746999999999890e+00
1.107700000000000045e+03,2.065252999999999783e+00
1.107799999999999955e+03,2.063759999999999817e+00
1.107900000000000091e+03,3.034409999999999830e+00
1.108000000000000000e+03,3.032718000000000025e+00
1.108099999999999909e+03,-4.748642000000000252e+00
1.108200000000000045e+03,-4.734117000000000353e+00
1.108299999999999955e+03,-4.721017999999999937e+00
1.108400000000000091e+03,-3.955010999999999832e+00
1.108500000000000000e+03,-3.945723000000000091e+00
1.108599999999999909e+03,-1.004115000000000091e+00
1.108700000000000045e+03,-1.002237000000000045e+00
1.108799999999999955e+03,-1.000361000000000056e+00
1.108900000000000091e+03,-2.764130000000000198e-01
1.109000000000000000e+03,-2.757390000000000119e-01
1.109099999999999909e+03,-3.654647999999999897e+00
1.109200000000000045e+03,-3.645436000000000121e+00
1.109299999999999955e+03,-3.636093999999999937e+00
1.109400000000000091e+03,-4.300136000000000180e+00
1.109500000000000000e+03,-4.289447000000000010e+00
1.109599999999999909e+03,-4.139274999999999594e+00
1.109700000000000045e+03,-4.129105000000000025e+00
1.109799999999999955e+03,-4.118946000000000218e+00
1.109900000000000091e+03,-4.106254999999999988e+00
1.110000000000000000e+03,-4.096123999999999654e+00
1.110099999999999909e+03,-2.020089999999999941e-01
1.110200000000000045e+03,-2.014340000000000019e-01
1.110299999999999955e+03,-2.008580000000000088e-01
1.110400000000000091e+03,8.421410000000000284e-01
1.110500000000000000e+03,8.414770000000000305e-01
1.110599999999999909e+03,6.816299999999999581e-01
1.110700000000000045e+03,6.811190000000000300e-01
1.110799999999999955e+03,6.806090000000000195e-01
1.110900000000000091e+03,2.910639999999999894e-01
1.111000000000000000e+03,2.910639999999999894e-01
1.111099999999999909e+03,6.453001999999999683e+00
1.111200000000000045e+03,6.454873000000000083e+00
1.111299999999999955e+03,6.456742000000000203e+00
1.111400000000000091e+03,9.300264999999999560e+00
1.111500000000000000e+03,9.309169000000000693e+00
1.111599999999999909e+03,8.390574000000000865e+00
1.111700000000000045e+03,8.396746000000000265e+00
1.111799999999999955e+03,8.402912000000000603e+00
1.111900000000000091e+03,7.667228999999999850e+00
1.112000000000000000e+03,7.671504999999999797e+00
1.112099999999999909e+03,1.756807799999999986e+01
1.112200000000000045e+03,1.761839600000000061e+01
1.112299999999999955e+03,1.766866699999999923e+01
1.112400000000000091e+03,2.168893999999999878e+01
1.112500000000000000e+03,2.176986799999999889e+01
1.112599999999999909e+03,1.952660799999999952e+01
1.112700000000000045e+03,1.958865000000000123e+01
1.112799999999999955e+03,1.965063599999999866e+01
1.112900000000000091e+03,1.796332699999999960e+01
1.113000000000000000e+03,1.801282099999999886e+01
1.113099999999999909e+03,2.910138399999999947e+01
1.113200000000000045e+03,2.925056700000000021e+01
1.113299999999999955e+03,2.939965700000000126e+01
1.113400000000000091e+03,3.382052099999999939e+01
1.113500000000000000e+03,3.402109000000000094e+01
1.113599999999999909e+03,3.126386400000000165e+01
1.113700000000000045e+03,3.142796500000000037e+01
1.113799999999999955e+03,3.159196400000000082e+01
1.113900000000000091e+03,2.955988100000000074e+01
1.114000000000000000e+03,2.969891700000000156e+01
1.114099999999999909e+03,2.836828500000000020e+01
1.114200000000000045e+03,2.849147400000000019e+01
1.114299999999999955e+03,2.861456099999999836e+01
1.114400000000000091e+03,2.774979099999999832e+01
1.114500000000000000e+03,2.786329800000000034e+01
1.114599999999999909e+03,2.732383199999999945e+01
1.114700000000000045e+03,2.743110100000000173e+01
1.114799999999999955e+03,2.753826799999999864e+01
1.114900000000000091e+03,2.721691900000000075e+01
1.115000000000000000e+03,2.732012800000000041e+01
1.115099999999999909e+03,1.590308500000000080e+01
1.115200000000000045e+03,1.592978500000000075e+01
1.115299999999999955e+03,1.595645500000000006e+01
1.115400000000000091e+03,1.085060900000000039e+01
1.115500000000000000e+03,1.085861899999999913e+01
1.115599999999999909e+03,1.249049399999999999e+01
1.115700000000000045e+03,1.250335699999999939e+01
1.115799999999999955e+03,1.251620400000000011e+01
1.115900000000000091e+03,1.389138400000000040e+01
1.116000000000000000e+03,1.390898699999999977e+01
1.116099999999999909e+03,5.488553999999999711e+00
1.116200000000000045e+03,5.487218999999999625e+00
1.116299999999999955e+03,5.485885999999999818e+00
1.116400000000000091e+03,1.966806000000000054e+00
1.116500000000000000e+03,1.965216999999999992e+00
1.116599999999999909e+03,3.792673000000000183e+00
1.116700000000000045e+03,3.790681999999999885e+00
1.116799999999999955e+03,3.788692999999999866e+00
1.116900000000000091e+03,5.292507999999999768e+00
1.117000000000000000e+03,5.291084999999999816e+00
1.117099999999999909e+03,-2.003763000000000183e+00
1.117200000000000045e+03,-1.998756999999999895e+00
1.117299999999999955e+03,-1.994404000000000066e+00
1.117400000000000091e+03,-1.281738999999999962e+00
1.117500000000000000e+03,-1.279527000000000081e+00
1.117599999999999909e+03,1.306264000000000092e+00
1.117700000000000045e+03,1.305131999999999959e+00
1.117799999999999955e+03,1.304002000000000105e+00
1.117900000000000091e+03,2.075105000000000199e+00
1.118000000000000000e+03,2.073485999999999940e+00
1.118099999999999909e+03,-3.488539999999999974e+00
1.118200000000000045e+03,-3.479893999999999821e+00
1.118299999999999955e+03,-3.471556999999999782e+00
1.118400000000000091e+03,-3.796285000000000132e+00
1.118500000000000000e+03,-3.788062000000000040e+00
1.118599999999999909e+03,-2.306475999999999971e+00
1.118700000000000045e+03,-2.302068999999999921e+00
1.118799999999999955e+03,-2.297667000000000126e+00
1.118900000000000091e+03,-1.958909999999999929e+00
1.119000000000000000e+03,-1.955278999999999989e+00
1.119099999999999909e+03,-1.942187000000000108e+00
1.119200000000000045e+03,-1.938584000000000085e+00
1.119299999999999955e+03,-1.934984999999999955e+00
1.119400000000000091e+03,-1.967228999999999894e+00
1.119500000000000000e+03,-1.963559000000000054e+00
1.119599999999999909e+03,-1.996434999999999960e+00
1.119700000000000045e+03,-1.992690999999999990e+00
1.119799999999999955e+03,-1.988949999999999996e+00
1.119900000000000091e+03,-2.020035000000000025e+00
1.120000000000000000e+03,-2.016223000000000098e+00
1.120099999999999909e+03,2.910639999999999894e-01
1.120200000000000045e+03,2.910639999999999894e-01
1.120299999999999955e+03,2.910639999999999894e-01
1.120400000000000091e+03,1.224312000000000067e+00
1.120500000000000000e+03,1.223289999999999988e+00
1.120599999999999909e+03,1.300545999999999980e+00
1.120700000000000045e+03,1.299466000000000010e+00
1.120799999999999955e+03,1.298388000000000098e+00
1.120900000000000091e+03,1.331574000000000035e+00
1.121000000000000000e+03,1.330473000000000017e+00
1.121099999999999909e+03,2.391852999999999785e+00
1.121200000000000045e+03,2.390212000000000003e+00
1.121299999999999955e+03,2.388571999999999917e+00
1.121400000000000091e+03,2.996268999999999849e+00
1.121500000000000000e+03,2.994508000000000170e+00
1.121599999999999909e+03,2.928631000000000206e+00
1.121700000000000045e+03,2.926876000000000033e+00
1.121799999999999955e+03,2.925123000000000140e+00
1.121900000000000091e+03,2.854954000000000214e+00
1.122000000000000000e+03,2.853209000000000106e+00
1.122099999999999909e+03,1.630562999999999985e+00
1.122200000000000045e+03,1.629269999999999996e+00
1.122299999999999955e+03,1.627977999999999925e+00
1.122400000000000091e+03,7.674279999999999990e-01
1.122500000000000000e+03,7.668150000000000244e-01
1.122599999999999909e+03,2.910639999999999894e-01
1.122700000000000045e+03,2.910639999999999894e-01
1.122799999999999955e+03,2.910639999999999894e-01
1.122900000000000091e+03,2.910639999999999894e-01
1.123000000000000000e+03,2.910639999999999894e-01
1.123099999999999909e+03,-4.635576000000000363e+00
1.123200000000000045e+03,-4.622557999999999723e+00
1.123299999999999955e+03,-4.609236000000000111e+00
1.123400000000000091e+03,-5.733043999999999585e+00
1.123500000000000000e+03,-5.717271000000000214e+00
1.123599999999999909e+03,-5.540435000000000443e+00
1.123700000000000045e+03,-5.525325999999999738e+00
1.123799999999999955e+03,-5.510226000000000290e+00
1.123900000000000091e+03,-5.492369000000000057e+00
1.124000000000000000e+03,-5.477299000000000362e+00
1.124099999999999909e+03,-1.223195100000000046e+01
1.124200000000000045e+03,-1.217243299999999984e+01
1.124299999999999955e+03,-1.211210099999999912e+01
1.124400000000000091e+03,-1.336472099999999941e+01
1.124500000000000000e+03,-1.329993499999999962e+01
1.124599999999999909e+03,-1.292321399999999976e+01
1.124700000000000045e+03,-1.286115000000000030e+01
1.124799999999999955e+03,-1.279913099999999915e+01
1.124900000000000091e+03,-1.271441599999999994e+01
1.125000000000000000e+03,-1.265326199999999979e+01
1.125099999999999909e+03,-2.112823300000000160e+01
1.125200000000000045e+03,-2.096253899999999959e+01
1.125299999999999955e+03,-2.079521300000000039e+01
1.125400000000000091e+03,-2.224228899999999953e+01
1.125500000000000000e+03,-2.206682800000000100e+01
1.125599999999999909e+03,-2.148635799999999918e+01
1.125700000000000045e+03,-2.131690800000000152e+01
1.125799999999999955e+03,-2.114748000000000161e+01
1.125900000000000091e+03,-2.094729600000000147e+01
1.126000000000000000e+03,-2.077836100000000030e+01
1.126099999999999909e+03,-2.455779300000000021e+01
1.126200000000000045e+03,-2.431861100000000064e+01
1.126299999999999955e+03,-2.407839699999999894e+01
1.126400000000000091e+03,-2.459779199999999832e+01
1.126500000000000000e+03,-2.435251900000000091e+01
1.126599999999999909e+03,-2.395910599999999846e+01
1.126700000000000045e+03,-2.371632999999999925e+01
1.126799999999999955e+03,-2.347345500000000129e+01
1.126900000000000091e+03,-2.325207599999999886e+01
1.127000000000000000e+03,-2.300859900000000025e+01
1.127099999999999909e+03,-2.282366499999999832e+01
1.127200000000000045e+03,-2.257378800000000041e+01
1.127299999999999955e+03,-2.231877100000000169e+01
1.127400000000000091e+03,-2.211625700000000094e+01
1.127500000000000000e+03,-2.186064800000000119e+01
1.127599999999999909e+03,-2.165792899999999932e+01
1.127700000000000045e+03,-2.141400399999999848e+01
1.127799999999999955e+03,-2.117001700000000142e+01
1.127900000000000091e+03,-2.097757599999999911e+01
1.128000000000000000e+03,-2.073281599999999969e+01
1.128099999999999909e+03,-1.975484799999999908e+01
1.128200000000000045e+03,-1.952655299999999983e+01
1.128299999999999955e+03,-1.929439199999999843e+01
1.128400000000000091e+03,-1.884417699999999840e+01
1.128500000000000000e+03,-1.861664100000000133e+01
1.128599999999999909e+03,-1.852359500000000025e+01
1.128700000000000045e+03,-1.829385800000000017e+01
1.128799999999999955e+03,-1.806368000000000151e+01
1.128900000000000091e+03,-1.791573599999999900e+01
1.129000000000000000e+03,-1.768449499999999830e+01
1.129099999999999909e+03,-1.335837800000000009e+01
1.129200000000000045e+03,-1.321901500000000063e+01
1.129299999999999955e+03,-1.307974899999999963e+01
1.129400000000000091e+03,-1.154339900000000085e+01
1.129500000000000000e+03,-1.142830099999999938e+01
1.129599999999999909e+03,-1.186100700000000074e+01
1.129700000000000045e+03,-1.173756799999999956e+01
1.129799999999999955e+03,-1.161296399999999984e+01
1.129900000000000091e+03,-1.176061299999999932e+01
1.130000000000000000e+03,-1.163208500000000001e+01
1.130099999999999909e+03,-9.750859000000000165e+00
1.130200000000000045e+03,-9.656788000000000594e+00
1.130299999999999955e+03,-9.562955999999999790e+00
1.130400000000000091e+03,-8.902742999999999185e+00
1.130500000000000000e+03,-8.817814999999999515e+00
1.130599999999999909e+03,-8.995829999999999771e+00
1.130700000000000045e+03,-8.907178999999999292e+00
1.130799999999999955e+03,-8.818020999999999887e+00
1.130900000000000091e+03,-8.860913000000000039e+00
1.131000000000000000e+03,-8.769985999999999393e+00
1.131099999999999909e+03,-8.175921000000000660e+00
1.131200000000000045e+03,-8.094742999999999356e+00
1.131299999999999955e+03,-8.013609999999999900e+00
1.131400000000000091e+03,-7.782586000000000226e+00
1.131500000000000000e+03,-7.703894000000000020e+00
1.131599999999999909e+03,-7.715421000000000085e+00
1.131700000000000045e+03,-7.635542000000000051e+00
1.131799999999999955e+03,-7.555363999999999969e+00
1.131900000000000091e+03,-7.526290999999999620e+00
1.132000000000000000e+03,-7.445543999999999940e+00
1.132099999999999909e+03,-7.652974999999999639e+00
1.132200000000000045e+03,-7.565845000000000375e+00
1.132299999999999955e+03,-7.478604999999999947e+00
1.132400000000000091e+03,-7.452665999999999791e+00
1.132500000000000000e+03,-7.364984999999999893e+00
1.132599999999999909e+03,-7.279346999999999568e+00
1.132700000000000045e+03,-7.191699999999999982e+00
1.132799999999999955e+03,-7.104070000000000107e+00
1.132900000000000091e+03,-7.025488000000000177e+00
1.133000000000000000e+03,-6.937732999999999706e+00
1.133099999999999909e+03,-7.775402999999999842e+00
1.133200000000000045e+03,-7.662030999999999814e+00
1.133299999999999955e+03,-7.548280000000000101e+00
1.133400000000000091e+03,-7.606214999999999726e+00
1.133500000000000000e+03,-7.490959000000000145e+00
1.133599999999999909e+03,-7.334120000000000417e+00
1.133700000000000045e+03,-7.220157999999999632e+00
1.133799999999999955e+03,-7.106239999999999668e+00
1.133900000000000091e+03,-6.990085999999999800e+00
1.134000000000000000e+03,-6.875964999999999883e+00
1.134099999999999909e+03,-6.767701999999999884e+00
1.134200000000000045e+03,-6.653448000000000029e+00
1.134299999999999955e+03,-6.539206000000000074e+00
1.134400000000000091e+03,-6.429659000000000013e+00
1.134500000000000000e+03,-6.315294999999999881e+00
1.134599999999999909e+03,-6.204822000000000060e+00
1.134700000000000045e+03,-6.090370000000000061e+00
1.134799999999999955e+03,-5.975939000000000334e+00
1.134900000000000091e+03,-5.864791000000000309e+00
1.135000000000000000e+03,-5.750281000000000198e+00
1.135099999999999909e+03,-4.819333000000000311e+00
1.135200000000000045e+03,-4.733367000000000324e+00
1.135299999999999955e+03,-4.647414999999999630e+00
1.135400000000000091e+03,-4.287151999999999852e+00
1.135500000000000000e+03,-4.209490999999999872e+00
1.135599999999999909e+03,-4.234136000000000344e+00
1.135700000000000045e+03,-4.153779000000000110e+00
1.135799999999999955e+03,-4.072872000000000270e+00
1.135900000000000091e+03,-4.041504999999999903e+00
1.136000000000000000e+03,-3.959424999999999972e+00
1.136099999999999909e+03,-1.956372999999999918e+00
1.136200000000000045e+03,-1.930554000000000103e+00
1.136299999999999955e+03,-1.904740000000000100e+00
1.136400000000000091e+03,-1.209222000000000019e+00
1.136500000000000000e+03,-1.194887999999999950e+00
1.136599999999999909e+03,-1.429016000000000064e+00
1.136700000000000045e+03,-1.411081999999999947e+00
1.136799999999999955e+03,-1.392676999999999943e+00
1.136900000000000091e+03,-1.493025999999999964e+00
1.137000000000000000e+03,-1.472858000000000001e+00
1.137099999999999909e+03,1.696189999999999920e-01
1.137200000000000045e+03,1.700190000000000035e-01
1.137299999999999955e+03,1.704189999999999872e-01
1.137400000000000091e+03,5.667980000000000240e-01
1.137500000000000000e+03,5.663369999999999793e-01
1.137599999999999909e+03,4.862020000000000231e-01
1.137700000000000045e+03,4.858000000000000096e-01
1.137799999999999955e+03,4.853970000000000229e-01
1.137900000000000091e+03,4.198009999999999797e-01
1.138000000000000000e+03,4.194890000000000008e-01
1.138099999999999909e+03,1.307522999999999991e+00
1.138200000000000045e+03,1.309271000000000074e+00
1.138299999999999955e+03,1.311018999999999934e+00
1.138400000000000091e+03,1.690042000000000044e+00
1.138500000000000000e+03,1.694730000000000070e+00
1.138599999999999909e+03,1.469424999999999981e+00
1.138700000000000045e+03,1.472183999999999937e+00
1.138799999999999955e+03,1.474942999999999893e+00
1.138900000000000091e+03,1.316082999999999892e+00
1.139000000000000000e+03,1.317758999999999903e+00
1.139099999999999909e+03,1.747189000000000103e+00
1.139200000000000045e+03,1.752189999999999914e+00
1.139299999999999955e+03,1.757190000000000030e+00
1.139400000000000091e+03,1.883669000000000038e+00
1.139500000000000000e+03,1.889869999999999939e+00
1.139599999999999909e+03,1.709553000000000100e+00
1.139700000000000045e+03,1.713962999999999903e+00
1.139799999999999955e+03,1.718371000000000093e+00
1.139900000000000091e+03,1.597118999999999955e+00
1.140000000000000000e+03,1.600489000000000051e+00
1.140099999999999909e+03,2.073176999999999826e+00
1.140200000000000045e+03,2.081036000000000108e+00
1.140299999999999955e+03,2.088893999999999807e+00
1.140400000000000091e+03,2.239040000000000141e+00
1.140500000000000000e+03,2.248561000000000032e+00
1.140599999999999909e+03,2.073939999999999895e+00
1.140700000000000045e+03,2.081342999999999943e+00
1.140799999999999955e+03,2.088743000000000016e+00
1.140900000000000091e+03,1.971459000000000072e+00
1.141000000000000000e+03,1.977584000000000009e+00
1.141099999999999909e+03,4.207130000000000258e+00
1.141200000000000045e+03,4.251801000000000386e+00
1.141299999999999955e+03,4.296465999999999674e+00
1.141400000000000091e+03,5.117348999999999926e+00
1.141500000000000000e+03,5.182173999999999836e+00
1.141599999999999909e+03,4.522944999999999993e+00
1.141700000000000045e+03,4.569164999999999921e+00
1.141799999999999955e+03,4.615376999999999619e+00
1.141900000000000091e+03,4.150674000000000419e+00
1.142000000000000000e+03,4.185945000000000249e+00
1.142099999999999909e+03,8.510125999999999635e+00
1.142200000000000045e+03,8.677310999999999552e+00
1.142299999999999955e+03,8.844474999999999199e+00
1.142400000000000091e+03,1.051997899999999930e+01
1.142500000000000000e+03,1.075047799999999931e+01
1.142599999999999909e+03,9.418720000000000425e+00
1.142700000000000045e+03,9.585648000000000835e+00
1.142799999999999955e+03,9.752549999999999386e+00
1.142900000000000091e+03,8.792360999999999649e+00
1.143000000000000000e+03,8.921798000000000783e+00
1.143099999999999909e+03,1.116156299999999924e+01
1.143200000000000045e+03,1.136317599999999928e+01
1.143299999999999955e+03,1.156475000000000009e+01
1.143400000000000091e+03,1.235569300000000048e+01
1.143500000000000000e+03,1.257872500000000038e+01
1.143599999999999909e+03,1.169244999999999912e+01
1.143700000000000045e+03,1.187678499999999993e+01
1.143799999999999955e+03,1.206146599999999935e+01
1.143900000000000091e+03,1.147289699999999968e+01
1.144000000000000000e+03,1.163388499999999937e+01
1.144099999999999909e+03,4.370426000000000144e+00
1.144200000000000045e+03,4.387006999999999657e+00
1.144299999999999955e+03,4.403579999999999828e+00
1.144400000000000091e+03,1.811536999999999953e+00
1.144500000000000000e+03,1.812165000000000026e+00
1.144599999999999909e+03,3.604379999999999917e+00
1.144700000000000045e+03,3.613995000000000068e+00
1.144799999999999955e+03,3.623606999999999800e+00
1.144900000000000091e+03,4.904476999999999975e+00
1.145000000000000000e+03,4.925576000000000398e+00
1.145099999999999909e+03,-4.286559999999999704e+00
1.145200000000000045e+03,-4.232788000000000217e+00
1.145299999999999955e+03,-4.189366999999999841e+00
1.145400000000000091e+03,-2.324462000000000028e+00
1.145500000000000000e+03,-2.309006000000000114e+00
1.145599999999999909e+03,8.805129999999999901e-01
1.145700000000000045e+03,8.799649999999999972e-01
1.145799999999999955e+03,8.794180000000000330e-01
1.145900000000000091e+03,1.686091000000000006e+00
1.146000000000000000e+03,1.686507999999999896e+00
1.146099999999999909e+03,-6.496938000000000102e+00
1.146200000000000045e+03,-6.387392000000000181e+00
1.146299999999999955e+03,-6.286519000000000190e+00
1.146400000000000091e+03,-5.942834999999999646e+00
1.146500000000000000e+03,-5.859427000000000163e+00
1.146599999999999909e+03,-3.890131999999999923e+00
1.146700000000000045e+03,-3.848678000000000043e+00
1.146799999999999955e+03,-3.807234999999999925e+00
1.146900000000000091e+03,-3.331137000000000015e+00
1.147000000000000000e+03,-3.297501000000000015e+00
1.147099999999999909e+03,-9.270319999999999894e+00
1.147200000000000045e+03,-9.017210999999999643e+00
1.147299999999999955e+03,-8.759643999999999764e+00
1.147400000000000091e+03,-9.539557000000000286e+00
1.147500000000000000e+03,-9.263643000000000072e+00
1.147599999999999909e+03,-8.672107999999999706e+00
1.147700000000000045e+03,-8.414592000000000738e+00
1.147799999999999955e+03,-8.157083000000000084e+00
1.147900000000000091e+03,-7.839495999999999576e+00
1.148000000000000000e+03,-7.585810999999999638e+00
1.148099999999999909e+03,-4.984897000000000133e+00
1.148200000000000045e+03,-4.862771999999999650e+00
1.148299999999999955e+03,-4.740661000000000236e+00
1.148400000000000091e+03,-3.842435000000000045e+00
1.148500000000000000e+03,-3.752216000000000218e+00
1.148599999999999909e+03,-3.949918999999999958e+00
1.148700000000000045e+03,-3.849139000000000088e+00
1.148799999999999955e+03,-3.746855000000000047e+00
1.148900000000000091e+03,-3.774677000000000060e+00
1.149000000000000000e+03,-3.667530000000000179e+00
1.149099999999999909e+03,-1.616031999999999913e+00
1.149200000000000045e+03,-1.588090000000000002e+00
1.149299999999999955e+03,-1.560151000000000066e+00
1.149400000000000091e+03,-8.709820000000000340e-01
1.149500000000000000e+03,-8.573110000000000452e-01
1.149599999999999909e+03,-1.104417999999999900e+00
1.149700000000000045e+03,-1.086022999999999961e+00
1.149799999999999955e+03,-1.066999999999999948e+00
1.149900000000000091e+03,-1.170873000000000053e+00
1.150000000000000000e+03,-1.149378999999999929e+00
1.150099999999999909e+03,6.988900000000000112e-01
1.150200000000000045e+03,6.986120000000000108e-01
1.150299999999999955e+03,6.983350000000000390e-01
1.150400000000000091e+03,1.370179000000000036e+00
1.150500000000000000e+03,1.374343000000000092e+00
1.150599999999999909e+03,1.196617999999999959e+00
1.150700000000000045e+03,1.199003999999999959e+00
1.150799999999999955e+03,1.201389000000000040e+00
1.150900000000000091e+03,1.062313999999999981e+00
1.151000000000000000e+03,1.063619000000000092e+00
1.151099999999999909e+03,9.788860000000000339e-01
1.151200000000000045e+03,9.796610000000000040e-01
1.151299999999999955e+03,9.804349999999999454e-01
1.151400000000000091e+03,9.294400000000000439e-01
1.151500000000000000e+03,9.299429999999999641e-01
1.151599999999999909e+03,8.993489999999999540e-01
1.151700000000000045e+03,8.997049999999999770e-01
1.151799999999999955e+03,9.000599999999999712e-01
1.151900000000000091e+03,8.814750000000000085e-01
1.152000000000000000e+03,8.817479999999999762e-01
1.152099999999999909e+03,5.062236000000000402e+00
1.152200000000000045e+03,5.182614000000000054e+00
1.152299999999999955e+03,5.302996000000000265e+00
1.152400000000000091e+03,7.035277999999999921e+00
1.152500000000000000e+03,7.242784999999999584e+00
1.152599999999999909e+03,6.046365999999999907e+00
1.152700000000000045e+03,6.179736000000000118e+00
1.152799999999999955e+03,6.313098000000000098e+00
1.152900000000000091e+03,5.410662000000000305e+00
1.153000000000000000e+03,5.502333000000000141e+00
1.153099999999999909e+03,1.047214999999999918e+01
1.153200000000000045e+03,1.081646100000000033e+01
1.153299999999999955e+03,1.116074599999999961e+01
1.153400000000000091e+03,1.322176800000000085e+01
1.153500000000000000e+03,1.367656400000000083e+01
1.153599999999999909e+03,1.201663899999999963e+01
1.153700000000000045e+03,1.234327500000000022e+01
1.153799999999999955e+03,1.266986900000000027e+01
1.153900000000000091e+03,1.144756399999999985e+01
1.154000000000000000e+03,1.169955000000000034e+01
1.154099999999999909e+03,1.607733599999999896e+01
1.154200000000000045e+03,1.654060600000000036e+01
1.154299999999999955e+03,1.700381300000000095e+01
1.154400000000000091e+03,1.877087999999999823e+01
1.154500000000000000e+03,1.930568099999999987e+01
1.154599999999999909e+03,1.781592600000000104e+01
1.154700000000000045e+03,1.824616699999999980e+01
1.154799999999999955e+03,1.867627900000000096e+01
1.154900000000000091e+03,1.765474199999999882e+01
1.155000000000000000e+03,1.802101400000000098e+01
1.155099999999999909e+03,1.451961499999999994e+01
1.155200000000000045e+03,1.474390600000000084e+01
1.155299999999999955e+03,1.496811100000000039e+01
1.155400000000000091e+03,1.359571299999999994e+01
1.155500000000000000e+03,1.377341700000000024e+01
1.155599999999999909e+03,1.453627799999999937e+01
1.155700000000000045e+03,1.472992600000000074e+01
1.155799999999999955e+03,1.492349199999999954e+01
1.155900000000000091e+03,1.558934999999999960e+01
1.156000000000000000e+03,1.579559700000000078e+01
1.156099999999999909e+03,1.291144199999999920e+01
1.156200000000000045e+03,1.304209600000000080e+01
1.156299999999999955e+03,1.317268600000000056e+01
1.156400000000000091e+03,1.231205600000000011e+01
1.156500000000000000e+03,1.242258099999999921e+01
1.156599999999999909e+03,1.366857000000000077e+01
1.156700000000000045e+03,1.380165299999999995e+01
1.156799999999999955e+03,1.393466699999999925e+01
1.156900000000000091e+03,1.488238800000000062e+01
1.157000000000000000e+03,1.503218900000000069e+01
1.157099999999999909e+03,1.632064099999999840e+01
1.157200000000000045e+03,1.649522800000000089e+01
1.157299999999999955e+03,1.666972399999999865e+01
1.157400000000000091e+03,1.740156299999999945e+01
1.157500000000000000e+03,1.758827499999999944e+01
1.157599999999999909e+03,1.781261100000000042e+01
1.157700000000000045e+03,1.799951700000000088e+01
1.157799999999999955e+03,1.818630599999999831e+01
1.157900000000000091e+03,1.839748000000000161e+01
1.158000000000000000e+03,1.858455800000000124e+01
1.158099999999999909e+03,2.019292099999999834e+01
1.158200000000000045e+03,2.041099499999999978e+01
1.158299999999999955e+03,2.062892899999999941e+01
1.158400000000000091e+03,2.138151900000000083e+01
1.158500000000000000e+03,2.161110700000000051e+01
1.158599999999999909e+03,2.147998899999999978e+01
1.158700000000000045e+03,2.170134900000000044e+01
1.158799999999999955e+03,2.192256000000000071e+01
1.158900000000000091e+03,2.188716700000000159e+01
1.159000000000000000e+03,2.210271499999999989e+01
1.159099999999999909e+03,1.375438800000000050e+01
1.159200000000000045e+03,1.382955199999999962e+01
1.159299999999999955e+03,1.390465599999999924e+01
1.159400000000000091e+03,1.103510400000000047e+01
1.159500000000000000e+03,1.107880699999999941e+01
1.159599999999999909e+03,1.349650899999999965e+01
1.159700000000000045e+03,1.356459000000000081e+01
1.159799999999999955e+03,1.363261499999999948e+01
1.159900000000000091e+03,1.538753999999999955e+01
1.160000000000000000e+03,1.547558000000000078e+01
1.160099999999999909e+03,1.500752499999999934e+01
1.160200000000000045e+03,1.508857099999999996e+01
1.160299999999999955e+03,1.517020600000000030e+01
1.160400000000000091e+03,1.534527399999999986e+01
1.160500000000000000e+03,1.542845699999999987e+01
1.160599999999999909e+03,1.637281700000000129e+01
1.160700000000000045e+03,1.646652999999999878e+01
1.160799999999999955e+03,1.656017900000000154e+01
1.160900000000000091e+03,1.723729900000000015e+01
1.161000000000000000e+03,1.733831899999999848e+01
1.161099999999999909e+03,1.687856199999999873e+01
1.161200000000000045e+03,1.697229199999999949e+01
1.161299999999999955e+03,1.706595599999999990e+01
1.161400000000000091e+03,1.703976700000000122e+01
1.161500000000000000e+03,1.713082100000000096e+01
1.161599999999999909e+03,1.757715100000000064e+01
1.161700000000000045e+03,1.766947299999999998e+01
1.161799999999999955e+03,1.776179300000000083e+01
1.161900000000000091e+03,1.811162500000000009e+01
1.162000000000000000e+03,1.820674199999999843e+01
1.162099999999999909e+03,1.247581300000000049e+01
1.162200000000000045e+03,1.251514399999999938e+01
1.162299999999999955e+03,1.255444100000000063e+01
1.162400000000000091e+03,1.064610300000000009e+01
1.162500000000000000e+03,1.067211200000000026e+01
1.162599999999999909e+03,1.242855400000000010e+01
1.162700000000000045e+03,1.246713600000000000e+01
1.162799999999999955e+03,1.250586299999999973e+01
1.162900000000000091e+03,1.376568800000000081e+01
1.163000000000000000e+03,1.381390700000000038e+01
1.163099999999999909e+03,1.636232599999999948e+01
1.163200000000000045e+03,1.643328999999999951e+01
1.163299999999999955e+03,1.650421100000000152e+01
1.163400000000000091e+03,1.767334999999999923e+01
1.163500000000000000e+03,1.775523799999999852e+01
1.163599999999999909e+03,1.763503000000000043e+01
1.163700000000000045e+03,1.771474399999999960e+01
1.163799999999999955e+03,1.779441100000000020e+01
1.163900000000000091e+03,1.764112499999999883e+01
1.164000000000000000e+03,1.771837299999999971e+01
1.164099999999999909e+03,1.415576100000000004e+01
1.164200000000000045e+03,1.420096599999999931e+01
1.164299999999999955e+03,1.424617600000000017e+01
1.164400000000000091e+03,1.299411399999999972e+01
1.164500000000000000e+03,1.302993000000000023e+01
1.164599999999999909e+03,1.396288400000000074e+01
1.164700000000000045e+03,1.400491399999999942e+01
1.164799999999999955e+03,1.404691500000000026e+01
1.164900000000000091e+03,1.474056500000000014e+01
1.165000000000000000e+03,1.478738500000000045e+01
1.165099999999999909e+03,1.700526899999999841e+01
1.165200000000000045e+03,1.706983400000000017e+01
1.165299999999999955e+03,1.713435799999999887e+01
1.165400000000000091e+03,1.811486000000000018e+01
1.165500000000000000e+03,1.818724900000000133e+01
1.165599999999999909e+03,1.800072099999999864e+01
1.165700000000000045e+03,1.807021100000000047e+01
1.165799999999999955e+03,1.813976600000000161e+01
1.165900000000000091e+03,1.802166799999999824e+01
1.166000000000000000e+03,1.808939600000000070e+01
1.166099999999999909e+03,1.455465300000000006e+01
1.166200000000000045e+03,1.459458799999999989e+01
1.166299999999999955e+03,1.463449100000000058e+01
1.166400000000000091e+03,1.329640299999999975e+01
1.166500000000000000e+03,1.332756400000000063e+01
1.166599999999999909e+03,1.415022800000000025e+01
1.166700000000000045e+03,1.418620800000000060e+01
1.166799999999999955e+03,1.422215800000000030e+01
1.166900000000000091e+03,1.485623400000000061e+01
1.167000000000000000e+03,1.489593600000000073e+01
1.167099999999999909e+03,1.533607600000000026e+01
1.167200000000000045e+03,1.537836000000000070e+01
1.167299999999999955e+03,1.542060799999999965e+01
1.167400000000000091e+03,1.573479099999999953e+01
1.167500000000000000e+03,1.577879300000000029e+01
1.167599999999999909e+03,1.600999300000000147e+01
1.167700000000000045e+03,1.605519599999999869e+01
1.167799999999999955e+03,1.610026500000000027e+01
1.167900000000000091e+03,1.627881800000000112e+01
1.168000000000000000e+03,1.632467000000000112e+01
1.168099999999999909e+03,1.472704500000000039e+01
1.168200000000000045e+03,1.476225400000000043e+01
1.168299999999999955e+03,1.479743299999999984e+01
1.168400000000000091e+03,1.420962399999999981e+01
1.168500000000000000e+03,1.424114199999999997e+01
1.168599999999999909e+03,1.469645200000000074e+01
1.168700000000000045e+03,1.473033700000000046e+01
1.168799999999999955e+03,1.476419199999999954e+01
1.168900000000000091e+03,1.512347499999999911e+01
1.169000000000000000e+03,1.515886800000000001e+01
1.169099999999999909e+03,1.629096900000000048e+01
1.169200000000000045e+03,1.633303400000000138e+01
1.169299999999999955e+03,1.637505900000000025e+01
1.169400000000000091e+03,1.693517399999999995e+01
1.169500000000000000e+03,1.698043200000000041e+01
1.169599999999999909e+03,1.696830599999999833e+01
1.169700000000000045e+03,1.701310900000000004e+01
1.169799999999999955e+03,1.705787000000000120e+01
1.169900000000000091e+03,1.705709999999999837e+01
1.170000000000000000e+03,1.710148600000000130e+01
1.170099999999999909e+03,1.365382400000000018e+01
1.170200000000000045e+03,1.367853400000000086e+01
1.170299999999999955e+03,1.370321900000000070e+01
1.170400000000000091e+03,1.227316500000000055e+01
1.170500000000000000e+03,1.229127199999999931e+01
1.170599999999999909e+03,1.296755899999999961e+01
1.170700000000000045e+03,1.298846699999999998e+01
1.170799999999999955e+03,1.300935300000000083e+01
1.170900000000000091e+03,1.355061500000000052e+01
1.171000000000000000e+03,1.357381799999999927e+01
1.171099999999999909e+03,1.569453000000000031e+01
1.171200000000000045e+03,1.572832000000000008e+01
1.171299999999999955e+03,1.576207800000000070e+01
1.171400000000000091e+03,1.679288299999999978e+01
1.171500000000000000e+03,1.683226099999999903e+01
1.171599999999999909e+03,1.674114199999999997e+01
1.171700000000000045e+03,1.677968399999999960e+01
1.171799999999999955e+03,1.681818700000000177e+01
1.171900000000000091e+03,1.674396899999999988e+01
1.172000000000000000e+03,1.678175399999999939e+01
1.172099999999999909e+03,1.674804800000000071e+01
1.172200000000000045e+03,1.678535300000000063e+01
1.172299999999999955e+03,1.682262199999999908e+01
1.172400000000000091e+03,1.681770200000000060e+01
1.172500000000000000e+03,1.685466100000000012e+01
1.172599999999999909e+03,1.687012899999999860e+01
1.172700000000000045e+03,1.690689599999999970e+01
1.172799999999999955e+03,1.694340400000000102e+01
1.172900000000000091e+03,1.697279100000000085e+01
1.173000000000000000e+03,1.700911400000000029e+01
1.173099999999999909e+03,1.531987499999999969e+01
1.173200000000000045e+03,1.534728699999999968e+01
1.173299999999999955e+03,1.537466799999999978e+01
1.173400000000000091e+03,1.465603199999999973e+01
1.173500000000000000e+03,1.467993300000000012e+01
1.173599999999999909e+03,1.500307600000000008e+01
1.173700000000000045e+03,1.502826800000000063e+01
1.173799999999999955e+03,1.505343200000000081e+01
1.173900000000000091e+03,1.532551800000000064e+01
1.174000000000000000e+03,1.535175199999999940e+01
1.174099999999999909e+03,1.728744700000000023e+01
1.174200000000000045e+03,1.732310800000000128e+01
1.174299999999999955e+03,1.735873000000000133e+01
1.174400000000000091e+03,1.829819799999999930e+01
1.174500000000000000e+03,1.833868999999999971e+01
1.174599999999999909e+03,1.820897000000000077e+01
1.174700000000000045e+03,1.824843100000000007e+01
1.174799999999999955e+03,1.828784900000000135e+01
1.174900000000000091e+03,1.818715200000000110e+01
1.175000000000000000e+03,1.822572200000000109e+01
1.175099999999999909e+03,1.386328100000000063e+01
1.175200000000000045e+03,1.388139400000000023e+01
1.175299999999999955e+03,1.389948700000000059e+01
1.175400000000000091e+03,1.192654199999999953e+01
1.175500000000000000e+03,1.193770199999999981e+01
1.175599999999999909e+03,1.255888000000000027e+01
1.175700000000000045e+03,1.257197799999999965e+01
1.175799999999999955e+03,1.258506099999999961e+01
1.175900000000000091e+03,1.310934699999999964e+01
1.176000000000000000e+03,1.312412999999999919e+01
1.176099999999999909e+03,1.437420099999999934e+01
1.176200000000000045e+03,1.439352500000000035e+01
1.176299999999999955e+03,1.441282700000000006e+01
1.176400000000000091e+03,1.509891599999999912e+01
1.176500000000000000e+03,1.512083499999999958e+01
1.176599999999999909e+03,1.522135199999999955e+01
1.176700000000000045e+03,1.524354199999999970e+01
1.176799999999999955e+03,1.526570700000000080e+01
1.176900000000000091e+03,1.533715899999999976e+01
1.177000000000000000e+03,1.535948899999999995e+01
1.177099999999999909e+03,1.542213600000000007e+01
1.177200000000000045e+03,1.544458000000000020e+01
1.177299999999999955e+03,1.546699699999999922e+01
1.177400000000000091e+03,1.552399499999999932e+01
1.177500000000000000e+03,1.554650200000000027e+01
1.177599999999999909e+03,1.559942500000000010e+01
1.177700000000000045e+03,1.562190799999999946e+01
1.177799999999999955e+03,1.564432900000000082e+01
1.177900000000000091e+03,1.569434500000000021e+01
1.178000000000000000e+03,1.571682299999999977e+01
1.178099999999999909e+03,1.490613600000000005e+01
1.178200000000000045e+03,1.492528700000000086e+01
1.178299999999999955e+03,1.494441400000000009e+01
1.178400000000000091e+03,1.459114399999999989e+01
1.178500000000000000e+03,1.460884099999999997e+01
1.178599999999999909e+03,1.476546199999999942e+01
1.178700000000000045e+03,1.478362399999999965e+01
1.178799999999999955e+03,1.480176400000000037e+01
1.178900000000000091e+03,1.493898300000000035e+01
1.179000000000000000e+03,1.495751699999999929e+01
1.179099999999999909e+03,1.335322900000000068e+01
1.179200000000000045e+03,1.336613200000000035e+01
1.179299999999999955e+03,1.337901899999999955e+01
1.179400000000000091e+03,1.266714699999999993e+01
1.179500000000000000e+03,1.267780400000000007e+01
1.179599999999999909e+03,1.296920300000000026e+01
1.179700000000000045e+03,1.298066299999999984e+01
1.179799999999999955e+03,1.299210799999999999e+01
1.179900000000000091e+03,1.323837800000000087e+01
1.180000000000000000e+03,1.325050300000000014e+01
1.180099999999999909e+03,1.343980099999999922e+01
1.180200000000000045e+03,1.345244199999999957e+01
1.180299999999999955e+03,1.346506699999999945e+01
1.180400000000000091e+03,1.361204900000000073e+01
1.180500000000000000e+03,1.362506100000000053e+01
1.180599999999999909e+03,1.374040399999999984e+01
1.180700000000000045e+03,1.375370500000000007e+01
1.180799999999999955e+03,1.376698900000000059e+01
1.180900000000000091e+03,1.385922599999999960e+01
1.181000000000000000e+03,1.387272600000000011e+01
1.181099999999999909e+03,1.394770199999999960e+01
1.181200000000000045e+03,1.396136300000000041e+01
1.181299999999999955e+03,1.397500600000000048e+01
1.181400000000000091e+03,1.403741600000000034e+01
1.181500000000000000e+03,1.405118900000000082e+01
1.181599999999999909e+03,1.410423899999999975e+01
1.181700000000000045e+03,1.411810200000000037e+01
1.181799999999999955e+03,1.413194700000000026e+01
1.181900000000000091e+03,1.417818600000000018e+01
1.182000000000000000e+03,1.419209799999999966e+01
1.182099999999999909e+03,1.423327100000000023e+01
1.182200000000000045e+03,1.424723499999999987e+01
1.182299999999999955e+03,1.426117999999999952e+01
1.182400000000000091e+03,1.429871699999999990e+01
1.182500000000000000e+03,1.431270100000000056e+01
1.182599999999999909e+03,1.434755400000000058e+01
1.182700000000000045e+03,1.436156800000000011e+01
1.182799999999999955e+03,1.437556400000000068e+01
1.182900000000000091e+03,1.440853099999999998e+01
1.183000000000000000e+03,1.442254999999999932e+01
1.183099999999999909e+03,1.530981000000000058e+01
1.183200000000000045e+03,1.532668600000000048e+01
1.183299999999999955e+03,1.534354000000000084e+01
1.183400000000000091e+03,1.578417699999999968e+01
1.183500000000000000e+03,1.580246700000000004e+01
1.183599999999999909e+03,1.573690299999999986e+01
1.183700000000000045e+03,1.575484900000000010e+01
1.183799999999999955e+03,1.577277100000000054e+01
1.183900000000000091e+03,1.572097400000000000e+01
1.184000000000000000e+03,1.573860600000000076e+01
1.184099999999999909e+03,1.570832300000000004e+01
1.184200000000000045e+03,1.572574200000000033e+01
1.184299999999999955e+03,1.574313899999999933e+01
1.184400000000000091e+03,1.572919599999999996e+01
1.184500000000000000e+03,1.574643999999999977e+01
1.184599999999999909e+03,1.574488200000000049e+01
1.184700000000000045e+03,1.576190599999999975e+01
1.184799999999999955e+03,1.577890599999999921e+01
1.184900000000000091e+03,1.578668099999999974e+01
1.185000000000000000e+03,1.580360399999999998e+01
1.185099999999999909e+03,1.410980900000000027e+01
1.185200000000000045e+03,1.412134200000000028e+01
1.185299999999999955e+03,1.413285800000000059e+01
1.185400000000000091e+03,1.332543899999999937e+01
1.185500000000000000e+03,1.333467100000000016e+01
1.185599999999999909e+03,1.353595800000000082e+01
1.185700000000000045e+03,1.354567300000000074e+01
1.185799999999999955e+03,1.355537400000000048e+01
1.185900000000000091e+03,1.373583499999999979e+01
1.186000000000000000e+03,1.374596900000000055e+01
1.186099999999999909e+03,1.303607599999999955e+01
1.186200000000000045e+03,1.304430299999999932e+01
1.186299999999999955e+03,1.305251799999999918e+01
1.186400000000000091e+03,1.275152899999999967e+01
1.186500000000000000e+03,1.275896299999999961e+01
1.186599999999999909e+03,1.293765800000000077e+01
1.186700000000000045e+03,1.294548799999999922e+01
1.186799999999999955e+03,1.295330700000000057e+01
1.186900000000000091e+03,1.310457700000000081e+01
1.187000000000000000e+03,1.311272699999999958e+01
1.187099999999999909e+03,1.493875799999999998e+01
1.187200000000000045e+03,1.495187800000000067e+01
1.187299999999999955e+03,1.496497899999999959e+01
1.187400000000000091e+03,1.589538399999999996e+01
1.187500000000000000e+03,1.591130700000000076e+01
1.187599999999999909e+03,1.581990700000000061e+01
1.187700000000000045e+03,1.583543899999999915e+01
1.187799999999999955e+03,1.585094999999999921e+01
1.187900000000000091e+03,1.576755099999999921e+01
1.188000000000000000e+03,1.578270400000000073e+01
1.188099999999999909e+03,1.487347199999999958e+01
1.188200000000000045e+03,1.488578099999999971e+01
1.188299999999999955e+03,1.489807200000000087e+01
1.188400000000000091e+03,1.444423399999999980e+01
1.188500000000000000e+03,1.445517399999999952e+01
1.188599999999999909e+03,1.451765299999999925e+01
1.188700000000000045e+03,1.452870399999999940e+01
1.188799999999999955e+03,1.453974000000000011e+01
1.188900000000000091e+03,1.460435400000000072e+01
1.189000000000000000e+03,1.461550699999999914e+01
1.189099999999999909e+03,1.552392399999999917e+01
1.189200000000000045e+03,1.553764299999999920e+01
1.189299999999999955e+03,1.555134200000000000e+01
1.189400000000000091e+03,1.602085800000000049e+01
1.189500000000000000e+03,1.603592199999999934e+01
1.189599999999999909e+03,1.600053399999999826e+01
1.189700000000000045e+03,1.601539899999999861e+01
1.189799999999999955e+03,1.603024200000000121e+01
1.189900000000000091e+03,1.600064800000000176e+01
1.190000000000000000e+03,1.601531200000000155e+01
1.190099999999999909e+03,1.514844300000000032e+01
1.190200000000000045e+03,1.516045100000000012e+01
1.190299999999999955e+03,1.517244200000000021e+01
1.190400000000000091e+03,1.474734199999999973e+01
1.190500000000000000e+03,1.475808999999999926e+01
1.190599999999999909e+03,1.484016899999999950e+01
1.190700000000000045e+03,1.485107900000000036e+01
1.190799999999999955e+03,1.486197300000000077e+01
1.190900000000000091e+03,1.494193399999999983e+01
1.191000000000000000e+03,1.495298400000000072e+01
1.191099999999999909e+03,1.672462099999999907e+01
1.191200000000000045e+03,1.674086000000000141e+01
1.191299999999999955e+03,1.675707600000000141e+01
1.191400000000000091e+03,1.766301299999999941e+01
1.191500000000000000e+03,1.768210399999999893e+01
1.191599999999999909e+03,1.758527300000000082e+01
1.191700000000000045e+03,1.760391900000000120e+01
1.191799999999999955e+03,1.762253899999999973e+01
1.191900000000000091e+03,1.753736699999999971e+01
1.192000000000000000e+03,1.755558900000000122e+01
1.192099999999999909e+03,1.494586999999999932e+01
1.192200000000000045e+03,1.495619800000000055e+01
1.192299999999999955e+03,1.496651100000000056e+01
1.192400000000000091e+03,1.365892900000000054e+01
1.192500000000000000e+03,1.366596400000000067e+01
1.192599999999999909e+03,1.386388799999999932e+01
1.192700000000000045e+03,1.387134299999999953e+01
1.192799999999999955e+03,1.387878700000000087e+01
1.192900000000000091e+03,1.406746899999999911e+01
1.193000000000000000e+03,1.407527100000000075e+01
1.193099999999999909e+03,1.422739400000000032e+01
1.193200000000000045e+03,1.423550999999999966e+01
1.193299999999999955e+03,1.424361400000000089e+01
1.193400000000000091e+03,1.436698499999999967e+01
1.193500000000000000e+03,1.437534199999999984e+01
1.193599999999999909e+03,1.447618300000000069e+01
1.193700000000000045e+03,1.448474000000000039e+01
1.193799999999999955e+03,1.449328299999999992e+01
1.193900000000000091e+03,1.457685900000000068e+01
1.194000000000000000e+03,1.458555999999999919e+01
1.194099999999999909e+03,1.380561199999999999e+01
1.194200000000000045e+03,1.381243100000000013e+01
1.194299999999999955e+03,1.381923899999999961e+01
1.194400000000000091e+03,1.345176700000000025e+01
1.194500000000000000e+03,1.345773499999999956e+01
1.194599999999999909e+03,1.357673699999999961e+01
1.194700000000000045e+03,1.358293100000000031e+01
1.194799999999999955e+03,1.358911499999999961e+01
1.194900000000000091e+03,1.369537300000000002e+01
1.195000000000000000e+03,1.370175599999999960e+01
1.195099999999999909e+03,1.378843900000000033e+01
1.195200000000000045e+03,1.379498000000000069e+01
1.195299999999999955e+03,1.380151099999999964e+01
1.195400000000000091e+03,1.387289200000000022e+01
1.195500000000000000e+03,1.387954599999999949e+01
1.195599999999999909e+03,1.393890900000000066e+01
1.195700000000000045e+03,1.394566000000000017e+01
1.195799999999999955e+03,1.395240100000000005e+01
1.195900000000000091e+03,1.400254400000000032e+01
1.196000000000000000e+03,1.400936599999999999e+01
1.196099999999999909e+03,1.490181499999999915e+01
1.196200000000000045e+03,1.491069199999999917e+01
1.196299999999999955e+03,1.491955500000000079e+01
1.196400000000000091e+03,1.538603200000000015e+01
1.196500000000000000e+03,1.539601399999999920e+01
1.196599999999999909e+03,1.536397200000000041e+01
1.196700000000000045e+03,1.537381599999999970e+01
1.196799999999999955e+03,1.538364499999999957e+01
1.196900000000000091e+03,1.535432999999999915e+01
1.197000000000000000e+03,1.536403100000000066e+01
1.197099999999999909e+03,1.534635699999999936e+01
1.197200000000000045e+03,1.535595900000000036e+01
1.197299999999999955e+03,1.536554600000000015e+01
1.197400000000000091e+03,1.535713999999999935e+01
1.197500000000000000e+03,1.536665299999999945e+01
1.197599999999999909e+03,1.536557499999999976e+01
1.197700000000000045e+03,1.537503300000000017e+01
1.197799999999999955e+03,1.538447700000000040e+01
1.197900000000000091e+03,1.538912000000000013e+01
1.198000000000000000e+03,1.539852300000000085e+01
1.198099999999999909e+03,1.455883700000000047e+01
1.198200000000000045e+03,1.456618800000000036e+01
1.198299999999999955e+03,1.457352799999999959e+01
1.198400000000000091e+03,1.415519600000000011e+01
1.198500000000000000e+03,1.416156900000000007e+01
1.198599999999999909e+03,1.423854200000000070e+01
1.198700000000000045e+03,1.424504899999999985e+01
1.198799999999999955e+03,1.425154599999999938e+01
1.198900000000000091e+03,1.432553099999999979e+01
1.199000000000000000e+03,1.433215500000000020e+01
1.199099999999999909e+03,1.694072299999999842e+01
1.199200000000000045e+03,1.695385500000000079e+01
1.199299999999999955e+03,1.696696700000000035e+01
1.199400000000000091e+03,1.831645800000000079e+01
1.199500000000000000e+03,1.833350499999999883e+01
1.199599999999999909e+03,1.819685399999999831e+01
1.199700000000000045e+03,1.821337600000000023e+01
1.199799999999999955e+03,1.822987300000000133e+01
1.199900000000000091e+03,1.810302499999999881e+01
1.200000000000000000e+03,1.811903500000000022e+01
1.200099999999999909e+03,1.633083299999999838e+01
1.200200000000000045e+03,1.634169400000000039e+01
1.200299999999999955e+03,1.635253900000000016e+01
1.200400000000000091e+03,1.542447300000000077e+01
1.200500000000000000e+03,1.543294900000000069e+01
1.200599999999999909e+03,1.550955899999999943e+01
1.200700000000000045e+03,1.551816999999999958e+01
1.200799999999999955e+03,1.552676800000000057e+01
1.200900000000000091e+03,1.561149799999999921e+01
1.201000000000000000e+03,1.562025099999999966e+01
1.201099999999999909e+03,1.654109599999999958e+01
1.201200000000000045e+03,1.655210900000000152e+01
1.201299999999999955e+03,1.656310500000000019e+01
1.201400000000000091e+03,1.706075399999999931e+01
1.201500000000000000e+03,1.707300800000000152e+01
1.201599999999999909e+03,1.707213300000000089e+01
1.201700000000000045e+03,1.708431399999999911e+01
1.201799999999999955e+03,1.709647599999999912e+01
1.201900000000000091e+03,1.709398499999999999e+01
1.202000000000000000e+03,1.710607100000000003e+01
1.202099999999999909e+03,1.711135499999999965e+01
1.202200000000000045e+03,1.712338400000000149e+01
1.202299999999999955e+03,1.713539499999999904e+01
1.202400000000000091e+03,1.714700300000000155e+01
1.202500000000000000e+03,1.715897599999999912e+01
1.202599999999999909e+03,1.717561800000000005e+01
1.202700000000000045e+03,1.718756600000000034e+01
1.202799999999999955e+03,1.719949599999999990e+01
1.202900000000000091e+03,1.722013099999999852e+01
1.203000000000000000e+03,1.723204700000000145e+01
1.203099999999999909e+03,1.471514999999999951e+01
1.203200000000000045e+03,1.472102100000000036e+01
1.203299999999999955e+03,1.472688400000000009e+01
1.203400000000000091e+03,1.344493399999999994e+01
1.203500000000000000e+03,1.344829000000000008e+01
1.203599999999999909e+03,1.363321099999999930e+01
1.203700000000000045e+03,1.363688400000000023e+01
1.203799999999999955e+03,1.364055199999999957e+01
1.203900000000000091e+03,1.381735800000000047e+01
1.204000000000000000e+03,1.382131799999999977e+01
1.204099999999999909e+03,1.481151499999999999e+01
1.204200000000000045e+03,1.481740199999999952e+01
1.204299999999999955e+03,1.482328000000000046e+01
1.204400000000000091e+03,1.537790399999999913e+01
1.204500000000000000e+03,1.538493199999999916e+01
1.204599999999999909e+03,1.542973300000000059e+01
1.204700000000000045e+03,1.543682100000000013e+01
1.204799999999999955e+03,1.544389800000000079e+01
1.204900000000000091e+03,1.547492500000000071e+01
1.205000000000000000e+03,1.548203099999999921e+01
1.205099999999999909e+03,1.466474099999999936e+01
1.205200000000000045e+03,1.467008900000000082e+01
1.205299999999999955e+03,1.467542800000000014e+01
1.205400000000000091e+03,1.426503100000000046e+01
1.205500000000000000e+03,1.426953899999999997e+01
1.205599999999999909e+03,1.434566500000000033e+01
1.205700000000000045e+03,1.435029600000000016e+01
1.205799999999999955e+03,1.435491799999999962e+01
1.205900000000000091e+03,1.442739199999999933e+01
1.206000000000000000e+03,1.443213100000000004e+01
1.206099999999999909e+03,1.449293100000000045e+01
1.206200000000000045e+03,1.449776300000000084e+01
1.206299999999999955e+03,1.450258799999999937e+01
1.206400000000000091e+03,1.455401699999999998e+01
1.206500000000000000e+03,1.455891699999999922e+01
1.206599999999999909e+03,1.460282699999999956e+01
1.206700000000000045e+03,1.460778799999999933e+01
1.206799999999999955e+03,1.461274000000000051e+01
1.206900000000000091e+03,1.465074700000000085e+01
1.207000000000000000e+03,1.465574699999999986e+01
1.207099999999999909e+03,1.638052400000000119e+01
1.207200000000000045e+03,1.638922300000000121e+01
1.207299999999999955e+03,1.639790800000000104e+01
1.207400000000000091e+03,1.730551099999999920e+01
1.207500000000000000e+03,1.731636100000000056e+01
1.207599999999999909e+03,1.724577499999999830e+01
1.207700000000000045e+03,1.725638500000000164e+01
1.207799999999999955e+03,1.726697700000000069e+01
1.207900000000000091e+03,1.719915800000000061e+01
1.208000000000000000e+03,1.720952099999999874e+01
1.208099999999999909e+03,1.631565900000000013e+01
1.208200000000000045e+03,1.632382600000000039e+01
1.208299999999999955e+03,1.633198000000000150e+01
1.208400000000000091e+03,1.586015699999999917e+01
1.208500000000000000e+03,1.586721400000000060e+01
1.208599999999999909e+03,1.589470500000000008e+01
1.208700000000000045e+03,1.590178300000000000e+01
1.208799999999999955e+03,1.590884999999999927e+01
1.208900000000000091e+03,1.594416099999999936e+01
1.209000000000000000e+03,1.595126600000000039e+01
1.209099999999999909e+03,1.598426100000000005e+01
1.209200000000000045e+03,1.599139899999999948e+01
1.209299999999999955e+03,1.599852600000000002e+01
1.209400000000000091e+03,1.602954400000000135e+01
1.209500000000000000e+03,1.603669899999999870e+01
1.209599999999999909e+03,1.606611499999999992e+01
1.209700000000000045e+03,1.607329599999999914e+01
1.209799999999999955e+03,1.608046500000000023e+01
1.209900000000000091e+03,1.610865199999999930e+01
1.210000000000000000e+03,1.611584300000000169e+01
1.210099999999999909e+03,1.614303400000000011e+01
1.210200000000000045e+03,1.615024500000000174e+01
1.210299999999999955e+03,1.615744499999999917e+01
1.210400000000000091e+03,1.618388500000000008e+01
1.210500000000000000e+03,1.619110299999999825e+01
1.210599999999999909e+03,1.621693199999999990e+01
1.210700000000000045e+03,1.622416700000000134e+01
1.210799999999999955e+03,1.623139000000000109e+01
1.210900000000000091e+03,1.625677200000000155e+01
1.211000000000000000e+03,1.626401100000000000e+01
1.211099999999999909e+03,1.544455899999999993e+01
1.211200000000000045e+03,1.545003799999999927e+01
1.211299999999999955e+03,1.545550800000000002e+01
1.211400000000000091e+03,1.503865399999999930e+01
1.211500000000000000e+03,1.504327999999999932e+01
1.211599999999999909e+03,1.511087099999999950e+01
1.211700000000000045e+03,1.511560200000000087e+01
1.211799999999999955e+03,1.512032499999999935e+01
1.211900000000000091e+03,1.518638299999999930e+01
1.212000000000000000e+03,1.519120900000000063e+01
1.212099999999999909e+03,1.524761299999999942e+01
1.212200000000000045e+03,1.525252300000000005e+01
1.212299999999999955e+03,1.525742400000000032e+01
1.212400000000000091e+03,1.530599100000000057e+01
1.212500000000000000e+03,1.531096100000000071e+01
1.212599999999999909e+03,1.535317599999999949e+01
1.212700000000000045e+03,1.535820200000000035e+01
1.212799999999999955e+03,1.536321900000000085e+01
1.212900000000000091e+03,1.540041000000000082e+01
1.213000000000000000e+03,1.540547300000000064e+01
1.213099999999999909e+03,1.543859600000000043e+01
1.213200000000000045e+03,1.544369700000000023e+01
1.213299999999999955e+03,1.544879000000000069e+01
1.213400000000000091e+03,1.547870299999999943e+01
1.213500000000000000e+03,1.548382800000000081e+01
1.213599999999999909e+03,1.551114199999999954e+01
1.213700000000000045e+03,1.551629199999999997e+01
1.213799999999999955e+03,1.552143399999999929e+01
1.213900000000000091e+03,1.554670600000000036e+01
1.214000000000000000e+03,1.555187100000000022e+01
1.214099999999999909e+03,1.557548800000000000e+01
1.214200000000000045e+03,1.558067199999999985e+01
1.214299999999999955e+03,1.558584600000000009e+01
1.214400000000000091e+03,1.560817300000000074e+01
1.214500000000000000e+03,1.561336400000000069e+01
1.214599999999999909e+03,1.563464500000000079e+01
1.214700000000000045e+03,1.563984999999999914e+01
1.214799999999999955e+03,1.564504699999999993e+01
1.214900000000000091e+03,1.566552000000000078e+01
1.215000000000000000e+03,1.567072899999999969e+01
1.215099999999999909e+03,1.822203000000000017e+01
1.215200000000000045e+03,1.823291599999999946e+01
1.215299999999999955e+03,1.824378300000000053e+01
1.215400000000000091e+03,1.959496100000000141e+01
1.215500000000000000e+03,1.960931000000000068e+01
1.215599999999999909e+03,1.950764500000000012e+01
1.215700000000000045e+03,1.952162799999999976e+01
1.215799999999999955e+03,1.953558800000000062e+01
1.215900000000000091e+03,1.943651300000000148e+01
1.216000000000000000e+03,1.945011999999999830e+01
1.216099999999999909e+03,1.684735399999999927e+01
1.216200000000000045e+03,1.685454999999999970e+01
1.216299999999999955e+03,1.686173499999999947e+01
1.216400000000000091e+03,1.547928899999999963e+01
1.216500000000000000e+03,1.548364800000000052e+01
1.216599999999999909e+03,1.556625400000000070e+01
1.216700000000000045e+03,1.557074500000000050e+01
1.216799999999999955e+03,1.557522900000000021e+01
1.216900000000000091e+03,1.567028499999999980e+01
1.217000000000000000e+03,1.567492500000000000e+01
1.217099999999999909e+03,1.491293800000000047e+01
1.217200000000000045e+03,1.491616400000000020e+01
1.217299999999999955e+03,1.491938500000000012e+01
1.217400000000000091e+03,1.454270799999999930e+01
1.217500000000000000e+03,1.454527099999999962e+01
1.217599999999999909e+03,1.464063499999999962e+01
1.217700000000000045e+03,1.464334599999999931e+01
1.217799999999999955e+03,1.464605099999999993e+01
1.217900000000000091e+03,1.473345100000000052e+01
1.218000000000000000e+03,1.473629000000000033e+01
1.218099999999999909e+03,1.480905800000000028e+01
1.218200000000000045e+03,1.481200699999999948e+01
1.218299999999999955e+03,1.481494999999999962e+01
1.218400000000000091e+03,1.487583500000000036e+01
1.218500000000000000e+03,1.487886800000000065e+01
1.218599999999999909e+03,1.493006800000000034e+01
1.218700000000000045e+03,1.493317300000000003e+01
1.218799999999999955e+03,1.493627299999999991e+01
1.218900000000000091e+03,1.497972299999999990e+01
1.219000000000000000e+03,1.498288200000000003e+01
1.219099999999999909e+03,1.502001899999999956e+01
1.219200000000000045e+03,1.502322599999999930e+01
1.219299999999999955e+03,1.502642699999999998e+01
1.219400000000000091e+03,1.505851799999999940e+01
1.219500000000000000e+03,1.506175799999999931e+01
1.219599999999999909e+03,1.508973899999999979e+01
1.219700000000000045e+03,1.509301199999999987e+01
1.219799999999999955e+03,1.509627799999999986e+01
1.219900000000000091e+03,1.512097999999999942e+01
1.220000000000000000e+03,1.512427199999999949e+01
1.220099999999999909e+03,1.514628800000000020e+01
1.220200000000000045e+03,1.514958799999999961e+01
1.220299999999999955e+03,1.515288199999999996e+01
1.220400000000000091e+03,1.517277299999999940e+01
1.220500000000000000e+03,1.517608500000000049e+01
1.220599999999999909e+03,1.519424599999999970e+01
1.220700000000000045e+03,1.519757199999999919e+01
1.220799999999999955e+03,1.520089199999999963e+01
1.220900000000000091e+03,1.521768199999999993e+01
1.221000000000000000e+03,1.522101499999999952e+01
1.221099999999999909e+03,1.439472300000000082e+01
1.221200000000000045e+03,1.439666399999999946e+01
1.221299999999999955e+03,1.439860099999999932e+01
1.221400000000000091e+03,1.396683999999999948e+01
1.221500000000000000e+03,1.396810499999999955e+01
1.221599999999999909e+03,1.401641099999999973e+01
1.221700000000000045e+03,1.401774200000000015e+01
1.221799999999999955e+03,1.401906999999999925e+01
1.221900000000000091e+03,1.406715299999999935e+01
1.222000000000000000e+03,1.406854700000000058e+01
1.222099999999999909e+03,1.410841800000000035e+01
1.222200000000000045e+03,1.410986600000000024e+01
1.222299999999999955e+03,1.411131100000000060e+01
1.222400000000000091e+03,1.414442000000000021e+01
1.222500000000000000e+03,1.414590800000000037e+01
1.222599999999999909e+03,1.417350000000000065e+01
1.222700000000000045e+03,1.417502299999999948e+01
1.222799999999999955e+03,1.417654300000000056e+01
1.222900000000000091e+03,1.419970499999999980e+01
1.223000000000000000e+03,1.420125299999999946e+01
1.223099999999999909e+03,1.506259400000000070e+01
1.223200000000000045e+03,1.506552499999999917e+01
1.223299999999999955e+03,1.506845200000000062e+01
1.223400000000000091e+03,1.553210499999999961e+01
1.223500000000000000e+03,1.553582399999999986e+01
1.223599999999999909e+03,1.551634600000000042e+01
1.223700000000000045e+03,1.552001100000000022e+01
1.223799999999999955e+03,1.552366899999999994e+01
1.223900000000000091e+03,1.550191000000000052e+01
1.224000000000000000e+03,1.550551100000000027e+01
1.224099999999999909e+03,1.464826700000000059e+01
1.224200000000000045e+03,1.465039999999999942e+01
1.224299999999999955e+03,1.465252800000000022e+01
1.224400000000000091e+03,1.419494700000000087e+01
1.224500000000000000e+03,1.419635300000000022e+01
1.224599999999999909e+03,1.422323599999999999e+01
1.224700000000000045e+03,1.422467499999999951e+01
1.224799999999999955e+03,1.422611299999999979e+01
1.224900000000000091e+03,1.425689299999999982e+01
1.225000000000000000e+03,1.425836999999999932e+01
1.225099999999999909e+03,1.512589400000000062e+01
1.225200000000000045e+03,1.512875700000000023e+01
1.225299999999999955e+03,1.513161599999999929e+01
1.225400000000000091e+03,1.560104199999999963e+01
1.225500000000000000e+03,1.560467099999999974e+01
1.225599999999999909e+03,1.559043100000000059e+01
1.225700000000000045e+03,1.559401599999999988e+01
1.225799999999999955e+03,1.559759599999999935e+01
1.225900000000000091e+03,1.558018299999999989e+01
1.226000000000000000e+03,1.558371299999999948e+01
1.226099999999999909e+03,1.473029499999999992e+01
1.226200000000000045e+03,1.473237800000000064e+01
1.226299999999999955e+03,1.473445700000000080e+01
1.226400000000000091e+03,1.427939300000000067e+01
1.226500000000000000e+03,1.428076100000000004e+01
1.226599999999999909e+03,1.430926499999999990e+01
1.226700000000000045e+03,1.431066799999999972e+01
1.226799999999999955e+03,1.431206899999999926e+01
1.226900000000000091e+03,1.434420899999999932e+01
1.227000000000000000e+03,1.434565100000000015e+01
1.227099999999999909e+03,1.437281899999999979e+01
1.227200000000000045e+03,1.437429500000000004e+01
1.227299999999999955e+03,1.437576800000000077e+01
1.227400000000000091e+03,1.439877599999999980e+01
1.227500000000000000e+03,1.440027700000000088e+01
1.227599999999999909e+03,1.441988100000000017e+01
1.227700000000000045e+03,1.442140400000000078e+01
1.227799999999999955e+03,1.442292400000000008e+01
1.227900000000000091e+03,1.443979200000000063e+01
1.228000000000000000e+03,1.444133000000000067e+01
1.228099999999999909e+03,1.529717699999999958e+01
1.228200000000000045e+03,1.530007999999999946e+01
1.228299999999999955e+03,1.530297700000000027e+01
1.228400000000000091e+03,1.576383500000000026e+01
1.228500000000000000e+03,1.576751400000000025e+01
1.228599999999999909e+03,1.574704799999999949e+01
1.228700000000000045e+03,1.575067199999999978e+01
1.228799999999999955e+03,1.575428800000000074e+01
1.228900000000000091e+03,1.573192700000000066e+01
1.229000000000000000e+03,1.573548500000000061e+01
1.229099999999999909e+03,1.487843100000000085e+01
1.229200000000000045e+03,1.488053400000000082e+01
1.229299999999999955e+03,1.488263300000000022e+01
1.229400000000000091e+03,1.442383700000000069e+01
1.229500000000000000e+03,1.442521799999999921e+01
1.229599999999999909e+03,1.445013699999999979e+01
1.229700000000000045e+03,1.445154800000000073e+01
1.229799999999999955e+03,1.445295600000000036e+01
1.229900000000000091e+03,1.448222299999999940e+01
1.230000000000000000e+03,1.448366799999999976e+01
1.230099999999999909e+03,1.534956500000000013e+01
1.230200000000000045e+03,1.535238299999999967e+01
1.230299999999999955e+03,1.535519500000000015e+01
1.230400000000000091e+03,1.582495199999999969e+01
1.230500000000000000e+03,1.582855900000000027e+01
1.230599999999999909e+03,1.581583499999999987e+01
1.230700000000000045e+03,1.581939999999999991e+01
1.230799999999999955e+03,1.582295900000000088e+01
1.230900000000000091e+03,1.580695500000000031e+01
1.231000000000000000e+03,1.581046699999999916e+01
1.231099999999999909e+03,1.495884500000000017e+01
1.231200000000000045e+03,1.496091299999999968e+01
1.231299999999999955e+03,1.496297799999999967e+01
1.231400000000000091e+03,1.450800199999999940e+01
1.231500000000000000e+03,1.450935499999999934e+01
1.231599999999999909e+03,1.453694499999999934e+01
1.231700000000000045e+03,1.453833299999999973e+01
1.231799999999999955e+03,1.453971800000000059e+01
1.231900000000000091e+03,1.457117599999999946e+01
1.232000000000000000e+03,1.457260100000000058e+01
1.232099999999999909e+03,1.544009199999999993e+01
1.232200000000000045e+03,1.544289099999999948e+01
1.232299999999999955e+03,1.544568499999999922e+01
1.232400000000000091e+03,1.591745599999999961e+01
1.232500000000000000e+03,1.592104699999999973e+01
1.232599999999999909e+03,1.591042799999999957e+01
1.232700000000000045e+03,1.591398000000000046e+01
1.232799999999999955e+03,1.591752699999999976e+01
1.232900000000000091e+03,1.590329499999999996e+01
1.233000000000000000e+03,1.590679800000000021e+01
1.233099999999999909e+03,1.505682400000000065e+01
1.233200000000000045e+03,1.505888700000000036e+01
1.233299999999999955e+03,1.506094599999999950e+01
1.233400000000000091e+03,1.460675900000000027e+01
1.233500000000000000e+03,1.460810799999999965e+01
1.233599999999999909e+03,1.463591000000000086e+01
1.233700000000000045e+03,1.463729400000000069e+01
1.233799999999999955e+03,1.463867499999999922e+01
1.233900000000000091e+03,1.467031599999999969e+01
1.234000000000000000e+03,1.467173799999999950e+01
1.234099999999999909e+03,1.469869599999999998e+01
1.234200000000000045e+03,1.470015099999999997e+01
1.234299999999999955e+03,1.470160399999999967e+01
1.234400000000000091e+03,1.472462699999999991e+01
1.234500000000000000e+03,1.472610700000000072e+01
1.234599999999999909e+03,1.474589699999999937e+01
1.234700000000000045e+03,1.474739899999999970e+01
1.234799999999999955e+03,1.474889899999999976e+01
1.234900000000000091e+03,1.476608000000000054e+01
1.235000000000000000e+03,1.476759799999999956e+01
1.235099999999999909e+03,1.562305699999999931e+01
1.235200000000000045e+03,1.562593799999999966e+01
1.235299999999999955e+03,1.562881400000000021e+01
1.235400000000000091e+03,1.609170100000000048e+01
1.235500000000000000e+03,1.609536200000000150e+01
1.235599999999999909e+03,1.607807999999999993e+01
1.235700000000000045e+03,1.608168999999999826e+01
1.235799999999999955e+03,1.608529400000000109e+01
1.235900000000000091e+03,1.606570599999999871e+01
1.236000000000000000e+03,1.606925599999999932e+01
1.236099999999999909e+03,1.521518000000000015e+01
1.236200000000000045e+03,1.521728000000000058e+01
1.236299999999999955e+03,1.521937499999999943e+01
1.236400000000000091e+03,1.476113800000000076e+01
1.236500000000000000e+03,1.476251500000000050e+01
1.236599999999999909e+03,1.478645900000000069e+01
1.236700000000000045e+03,1.478786500000000004e+01
1.236799999999999955e+03,1.478926799999999986e+01
1.236900000000000091e+03,1.481777100000000047e+01
1.237000000000000000e+03,1.481920999999999999e+01
1.237099999999999909e+03,1.568385100000000065e+01
1.237200000000000045e+03,1.568665999999999983e+01
1.237299999999999955e+03,1.568946500000000022e+01
1.237400000000000091e+03,1.616054300000000055e+01
1.237500000000000000e+03,1.616414199999999823e+01
1.237599999999999909e+03,1.615399999999999991e+01
1.237700000000000045e+03,1.615756299999999968e+01
1.237799999999999955e+03,1.616111899999999935e+01
1.237900000000000091e+03,1.614740199999999959e+01
1.238000000000000000e+03,1.615091500000000124e+01
1.238099999999999909e+03,1.530182300000000062e+01
1.238200000000000045e+03,1.530389699999999920e+01
1.238299999999999955e+03,1.530596800000000002e+01
1.238400000000000091e+03,1.485123300000000057e+01
1.238500000000000000e+03,1.485259100000000032e+01
1.238599999999999909e+03,1.487895499999999949e+01
1.238700000000000045e+03,1.488034599999999941e+01
1.238799999999999955e+03,1.488173399999999980e+01
1.238900000000000091e+03,1.491221299999999950e+01
1.239000000000000000e+03,1.491363999999999912e+01
1.239099999999999909e+03,1.577969299999999997e+01
1.239200000000000045e+03,1.578249199999999952e+01
1.239299999999999955e+03,1.578528599999999926e+01
1.239400000000000091e+03,1.625819600000000165e+01
1.239500000000000000e+03,1.626178700000000177e+01
1.239599999999999909e+03,1.625357500000000144e+01
1.239700000000000045e+03,1.625713299999999961e+01
1.239799999999999955e+03,1.626068499999999872e+01
1.239900000000000091e+03,1.624858599999999953e+01
1.240000000000000000e+03,1.625209800000000016e+01
1.240099999999999909e+03,1.624455499999999830e+01
1.240200000000000045e+03,1.624803400000000053e+01
1.240299999999999955e+03,1.625150700000000015e+01
1.240400000000000091e+03,1.624781199999999970e+01
1.240500000000000000e+03,1.625125999999999848e+01
1.240599999999999909e+03,1.625072700000000125e+01
1.240700000000000045e+03,1.625415599999999827e+01
1.240799999999999955e+03,1.625757899999999978e+01
1.240900000000000091e+03,1.625961699999999865e+01
1.241000000000000000e+03,1.626302499999999895e+01
1.241099999999999909e+03,1.626717100000000116e+01
1.241200000000000045e+03,1.627056800000000081e+01
1.241299999999999955e+03,1.627395900000000140e+01
1.241400000000000091e+03,1.627983000000000047e+01
1.241500000000000000e+03,1.628321400000000096e+01
1.241599999999999909e+03,1.629055699999999973e+01
1.241700000000000045e+03,1.629393500000000117e+01
1.241799999999999955e+03,1.629730699999999999e+01
1.241900000000000091e+03,1.630578900000000075e+01
1.242000000000000000e+03,1.630915699999999902e+01
1.242099999999999909e+03,1.631856700000000160e+01
1.242200000000000045e+03,1.632193300000000136e+01
1.242299999999999955e+03,1.632529399999999953e+01
1.242400000000000091e+03,1.633546700000000129e+01
1.242500000000000000e+03,1.633882799999999946e+01
1.242599999999999909e+03,1.634962099999999907e+01
1.242700000000000045e+03,1.635298200000000080e+01
1.242799999999999955e+03,1.635633800000000093e+01
1.242900000000000091e+03,1.636764600000000058e+01
1.243000000000000000e+03,1.637100300000000175e+01
1.243099999999999909e+03,1.554306099999999979e+01
1.243200000000000045e+03,1.554502699999999926e+01
1.243299999999999955e+03,1.554698999999999920e+01
1.243400000000000091e+03,1.510784400000000005e+01
1.243500000000000000e+03,1.510912300000000030e+01
1.243599999999999909e+03,1.514692100000000075e+01
1.243700000000000045e+03,1.514825000000000088e+01
1.243799999999999955e+03,1.514957700000000074e+01
1.243900000000000091e+03,1.518938799999999922e+01
1.244000000000000000e+03,1.519076800000000027e+01
1.244099999999999909e+03,1.522458300000000087e+01
1.244200000000000045e+03,1.522600599999999993e+01
1.244299999999999955e+03,1.522742700000000049e+01
1.244400000000000091e+03,1.525622899999999937e+01
1.244500000000000000e+03,1.525768599999999964e+01
1.244599999999999909e+03,1.528234800000000071e+01
1.244700000000000045e+03,1.528383499999999984e+01
1.244799999999999955e+03,1.528532000000000046e+01
1.244900000000000091e+03,1.530662300000000009e+01
1.245000000000000000e+03,1.530813200000000052e+01
1.245099999999999909e+03,1.448747400000000063e+01
1.245200000000000045e+03,1.448778800000000011e+01
1.245299999999999955e+03,1.448810100000000034e+01
1.245400000000000091e+03,1.405269999999999975e+01
1.245500000000000000e+03,1.405243399999999987e+01
1.245599999999999909e+03,1.409150499999999973e+01
1.245700000000000045e+03,1.409129100000000001e+01
1.245799999999999955e+03,1.409107700000000030e+01
1.245900000000000091e+03,1.413062099999999965e+01
1.246000000000000000e+03,1.413045900000000010e+01
1.246099999999999909e+03,1.416277700000000017e+01
1.246200000000000045e+03,1.416265800000000041e+01
1.246299999999999955e+03,1.416253999999999991e+01
1.246400000000000091e+03,1.418882800000000088e+01
1.246500000000000000e+03,1.418874500000000083e+01
1.246599999999999909e+03,1.421006000000000036e+01
1.246700000000000045e+03,1.421000599999999991e+01
1.246799999999999955e+03,1.420995100000000022e+01
1.246900000000000091e+03,1.422722000000000087e+01
1.247000000000000000e+03,1.422718799999999995e+01
1.247099999999999909e+03,1.424112399999999923e+01
1.247200000000000045e+03,1.424111100000000008e+01
1.247299999999999955e+03,1.424109799999999915e+01
1.247400000000000091e+03,1.425232199999999949e+01
1.247500000000000000e+03,1.425232399999999977e+01
1.247599999999999909e+03,1.426131799999999927e+01
1.247700000000000045e+03,1.426133199999999945e+01
1.247799999999999955e+03,1.426134599999999963e+01
1.247900000000000091e+03,1.426852599999999960e+01
1.248000000000000000e+03,1.426854900000000015e+01
1.248099999999999909e+03,1.343532199999999932e+01
1.248200000000000045e+03,1.343430200000000063e+01
1.248299999999999955e+03,1.343328400000000045e+01
1.248400000000000091e+03,1.298610200000000070e+01
1.248500000000000000e+03,1.298458300000000065e+01
1.248599999999999909e+03,1.301239600000000074e+01
1.248700000000000045e+03,1.301091500000000067e+01
1.248799999999999955e+03,1.300943700000000014e+01
1.248900000000000091e+03,1.303852999999999973e+01
1.249000000000000000e+03,1.303708999999999918e+01
1.249099999999999909e+03,1.389842299999999931e+01
1.249200000000000045e+03,1.389801199999999959e+01
1.249299999999999955e+03,1.389760199999999912e+01
1.249400000000000091e+03,1.436658500000000060e+01
1.249500000000000000e+03,1.436679099999999920e+01
1.249599999999999909e+03,1.435470600000000019e+01
1.249700000000000045e+03,1.435489500000000085e+01
1.249799999999999955e+03,1.435508199999999945e+01
1.249900000000000091e+03,1.433728200000000008e+01
1.250000000000000000e+03,1.433744500000000066e+01
1.250099999999999909e+03,1.432257199999999919e+01
1.250200000000000045e+03,1.432271399999999950e+01
1.250299999999999955e+03,1.432285599999999981e+01
1.250400000000000091e+03,1.431051599999999979e+01
1.250500000000000000e+03,1.431064100000000039e+01
1.250599999999999909e+03,1.430039900000000053e+01
1.250700000000000045e+03,1.430050899999999992e+01
1.250799999999999955e+03,1.430061899999999930e+01
1.250900000000000091e+03,1.429208700000000043e+01
1.251000000000000000e+03,1.429218499999999992e+01
1.251099999999999909e+03,1.428506999999999927e+01
1.251200000000000045e+03,1.428515799999999913e+01
1.251299999999999955e+03,1.428524600000000078e+01
1.251400000000000091e+03,1.427928700000000006e+01
1.251500000000000000e+03,1.427936599999999956e+01
1.251599999999999909e+03,1.427436499999999953e+01
1.251700000000000045e+03,1.427443700000000071e+01
1.251799999999999955e+03,1.427450900000000011e+01
1.251900000000000091e+03,1.427029100000000028e+01
1.252000000000000000e+03,1.427035700000000062e+01
1.252099999999999909e+03,1.342781500000000072e+01
1.252200000000000045e+03,1.342682199999999959e+01
1.252299999999999955e+03,1.342583199999999977e+01
1.252400000000000091e+03,1.297125600000000034e+01
1.252500000000000000e+03,1.296975499999999926e+01
1.252599999999999909e+03,1.299170499999999961e+01
1.252700000000000045e+03,1.299023500000000020e+01
1.252799999999999955e+03,1.298876699999999929e+01
1.252900000000000091e+03,1.301312800000000003e+01
1.253000000000000000e+03,1.301169400000000032e+01
1.253099999999999909e+03,1.303043399999999963e+01
1.253200000000000045e+03,1.302902800000000028e+01
1.253299999999999955e+03,1.302762500000000045e+01
1.253400000000000091e+03,1.304163600000000045e+01
1.253500000000000000e+03,1.304025500000000015e+01
1.253599999999999909e+03,1.305036999999999914e+01
1.253700000000000045e+03,1.304900699999999958e+01
1.253799999999999955e+03,1.304764600000000030e+01
1.253900000000000091e+03,1.305458600000000047e+01
1.254000000000000000e+03,1.305324000000000062e+01
1.254099999999999909e+03,1.305757000000000012e+01
1.254200000000000045e+03,1.305623499999999915e+01
1.254299999999999955e+03,1.305490299999999948e+01
1.254400000000000091e+03,1.305710700000000024e+01
1.254500000000000000e+03,1.305578399999999917e+01
1.254599999999999909e+03,1.305624399999999952e+01
1.254700000000000045e+03,1.305492699999999928e+01
1.254799999999999955e+03,1.305361300000000035e+01
1.254900000000000091e+03,1.305265299999999939e+01
1.255000000000000000e+03,1.305134400000000028e+01
1.255099999999999909e+03,1.304922200000000032e+01
1.255200000000000045e+03,1.304791699999999999e+01
1.255299999999999955e+03,1.304661499999999918e+01
1.255400000000000091e+03,1.304354799999999948e+01
1.255500000000000000e+03,1.304224800000000073e+01
1.255599999999999909e+03,1.303841099999999997e+01
1.255700000000000045e+03,1.303711299999999973e+01
1.255799999999999955e+03,1.303581800000000079e+01
1.255900000000000091e+03,1.303135400000000033e+01
1.256000000000000000e+03,1.303006000000000064e+01
1.256099999999999909e+03,1.218608599999999953e+01
1.256200000000000045e+03,1.218391599999999997e+01
1.256299999999999955e+03,1.218175100000000022e+01
1.256400000000000091e+03,1.172524300000000075e+01
1.256500000000000000e+03,1.172266699999999950e+01
1.256599999999999909e+03,1.174217900000000014e+01
1.256700000000000045e+03,1.173963299999999954e+01
1.256799999999999955e+03,1.173709200000000052e+01
1.256900000000000091e+03,1.175835299999999961e+01
1.257000000000000000e+03,1.175584300000000049e+01
1.257099999999999909e+03,1.093211699999999986e+01
1.257200000000000045e+03,1.092894800000000011e+01
1.257299999999999955e+03,1.092578400000000016e+01
1.257400000000000091e+03,1.048461600000000082e+01
1.257500000000000000e+03,1.048116100000000017e+01
1.257599999999999909e+03,1.051206999999999958e+01
1.257700000000000045e+03,1.050864999999999938e+01
1.257799999999999955e+03,1.050523699999999927e+01
1.257900000000000091e+03,1.053472599999999915e+01
1.258000000000000000e+03,1.053134700000000024e+01
1.258099999999999909e+03,1.055202899999999921e+01
1.258200000000000045e+03,1.054867999999999917e+01
1.258299999999999955e+03,1.054533699999999996e+01
1.258400000000000091e+03,1.055867600000000017e+01
1.258500000000000000e+03,1.055535700000000077e+01
1.258599999999999909e+03,1.056266500000000086e+01
1.258700000000000045e+03,1.055936600000000070e+01
1.258799999999999955e+03,1.055607299999999960e+01
1.258900000000000091e+03,1.055846200000000046e+01
1.259000000000000000e+03,1.055518499999999982e+01
1.259099999999999909e+03,9.713874999999999815e+00
1.259200000000000045e+03,9.710096999999999312e+00
1.259299999999999955e+03,9.706326000000000676e+00
1.259400000000000091e+03,9.250438000000000827e+00
1.259500000000000000e+03,9.246463000000000321e+00
1.259599999999999909e+03,9.265430999999999528e+00
1.259700000000000045e+03,9.261482000000000880e+00
1.259799999999999955e+03,9.257540000000000546e+00
1.259900000000000091e+03,9.276270999999999489e+00
1.260000000000000000e+03,9.272354999999999237e+00
1.260099999999999909e+03,1.096308499999999952e+01
1.260200000000000045e+03,1.096024199999999915e+01
1.260299999999999955e+03,1.095740400000000037e+01
1.260400000000000091e+03,1.186157099999999964e+01
1.260500000000000000e+03,1.185953899999999983e+01
1.260599999999999909e+03,1.180264500000000005e+01
1.260700000000000045e+03,1.180056800000000017e+01
1.260799999999999955e+03,1.179849500000000084e+01
1.260900000000000091e+03,1.173382999999999932e+01
1.261000000000000000e+03,1.173170499999999983e+01
1.261099999999999909e+03,1.167623900000000070e+01
1.261200000000000045e+03,1.167407200000000067e+01
1.261299999999999955e+03,1.167190800000000017e+01
1.261400000000000091e+03,1.162423199999999923e+01
1.261500000000000000e+03,1.162203399999999931e+01
1.261599999999999909e+03,1.158077199999999962e+01
1.261700000000000045e+03,1.157854599999999934e+01
1.261799999999999955e+03,1.157632399999999961e+01
1.261900000000000091e+03,1.154027999999999921e+01
1.262000000000000000e+03,1.153803500000000071e+01
1.262099999999999909e+03,1.234624499999999969e+01
1.262200000000000045e+03,1.234481700000000082e+01
1.262299999999999955e+03,1.234339199999999970e+01
1.262400000000000091e+03,1.276432100000000069e+01
1.262500000000000000e+03,1.276337299999999964e+01
1.262599999999999909e+03,1.270861599999999925e+01
1.262700000000000045e+03,1.270761000000000074e+01
1.262799999999999955e+03,1.270660499999999971e+01
1.262900000000000091e+03,1.265285800000000016e+01
1.263000000000000000e+03,1.265179599999999915e+01
1.263099999999999909e+03,1.176655799999999985e+01
1.263200000000000045e+03,1.176456800000000058e+01
1.263299999999999955e+03,1.176258100000000084e+01
1.263400000000000091e+03,1.127599400000000074e+01
1.263500000000000000e+03,1.127356799999999915e+01
1.263599999999999909e+03,1.127109300000000047e+01
1.263700000000000045e+03,1.126867599999999925e+01
1.263799999999999955e+03,1.126626399999999961e+01
1.263900000000000091e+03,1.126988799999999991e+01
1.264000000000000000e+03,1.126749000000000045e+01
1.264099999999999909e+03,1.210833700000000057e+01
1.264200000000000045e+03,1.210675900000000027e+01
1.264299999999999955e+03,1.210518300000000025e+01
1.264400000000000091e+03,1.255239000000000082e+01
1.264500000000000000e+03,1.255131000000000085e+01
1.264599999999999909e+03,1.251761100000000049e+01
1.264700000000000045e+03,1.251649699999999932e+01
1.264799999999999955e+03,1.251538599999999946e+01
1.264900000000000091e+03,1.247882599999999975e+01
1.265000000000000000e+03,1.247767900000000019e+01
1.265099999999999909e+03,1.160634899999999980e+01
1.265200000000000045e+03,1.160430400000000084e+01
1.265299999999999955e+03,1.160226199999999963e+01
1.265400000000000091e+03,1.112755499999999920e+01
1.265500000000000000e+03,1.112509200000000043e+01
1.265599999999999909e+03,1.113274499999999989e+01
1.265700000000000045e+03,1.113030000000000008e+01
1.265799999999999955e+03,1.112786000000000008e+01
1.265900000000000091e+03,1.113979600000000048e+01
1.266000000000000000e+03,1.113737700000000075e+01
1.266099999999999909e+03,1.114496699999999940e+01
1.266200000000000045e+03,1.114256600000000041e+01
1.266299999999999955e+03,1.114016900000000021e+01
1.266400000000000091e+03,1.114407199999999953e+01
1.266500000000000000e+03,1.114169000000000054e+01
1.266599999999999909e+03,1.114257699999999929e+01
1.266700000000000045e+03,1.114020599999999916e+01
1.266799999999999955e+03,1.113784000000000063e+01
1.266900000000000091e+03,1.113627900000000004e+01
1.267000000000000000e+03,1.113392200000000010e+01
1.267099999999999909e+03,1.197071799999999975e+01
1.267200000000000045e+03,1.196917700000000018e+01
1.267299999999999955e+03,1.196763800000000089e+01
1.267400000000000091e+03,1.241058899999999987e+01
1.267500000000000000e+03,1.240953900000000054e+01
1.267599999999999909e+03,1.237167600000000078e+01
1.267700000000000045e+03,1.237058799999999970e+01
1.267799999999999955e+03,1.236950299999999991e+01
1.267900000000000091e+03,1.232955300000000065e+01
1.268000000000000000e+03,1.232842800000000061e+01
1.268099999999999909e+03,1.313562300000000072e+01
1.268200000000000045e+03,1.313547299999999929e+01
1.268299999999999955e+03,1.313532299999999964e+01
1.268400000000000091e+03,1.355455800000000011e+01
1.268500000000000000e+03,1.355496300000000076e+01
1.268599999999999909e+03,1.349869699999999995e+01
1.268700000000000045e+03,1.349902299999999933e+01
1.268799999999999955e+03,1.349934900000000049e+01
1.268900000000000091e+03,1.344569899999999940e+01
1.269000000000000000e+03,1.344595100000000087e+01
1.269099999999999909e+03,1.256145899999999926e+01
1.269200000000000045e+03,1.256060000000000088e+01
1.269299999999999955e+03,1.255974199999999996e+01
1.269400000000000091e+03,1.207685400000000087e+01
1.269500000000000000e+03,1.207545999999999964e+01
1.269599999999999909e+03,1.207886300000000013e+01
1.269700000000000045e+03,1.207746799999999965e+01
1.269799999999999955e+03,1.207607400000000020e+01
1.269900000000000091e+03,1.208580599999999983e+01
1.270000000000000000e+03,1.208442900000000009e+01
1.270099999999999909e+03,1.293240100000000048e+01
1.270200000000000045e+03,1.293202499999999944e+01
1.270299999999999955e+03,1.293164999999999942e+01
1.270400000000000091e+03,1.338397100000000073e+01
1.270500000000000000e+03,1.338418700000000072e+01
1.270599999999999909e+03,1.335469400000000029e+01
1.270700000000000045e+03,1.335486900000000077e+01
1.270799999999999955e+03,1.335504399999999947e+01
1.270900000000000091e+03,1.332315000000000005e+01
1.271000000000000000e+03,1.332328099999999971e+01
1.271099999999999909e+03,1.161561900000000058e+01
1.271200000000000045e+03,1.161375999999999920e+01
1.271299999999999955e+03,1.161190399999999912e+01
1.271400000000000091e+03,1.069633299999999920e+01
1.271500000000000000e+03,1.069365699999999997e+01
1.271599999999999909e+03,1.074056000000000033e+01
1.271700000000000045e+03,1.073793500000000023e+01
1.271799999999999955e+03,1.073531400000000069e+01
1.271900000000000091e+03,1.078734200000000065e+01
1.272000000000000000e+03,1.078477700000000006e+01
1.272099999999999909e+03,1.082514699999999941e+01
1.272200000000000045e+03,1.082262599999999964e+01
1.272299999999999955e+03,1.082011100000000070e+01
1.272400000000000091e+03,1.085070200000000007e+01
1.272500000000000000e+03,1.084822400000000009e+01
1.272599999999999909e+03,1.087081700000000062e+01
1.272700000000000045e+03,1.086836899999999950e+01
1.272799999999999955e+03,1.086592500000000072e+01
1.272900000000000091e+03,1.088203200000000059e+01
1.273000000000000000e+03,1.087961300000000087e+01
1.273099999999999909e+03,8.366441000000000017e+00
1.273200000000000045e+03,8.362488000000000810e+00
1.273299999999999955e+03,8.358541999999999916e+00
1.273400000000000091e+03,7.020419999999999661e+00
1.273500000000000000e+03,7.016182999999999836e+00
1.273599999999999909e+03,7.115552000000000099e+00
1.273700000000000045e+03,7.111340000000000217e+00
1.273799999999999955e+03,7.107128999999999586e+00
1.273900000000000091e+03,7.206939000000000206e+00
1.274000000000000000e+03,7.202755999999999936e+00
1.274099999999999909e+03,6.436252999999999780e+00
1.274200000000000045e+03,6.432039999999999758e+00
1.274299999999999955e+03,6.427834999999999965e+00
1.274400000000000091e+03,6.037810999999999595e+00
1.274500000000000000e+03,6.033655000000000435e+00
1.274599999999999909e+03,6.106862999999999708e+00
1.274700000000000045e+03,6.102718000000000309e+00
1.274799999999999955e+03,6.098581000000000252e+00
1.274900000000000091e+03,6.159974000000000061e+00
1.275000000000000000e+03,6.155850000000000044e+00
1.275099999999999909e+03,4.521143000000000356e+00
1.275200000000000045e+03,4.517339999999999911e+00
1.275299999999999955e+03,4.513544999999999696e+00
1.275400000000000091e+03,3.669169999999999821e+00
1.275500000000000000e+03,3.665840999999999905e+00
1.275599999999999909e+03,3.749245000000000161e+00
1.275700000000000045e+03,3.745884000000000214e+00
1.275799999999999955e+03,3.742529000000000217e+00
1.275900000000000091e+03,3.818639000000000117e+00
1.276000000000000000e+03,3.815256999999999898e+00
1.276099999999999909e+03,4.697129999999999583e+00
1.276200000000000045e+03,4.693334000000000117e+00
1.276299999999999955e+03,4.689544999999999852e+00
1.276400000000000091e+03,5.171558000000000099e+00
1.276500000000000000e+03,5.167665999999999649e+00
1.276599999999999909e+03,5.154021000000000186e+00
1.276700000000000045e+03,5.150145000000000195e+00
1.276799999999999955e+03,5.146275000000000155e+00
1.276900000000000091e+03,5.119858999999999938e+00
1.277000000000000000e+03,5.116007999999999889e+00
1.277099999999999909e+03,5.087397000000000169e+00
1.277200000000000045e+03,5.083565000000000111e+00
1.277299999999999955e+03,5.079740000000000144e+00
1.277400000000000091e+03,5.049576000000000064e+00
1.277500000000000000e+03,5.045770000000000088e+00
1.277599999999999909e+03,5.014378999999999920e+00
1.277700000000000045e+03,5.010591999999999935e+00
1.277799999999999955e+03,5.006813000000000180e+00
1.277900000000000091e+03,4.974469000000000030e+00
1.278000000000000000e+03,4.970709000000000266e+00
1.278099999999999909e+03,5.779238000000000319e+00
1.278200000000000045e+03,5.775394999999999612e+00
1.278299999999999955e+03,5.771558999999999884e+00
1.278400000000000091e+03,6.180259000000000391e+00
1.278500000000000000e+03,6.176441999999999766e+00
1.278599999999999909e+03,6.101797000000000359e+00
1.278700000000000045e+03,6.097990000000000244e+00
1.278799999999999955e+03,6.094190000000000218e+00
1.278900000000000091e+03,6.019468999999999959e+00
1.279000000000000000e+03,6.015679999999999694e+00
1.279099999999999909e+03,5.107003999999999877e+00
1.279200000000000045e+03,5.103284999999999627e+00
1.279299999999999955e+03,5.099572000000000216e+00
1.279400000000000091e+03,4.598768999999999885e+00
1.279500000000000000e+03,4.595172999999999952e+00
1.279599999999999909e+03,4.583508000000000138e+00
1.279700000000000045e+03,4.579926999999999637e+00
1.279799999999999955e+03,4.576353000000000115e+00
1.279900000000000091e+03,4.568768999999999636e+00
1.280000000000000000e+03,4.565208000000000155e+00
1.280099999999999909e+03,5.395514999999999617e+00
1.280200000000000045e+03,5.391829000000000427e+00
1.280299999999999955e+03,5.388149000000000299e+00
1.280400000000000091e+03,5.811733000000000260e+00
1.280500000000000000e+03,5.808054000000000272e+00
1.280599999999999909e+03,5.743412000000000184e+00
1.280700000000000045e+03,5.739746000000000237e+00
1.280799999999999955e+03,5.736085000000000100e+00
1.280900000000000091e+03,5.669622999999999635e+00
1.281000000000000000e+03,5.665975000000000428e+00
1.281099999999999909e+03,5.606590999999999880e+00
1.281200000000000045e+03,5.602956999999999965e+00
1.281299999999999955e+03,5.599327999999999861e+00
1.281400000000000091e+03,5.545859000000000094e+00
1.281500000000000000e+03,5.542244000000000170e+00
1.281599999999999909e+03,5.493555999999999884e+00
1.281700000000000045e+03,5.489955000000000140e+00
1.281799999999999955e+03,5.486360000000000348e+00
1.281900000000000091e+03,5.441549000000000191e+00
1.282000000000000000e+03,5.437967999999999691e+00
1.282099999999999909e+03,4.552001999999999882e+00
1.282200000000000045e+03,4.548551999999999929e+00
1.282299999999999955e+03,4.545107999999999926e+00
1.282400000000000091e+03,4.075388000000000233e+00
1.282500000000000000e+03,4.072167000000000314e+00
1.282599999999999909e+03,4.082614999999999661e+00
1.282700000000000045e+03,4.079400999999999833e+00
1.282799999999999955e+03,4.076191999999999815e+00
1.282900000000000091e+03,4.086814000000000391e+00
1.283000000000000000e+03,4.083611999999999576e+00
1.283099999999999909e+03,4.085916000000000103e+00
1.283200000000000045e+03,4.082723999999999798e+00
1.283299999999999955e+03,4.079537000000000191e+00
1.283400000000000091e+03,4.075014999999999610e+00
1.283500000000000000e+03,4.071839999999999904e+00
1.283599999999999909e+03,4.061866000000000199e+00
1.283700000000000045e+03,4.058703999999999645e+00
1.283799999999999955e+03,4.055547999999999931e+00
1.283900000000000091e+03,4.041243999999999836e+00
1.284000000000000000e+03,4.038103000000000442e+00
1.284099999999999909e+03,4.020356999999999736e+00
1.284200000000000045e+03,4.017231999999999914e+00
1.284299999999999955e+03,4.014111999999999902e+00
1.284400000000000091e+03,3.993653999999999815e+00
1.284500000000000000e+03,3.990549999999999820e+00
1.284599999999999909e+03,3.967944999999999833e+00
1.284700000000000045e+03,3.964859000000000133e+00
1.284799999999999955e+03,3.961777999999999800e+00
1.284900000000000091e+03,3.937501999999999835e+00
1.285000000000000000e+03,3.934438999999999798e+00
1.285099999999999909e+03,3.908849000000000018e+00
1.285200000000000045e+03,3.905803999999999832e+00
1.285299999999999955e+03,3.902763999999999900e+00
1.285400000000000091e+03,3.876170999999999811e+00
1.285500000000000000e+03,3.873149000000000175e+00
1.285599999999999909e+03,3.845775999999999861e+00
1.285700000000000045e+03,3.842773999999999912e+00
1.285799999999999955e+03,3.839777000000000218e+00
1.285900000000000091e+03,3.811824999999999797e+00
1.286000000000000000e+03,3.808847000000000094e+00
1.286099999999999909e+03,4.612729999999999997e+00
1.286200000000000045e+03,4.609496000000000038e+00
1.286299999999999955e+03,4.606266999999999889e+00
1.286400000000000091e+03,5.010957000000000328e+00
1.286500000000000000e+03,5.007702000000000098e+00
1.286599999999999909e+03,4.921364999999999768e+00
1.286700000000000045e+03,4.918124999999999858e+00
1.286799999999999955e+03,4.914890999999999899e+00
1.286900000000000091e+03,4.831747000000000014e+00
1.287000000000000000e+03,4.828528999999999627e+00
1.287099999999999909e+03,4.757049000000000305e+00
1.287200000000000045e+03,4.753847999999999629e+00
1.287299999999999955e+03,4.750651000000000401e+00
1.287400000000000091e+03,4.688667999999999836e+00
1.287500000000000000e+03,4.685488000000000319e+00
1.287599999999999909e+03,4.631052999999999642e+00
1.287700000000000045e+03,4.627888999999999697e+00
1.287799999999999955e+03,4.624730999999999703e+00
1.287900000000000091e+03,4.576310999999999574e+00
1.288000000000000000e+03,4.573167999999999900e+00
1.288099999999999909e+03,4.529524999999999579e+00
1.288200000000000045e+03,4.526398000000000366e+00
1.288299999999999955e+03,4.523277000000000214e+00
1.288400000000000091e+03,4.483448000000000100e+00
1.288500000000000000e+03,4.480341000000000129e+00
1.288599999999999909e+03,4.443544000000000160e+00
1.288700000000000045e+03,4.440452999999999761e+00
1.288799999999999955e+03,4.437365999999999921e+00
1.288900000000000091e+03,4.403184000000000431e+00
1.289000000000000000e+03,4.400177000000000227e+00
1.289099999999999909e+03,4.368482000000000198e+00
1.289200000000000045e+03,4.365490000000000315e+00
1.289299999999999955e+03,4.362502000000000102e+00
1.289400000000000091e+03,4.332328999999999652e+00
1.289500000000000000e+03,4.329354999999999620e+00
1.289599999999999909e+03,4.300396000000000107e+00
1.289700000000000045e+03,4.297437000000000396e+00
1.289799999999999955e+03,4.294482999999999606e+00
1.289900000000000091e+03,4.266511000000000386e+00
1.290000000000000000e+03,4.263569999999999638e+00
1.290099999999999909e+03,4.236390000000000100e+00
1.290200000000000045e+03,4.233463000000000420e+00
1.290299999999999955e+03,4.230541999999999803e+00
1.290400000000000091e+03,4.204013999999999918e+00
1.290500000000000000e+03,4.201106000000000229e+00
1.290599999999999909e+03,4.175105000000000288e+00
1.290700000000000045e+03,4.172209999999999752e+00
1.290799999999999955e+03,4.169319999999999915e+00
1.290900000000000091e+03,4.143760000000000332e+00
1.291000000000000000e+03,4.140882999999999647e+00
1.291099999999999909e+03,4.115681999999999618e+00
1.291200000000000045e+03,4.112817999999999863e+00
1.291299999999999955e+03,4.109957999999999778e+00
1.291400000000000091e+03,4.085067999999999699e+00
1.291500000000000000e+03,4.082220999999999655e+00
1.291599999999999909e+03,4.057587999999999973e+00
1.291700000000000045e+03,4.054753999999999969e+00
1.291799999999999955e+03,4.051923999999999637e+00
1.291900000000000091e+03,4.027519999999999989e+00
1.292000000000000000e+03,4.024702999999999697e+00
1.292099999999999909e+03,4.000492000000000381e+00
1.292200000000000045e+03,3.997686999999999991e+00
1.292299999999999955e+03,3.994887999999999995e+00
1.292400000000000091e+03,3.970854999999999801e+00
1.292500000000000000e+03,3.968068000000000151e+00
1.292599999999999909e+03,3.944186999999999887e+00
1.292700000000000045e+03,3.941412999999999833e+00
1.292799999999999955e+03,3.938642999999999894e+00
1.292900000000000091e+03,3.914909999999999890e+00
1.293000000000000000e+03,3.912152999999999992e+00
1.293099999999999909e+03,3.888546999999999976e+00
1.293200000000000045e+03,3.885801999999999978e+00
1.293299999999999955e+03,3.883061999999999792e+00
1.293400000000000091e+03,3.859583999999999904e+00
1.293500000000000000e+03,3.856856000000000062e+00
1.293599999999999909e+03,3.833489999999999842e+00
1.293700000000000045e+03,3.830775000000000041e+00
1.293799999999999955e+03,3.828063999999999911e+00
1.293900000000000091e+03,3.804812999999999779e+00
1.294000000000000000e+03,3.802115000000000133e+00
1.294099999999999909e+03,3.778966000000000047e+00
1.294200000000000045e+03,3.776280999999999999e+00
1.294299999999999955e+03,3.773600000000000065e+00
1.294400000000000091e+03,3.750557999999999836e+00
1.294500000000000000e+03,3.747888999999999804e+00
1.294599999999999909e+03,3.724943999999999811e+00
1.294700000000000045e+03,3.722287999999999819e+00
1.294799999999999955e+03,3.719635999999999942e+00
1.294900000000000091e+03,3.696792999999999996e+00
1.295000000000000000e+03,3.694154000000000160e+00
1.295099999999999909e+03,4.506877000000000244e+00
1.295200000000000045e+03,4.504101999999999606e+00
1.295299999999999955e+03,4.501330000000000275e+00
1.295400000000000091e+03,4.901322999999999652e+00
1.295500000000000000e+03,4.898571999999999704e+00
1.295599999999999909e+03,4.800375999999999976e+00
1.295700000000000045e+03,4.797627000000000308e+00
1.295799999999999955e+03,4.794882000000000311e+00
1.295900000000000091e+03,4.704341000000000328e+00
1.296000000000000000e+03,4.701600000000000001e+00
1.296099999999999909e+03,6.330625000000000391e+00
1.296200000000000045e+03,6.328335000000000043e+00
1.296299999999999955e+03,6.326048000000000116e+00
1.296400000000000091e+03,7.107027000000000427e+00
1.296500000000000000e+03,7.105226000000000042e+00
1.296599999999999909e+03,6.897927000000000142e+00
1.296700000000000045e+03,6.895988000000000007e+00
1.296799999999999955e+03,6.894052000000000291e+00
1.296900000000000091e+03,6.711020999999999681e+00
1.297000000000000000e+03,6.708974999999999689e+00
1.297099999999999909e+03,6.564991000000000021e+00
1.297200000000000045e+03,6.562866999999999784e+00
1.297299999999999955e+03,6.560745999999999967e+00
1.297400000000000091e+03,6.447339999999999627e+00
1.297500000000000000e+03,6.445164000000000115e+00
1.297599999999999909e+03,6.355423000000000044e+00
1.297700000000000045e+03,6.353206000000000131e+00
1.297799999999999955e+03,6.350992999999999888e+00
1.297900000000000091e+03,6.279454999999999565e+00
1.298000000000000000e+03,6.277211999999999570e+00
1.298099999999999909e+03,6.219750999999999586e+00
1.298200000000000045e+03,6.217487000000000208e+00
1.298299999999999955e+03,6.215226999999999613e+00
1.298400000000000091e+03,6.168612999999999680e+00
1.298500000000000000e+03,6.166337999999999653e+00
1.298599999999999909e+03,6.128103000000000300e+00
1.298700000000000045e+03,6.125817999999999763e+00
1.298799999999999955e+03,6.123535999999999646e+00
1.298900000000000091e+03,6.091745000000000410e+00
1.299000000000000000e+03,6.089457000000000342e+00
1.299099999999999909e+03,6.062636999999999610e+00
1.299200000000000045e+03,6.060344999999999871e+00
1.299299999999999955e+03,6.058055000000000412e+00
1.299400000000000091e+03,6.035055999999999976e+00
1.299500000000000000e+03,6.032764000000000237e+00
1.299599999999999909e+03,6.012706999999999802e+00
1.299700000000000045e+03,6.010413999999999923e+00
1.299799999999999955e+03,6.008124999999999716e+00
1.299900000000000091e+03,5.990325999999999596e+00
1.300000000000000000e+03,5.988037000000000276e+00
1.300099999999999909e+03,5.971973000000000198e+00
1.300200000000000045e+03,5.969685000000000130e+00
1.300299999999999955e+03,5.967400999999999733e+00
1.300400000000000091e+03,5.952665999999999791e+00
1.300500000000000000e+03,5.950383000000000422e+00
1.300599999999999909e+03,5.936668000000000056e+00
1.300700000000000045e+03,5.934385999999999939e+00
1.300799999999999955e+03,5.932108999999999632e+00
1.300900000000000091e+03,5.919171000000000404e+00
1.301000000000000000e+03,5.916896000000000377e+00
1.301099999999999909e+03,5.904552999999999940e+00
1.301200000000000045e+03,5.902280000000000193e+00
1.301299999999999955e+03,5.900011000000000116e+00
1.301400000000000091e+03,5.888119999999999798e+00
1.301500000000000000e+03,5.885854000000000141e+00
1.301599999999999909e+03,5.874306999999999945e+00
1.301700000000000045e+03,5.872042999999999680e+00
1.301799999999999955e+03,5.869782999999999973e+00
1.301900000000000091e+03,5.858495999999999704e+00
1.302000000000000000e+03,5.856238000000000277e+00
1.302099999999999909e+03,5.845148000000000010e+00
1.302200000000000045e+03,5.842893000000000114e+00
1.302299999999999955e+03,5.840641999999999889e+00
1.302400000000000091e+03,5.829697999999999602e+00
1.302500000000000000e+03,5.827449999999999797e+00
1.302599999999999909e+03,5.816615999999999786e+00
1.302700000000000045e+03,5.814371000000000400e+00
1.302799999999999955e+03,5.812129999999999797e+00
1.302900000000000091e+03,5.801376000000000310e+00
1.303000000000000000e+03,5.799138000000000126e+00
1.303099999999999909e+03,5.788444000000000145e+00
1.303200000000000045e+03,5.786209000000000380e+00
1.303299999999999955e+03,5.783977000000000146e+00
1.303400000000000091e+03,5.773325999999999958e+00
1.303500000000000000e+03,5.771097000000000143e+00
1.303599999999999909e+03,5.760475999999999708e+00
1.303700000000000045e+03,5.758250999999999564e+00
1.303799999999999955e+03,5.756028999999999840e+00
1.303900000000000091e+03,5.745428999999999675e+00
1.304000000000000000e+03,5.743210000000000370e+00
1.304099999999999909e+03,5.732617000000000296e+00
1.304200000000000045e+03,5.730393000000000292e+00
1.304299999999999955e+03,5.728171999999999819e+00
1.304400000000000091e+03,5.717588000000000115e+00
1.304500000000000000e+03,5.715370000000000061e+00
1.304599999999999909e+03,5.704791000000000167e+00
1.304700000000000045e+03,5.702575999999999645e+00
1.304799999999999955e+03,5.700364999999999682e+00
1.304900000000000091e+03,5.689789000000000208e+00
1.305000000000000000e+03,5.687579999999999636e+00
1.305099999999999909e+03,2.307621999999999840e+00
1.305200000000000045e+03,2.305690999999999935e+00
1.305299999999999955e+03,2.303761999999999865e+00
1.305400000000000091e+03,2.910639999999999894e-01
1.305500000000000000e+03,2.910639999999999894e-01
1.305599999999999909e+03,1.053708000000000089e+00
1.305700000000000045e+03,1.052745000000000042e+00
1.305799999999999955e+03,1.051784000000000052e+00
1.305900000000000091e+03,1.330932000000000004e+00
1.306000000000000000e+03,1.329717999999999956e+00
1.306099999999999909e+03,7.437537999999999982e+00
1.306200000000000045e+03,7.436753999999999643e+00
1.306299999999999955e+03,7.435970000000000191e+00
1.306400000000000091e+03,1.048525099999999988e+01
1.306500000000000000e+03,1.048900000000000077e+01
1.306599999999999909e+03,9.964010000000000034e+00
1.306700000000000045e+03,9.966756000000000171e+00
1.306799999999999955e+03,9.969499000000000777e+00
1.306900000000000091e+03,9.495300000000000296e+00
1.307000000000000000e+03,9.497218000000000160e+00
1.307099999999999909e+03,9.137449000000000154e+00
1.307200000000000045e+03,9.138787999999999911e+00
1.307299999999999955e+03,9.140124999999999389e+00
1.307400000000000091e+03,8.868323000000000178e+00
1.307500000000000000e+03,8.869251000000000218e+00
1.307599999999999909e+03,8.664360999999999535e+00
1.307700000000000045e+03,8.664994999999999337e+00
1.307799999999999955e+03,8.665627999999999886e+00
1.307900000000000091e+03,8.511101000000000028e+00
1.308000000000000000e+03,8.511521999999999366e+00
1.308099999999999909e+03,7.541827999999999754e+00
1.308200000000000045e+03,7.541100000000000136e+00
1.308299999999999955e+03,7.540371999999999630e+00
1.308400000000000091e+03,7.040631000000000306e+00
1.308500000000000000e+03,7.039429000000000158e+00
1.308599999999999909e+03,7.064823999999999771e+00
1.308700000000000045e+03,7.063648999999999845e+00
1.308799999999999955e+03,7.062475000000000058e+00
1.308900000000000091e+03,7.092425000000000423e+00
1.309000000000000000e+03,7.091282999999999781e+00
1.309099999999999909e+03,7.967511000000000010e+00
1.309200000000000045e+03,7.967281999999999975e+00
1.309299999999999955e+03,7.967052999999999940e+00
1.309400000000000091e+03,8.396007000000000886e+00
1.309500000000000000e+03,8.396309999999999718e+00
1.309599999999999909e+03,8.317244999999999777e+00
1.309700000000000045e+03,8.317444000000000059e+00
1.309799999999999955e+03,8.317643000000000342e+00
1.309900000000000091e+03,8.247325999999999269e+00
1.310000000000000000e+03,8.247434999999999405e+00
1.310099999999999909e+03,7.340906000000000375e+00
1.310200000000000045e+03,7.339999999999999858e+00
1.310299999999999955e+03,7.339095999999999620e+00
1.310400000000000091e+03,6.887552000000000341e+00
1.310500000000000000e+03,6.886242000000000196e+00
1.310599999999999909e+03,6.948252000000000095e+00
1.310700000000000045e+03,6.947000000000000064e+00
1.310799999999999955e+03,6.945749000000000173e+00
1.310900000000000091e+03,7.003383000000000358e+00
1.311000000000000000e+03,7.002187000000000161e+00
1.311099999999999909e+03,7.045662000000000091e+00
1.311200000000000045e+03,7.044508999999999688e+00
1.311299999999999955e+03,7.043357000000000312e+00
1.311400000000000091e+03,7.075808000000000320e+00
1.311500000000000000e+03,7.074690999999999619e+00
1.311599999999999909e+03,7.098724999999999952e+00
1.311700000000000045e+03,7.097634000000000221e+00
1.311799999999999955e+03,7.096543999999999741e+00
1.311900000000000091e+03,7.114201000000000441e+00
1.312000000000000000e+03,7.113132000000000232e+00
1.312099999999999909e+03,6.272206999999999866e+00
1.312200000000000045e+03,6.270476000000000383e+00
1.312299999999999955e+03,6.268747000000000291e+00
1.312400000000000091e+03,5.865745999999999682e+00
1.312500000000000000e+03,5.863782999999999745e+00
1.312599999999999909e+03,5.961890000000000356e+00
1.312700000000000045e+03,5.959988000000000063e+00
1.312799999999999955e+03,5.958089000000000190e+00
1.312900000000000091e+03,6.041930999999999941e+00
1.313000000000000000e+03,6.040086999999999762e+00
1.313099999999999909e+03,5.247855000000000381e+00
1.313200000000000045e+03,5.245640999999999998e+00
1.313299999999999955e+03,5.243431000000000175e+00
1.313400000000000091e+03,4.876973999999999698e+00
1.313500000000000000e+03,4.874661999999999829e+00
1.313599999999999909e+03,4.999617999999999896e+00
1.313700000000000045e+03,4.997347000000000428e+00
1.313799999999999955e+03,4.995078999999999603e+00
1.313900000000000091e+03,5.098224000000000089e+00
1.314000000000000000e+03,5.095995000000000275e+00
1.314099999999999909e+03,6.026220999999999606e+00
1.314200000000000045e+03,6.024432000000000009e+00
1.314299999999999955e+03,6.022644999999999804e+00
1.314400000000000091e+03,6.488127000000000422e+00
1.314500000000000000e+03,6.486667999999999878e+00
1.314599999999999909e+03,6.431232999999999755e+00
1.314700000000000045e+03,6.429738000000000397e+00
1.314799999999999955e+03,6.428245000000000431e+00
1.314900000000000091e+03,6.373307999999999751e+00
1.315000000000000000e+03,6.371780000000000221e+00
1.315099999999999909e+03,5.473488999999999827e+00
1.315200000000000045e+03,5.471435999999999744e+00
1.315299999999999955e+03,5.469386000000000081e+00
1.315400000000000091e+03,5.024366999999999805e+00
1.315500000000000000e+03,5.022154999999999703e+00
1.315599999999999909e+03,5.088756000000000057e+00
1.315700000000000045e+03,5.086573999999999707e+00
1.315799999999999955e+03,5.084393999999999636e+00
1.315900000000000091e+03,5.143258000000000330e+00
1.316000000000000000e+03,5.141105999999999732e+00
1.316099999999999909e+03,2.650209999999999955e+00
1.316200000000000045e+03,2.648143999999999831e+00
1.316299999999999955e+03,2.646079999999999988e+00
1.316400000000000091e+03,1.486652000000000085e+00
1.316500000000000000e+03,1.485330999999999957e+00
1.316599999999999909e+03,1.777443000000000106e+00
1.316700000000000045e+03,1.775906999999999902e+00
1.316799999999999955e+03,1.774372000000000060e+00
1.316900000000000091e+03,2.022984000000000115e+00
1.317000000000000000e+03,2.021288999999999891e+00
1.317099999999999909e+03,3.879855000000000054e+00
1.317200000000000045e+03,3.877588999999999952e+00
1.317299999999999955e+03,3.875326999999999966e+00
1.317400000000000091e+03,4.822724000000000011e+00
1.317500000000000000e+03,4.820573000000000441e+00
1.317599999999999909e+03,4.724108000000000196e+00
1.317700000000000045e+03,4.721937999999999747e+00
1.317799999999999955e+03,4.719770999999999717e+00
1.317900000000000091e+03,4.620434000000000374e+00
1.318000000000000000e+03,4.618249999999999744e+00
1.318099999999999909e+03,4.539210999999999885e+00
1.318200000000000045e+03,4.537016000000000382e+00
1.318299999999999955e+03,4.534824999999999662e+00
1.318400000000000091e+03,4.471710999999999991e+00
1.318500000000000000e+03,4.469514000000000209e+00
1.318599999999999909e+03,4.418433000000000277e+00
1.318700000000000045e+03,4.416233000000000075e+00
1.318799999999999955e+03,4.414037000000000432e+00
1.318900000000000091e+03,4.372321999999999598e+00
1.319000000000000000e+03,4.370160000000000267e+00
1.319099999999999909e+03,9.466991000000000156e+00
1.319200000000000045e+03,9.469958000000000098e+00
1.319299999999999955e+03,9.472920999999999481e+00
1.319400000000000091e+03,1.187462799999999952e+01
1.319500000000000000e+03,1.188296799999999998e+01
1.319599999999999909e+03,1.123724299999999943e+01
1.319700000000000045e+03,1.124390900000000038e+01
1.319799999999999955e+03,1.125056499999999993e+01
1.319900000000000091e+03,1.070195700000000016e+01
1.320000000000000000e+03,1.070730799999999938e+01
1.320099999999999909e+03,1.286822800000000022e+01
1.320200000000000045e+03,1.287913299999999950e+01
1.320299999999999955e+03,1.289002400000000037e+01
1.320400000000000091e+03,1.380361399999999961e+01
1.320500000000000000e+03,1.381723900000000071e+01
1.320599999999999909e+03,1.328618499999999969e+01
1.320700000000000045e+03,1.329807899999999954e+01
1.320799999999999955e+03,1.330995700000000070e+01
1.320900000000000091e+03,1.288650799999999919e+01
1.321000000000000000e+03,1.289707399999999993e+01
1.321099999999999909e+03,1.601468099999999950e+01
1.321200000000000045e+03,1.603570099999999954e+01
1.321299999999999955e+03,1.605669599999999875e+01
1.321400000000000091e+03,1.745960300000000132e+01
1.321500000000000000e+03,1.748610100000000145e+01
1.321599999999999909e+03,1.692212299999999914e+01
1.321700000000000045e+03,1.694611199999999940e+01
1.321799999999999955e+03,1.697006999999999977e+01
1.321900000000000091e+03,1.651648899999999998e+01
1.322000000000000000e+03,1.653850399999999965e+01
1.322099999999999909e+03,1.878464699999999965e+01
1.322200000000000045e+03,1.881598299999999924e+01
1.322299999999999955e+03,1.884727900000000034e+01
1.322400000000000091e+03,1.984749700000000061e+01
1.322500000000000000e+03,1.988326299999999947e+01
1.322599999999999909e+03,1.943464000000000169e+01
1.322700000000000045e+03,1.946799299999999988e+01
1.322799999999999955e+03,1.950130400000000108e+01
1.322900000000000091e+03,1.915063299999999913e+01
1.323000000000000000e+03,1.918211499999999958e+01
1.323099999999999909e+03,2.236997500000000016e+01
1.323200000000000045e+03,2.241705899999999829e+01
1.323299999999999955e+03,2.246408500000000075e+01
1.323400000000000091e+03,2.395424300000000173e+01
1.323500000000000000e+03,2.400883100000000070e+01
1.323599999999999909e+03,2.353236100000000164e+01
1.323700000000000045e+03,2.358375300000000152e+01
1.323799999999999955e+03,2.363510799999999890e+01
1.323900000000000091e+03,2.326058499999999896e+01
1.324000000000000000e+03,2.330946099999999888e+01
1.324099999999999909e+03,2.219797000000000153e+01
1.324200000000000045e+03,2.224068300000000065e+01
1.324299999999999955e+03,2.228333999999999904e+01
1.324400000000000091e+03,2.170232999999999990e+01
1.324500000000000000e+03,2.174181199999999947e+01
1.324599999999999909e+03,2.173266299999999873e+01
1.324700000000000045e+03,2.177180600000000155e+01
1.324799999999999955e+03,2.181089700000000065e+01
1.324900000000000091e+03,2.184039599999999837e+01
1.325000000000000000e+03,2.187933599999999856e+01
1.325099999999999909e+03,1.850873100000000093e+01
1.325200000000000045e+03,1.853288699999999878e+01
1.325299999999999955e+03,1.855700900000000075e+01
1.325400000000000091e+03,1.694062800000000024e+01
1.325500000000000000e+03,1.695878599999999992e+01
1.325599999999999909e+03,1.735040300000000002e+01
1.325700000000000045e+03,1.736978399999999922e+01
1.325799999999999955e+03,1.738913700000000162e+01
1.325900000000000091e+03,1.774854200000000048e+01
1.326000000000000000e+03,1.776902600000000021e+01
1.326099999999999909e+03,1.295103199999999966e+01
1.326200000000000045e+03,1.295744400000000063e+01
1.326299999999999955e+03,1.296384699999999945e+01
1.326400000000000091e+03,1.067944199999999988e+01
1.326500000000000000e+03,1.068140600000000084e+01
1.326599999999999909e+03,1.133951199999999915e+01
1.326700000000000045e+03,1.134259199999999979e+01
1.326799999999999955e+03,1.134566700000000061e+01
1.326900000000000091e+03,1.192216499999999968e+01
1.327000000000000000e+03,1.192630300000000076e+01
1.327099999999999909e+03,9.828784000000000631e+00
1.327200000000000045e+03,9.829411999999999594e+00
1.327299999999999955e+03,9.830038000000000054e+00
1.327400000000000091e+03,8.918495000000000061e+00
1.327500000000000000e+03,8.917973999999999180e+00
1.327599999999999909e+03,9.420320000000000249e+00
1.327700000000000045e+03,9.420405999999999835e+00
1.327799999999999955e+03,9.420491000000000170e+00
1.327900000000000091e+03,9.842190000000000438e+00
1.328000000000000000e+03,9.842833999999999861e+00
1.328099999999999909e+03,8.472887000000000057e+00
1.328200000000000045e+03,8.471887000000000612e+00
1.328299999999999955e+03,8.470886999999999389e+00
1.328400000000000091e+03,7.880707000000000129e+00
1.328500000000000000e+03,7.879158999999999580e+00
1.328599999999999909e+03,8.226164999999999949e+00
1.328700000000000045e+03,8.224935999999999581e+00
1.328799999999999955e+03,8.223710000000000520e+00
1.328900000000000091e+03,8.511988000000000554e+00
1.329000000000000000e+03,8.511053000000000424e+00
1.329099999999999909e+03,8.734180999999999528e+00
1.329200000000000045e+03,8.733487000000000222e+00
1.329299999999999955e+03,8.732794000000000167e+00
1.329400000000000091e+03,8.905065000000000452e+00
1.329500000000000000e+03,8.904567000000000121e+00
1.329599999999999909e+03,9.037188000000000443e+00
1.329700000000000045e+03,9.036846000000000600e+00
1.329799999999999955e+03,9.036504000000000758e+00
1.329900000000000091e+03,9.138512999999999664e+00
1.330000000000000000e+03,9.138293000000000887e+00
1.330099999999999909e+03,9.216466999999999743e+00
1.330200000000000045e+03,9.216343000000000174e+00
1.330299999999999955e+03,9.216219999999999857e+00
1.330400000000000091e+03,9.276013999999999982e+00
1.330500000000000000e+03,9.275964999999999350e+00
1.330599999999999909e+03,9.321464000000000638e+00
1.330700000000000045e+03,9.321471000000000728e+00
1.330799999999999955e+03,9.321479000000000070e+00
1.330900000000000091e+03,9.355966999999999700e+00
1.331000000000000000e+03,9.356016999999999584e+00
1.331099999999999909e+03,9.381951000000000818e+00
1.331200000000000045e+03,9.382035000000000124e+00
1.331299999999999955e+03,9.382118000000000180e+00
1.331400000000000091e+03,9.401471000000000799e+00
1.331500000000000000e+03,9.401578999999999908e+00
1.331599999999999909e+03,9.415829999999999700e+00
1.331700000000000045e+03,9.415955000000000297e+00
1.331799999999999955e+03,9.416079999999999117e+00
1.331900000000000091e+03,9.426411999999999125e+00
1.332000000000000000e+03,9.426550000000000651e+00
1.332099999999999909e+03,8.584265000000000256e+00
1.332200000000000045e+03,8.583418999999999244e+00
1.332299999999999955e+03,8.582575000000000287e+00
1.332400000000000091e+03,8.164438000000000528e+00
1.332500000000000000e+03,8.163180000000000547e+00
1.332599999999999909e+03,8.239841000000000193e+00
1.332700000000000045e+03,8.238661000000000456e+00
1.332799999999999955e+03,8.237481999999999971e+00
1.332900000000000091e+03,8.305118999999999474e+00
1.333000000000000000e+03,8.304012999999999423e+00
1.333099999999999909e+03,6.653281999999999918e+00
1.333200000000000045e+03,6.650934000000000346e+00
1.333299999999999955e+03,6.648590000000000444e+00
1.333400000000000091e+03,5.838528000000000162e+00
1.333500000000000000e+03,5.835853000000000179e+00
1.333599999999999909e+03,6.009618999999999822e+00
1.333700000000000045e+03,6.007011999999999574e+00
1.333799999999999955e+03,6.004410000000000025e+00
1.333900000000000091e+03,6.155616000000000199e+00
1.334000000000000000e+03,6.153080000000000105e+00
1.334099999999999909e+03,6.266962000000000366e+00
1.334200000000000045e+03,6.264483000000000246e+00
1.334299999999999955e+03,6.262007999999999797e+00
1.334400000000000091e+03,6.346433000000000213e+00
1.334500000000000000e+03,6.344006000000000256e+00
1.334599999999999909e+03,6.405508000000000202e+00
1.334700000000000045e+03,6.403119000000000227e+00
1.334799999999999955e+03,6.400733999999999924e+00
1.334900000000000091e+03,6.444511000000000323e+00
1.335000000000000000e+03,6.442155999999999771e+00
1.335099999999999909e+03,6.472179999999999822e+00
1.335200000000000045e+03,6.469847999999999821e+00
1.335299999999999955e+03,6.467520000000000380e+00
1.335400000000000091e+03,6.486920999999999715e+00
1.335500000000000000e+03,6.484611000000000125e+00
1.335599999999999909e+03,6.495790000000000397e+00
1.335700000000000045e+03,6.493495000000000239e+00
1.335799999999999955e+03,6.491202999999999612e+00
1.335900000000000091e+03,6.496049000000000184e+00
1.336000000000000000e+03,6.493768000000000207e+00
1.336099999999999909e+03,8.196407000000000664e+00
1.336200000000000045e+03,8.195437000000000083e+00
1.336299999999999955e+03,8.194468999999999781e+00
1.336400000000000091e+03,9.033314000000000732e+00
1.336500000000000000e+03,9.033293000000000461e+00
1.336599999999999909e+03,8.873044000000000153e+00
1.336700000000000045e+03,8.872828000000000159e+00
1.336799999999999955e+03,8.872612000000000165e+00
1.336900000000000091e+03,8.726796999999999471e+00
1.337000000000000000e+03,8.726411000000000584e+00
1.337099999999999909e+03,8.611966000000000676e+00
1.337200000000000045e+03,8.611451000000000633e+00
1.337299999999999955e+03,8.610936000000000590e+00
1.337400000000000091e+03,8.521105999999999625e+00
1.337500000000000000e+03,8.520493999999999346e+00
1.337599999999999909e+03,8.449775000000000702e+00
1.337700000000000045e+03,8.449087999999999710e+00
1.337799999999999955e+03,8.448401999999999745e+00
1.337900000000000091e+03,8.392388999999999655e+00
1.338000000000000000e+03,8.391645999999999717e+00
1.338099999999999909e+03,9.197374999999999190e+00
1.338200000000000045e+03,9.197585000000000122e+00
1.338299999999999955e+03,9.197794999999999277e+00
1.338400000000000091e+03,9.582520000000000593e+00
1.338500000000000000e+03,9.583244999999999791e+00
1.338599999999999909e+03,9.476601999999999748e+00
1.338700000000000045e+03,9.477176999999999296e+00
1.338799999999999955e+03,9.477750999999999593e+00
1.338900000000000091e+03,9.385009999999999408e+00
1.339000000000000000e+03,9.385457000000000605e+00
1.339099999999999909e+03,9.313608000000000331e+00
1.339200000000000045e+03,9.313955999999999236e+00
1.339299999999999955e+03,9.314303999999999917e+00
1.339400000000000091e+03,9.258729000000000653e+00
1.339500000000000000e+03,9.259002999999999872e+00
1.339599999999999909e+03,9.216048999999999936e+00
1.339700000000000045e+03,9.216265999999999181e+00
1.339799999999999955e+03,9.216481999999999175e+00
1.339900000000000091e+03,9.183215000000000572e+00
1.340000000000000000e+03,9.183386999999999745e+00
1.340099999999999909e+03,1.000798499999999969e+01
1.340200000000000045e+03,1.000930999999999926e+01
1.340299999999999955e+03,1.001063300000000034e+01
1.340400000000000091e+03,1.041129399999999983e+01
1.340500000000000000e+03,1.041323900000000080e+01
1.340599999999999909e+03,1.031993600000000022e+01
1.340700000000000045e+03,1.032172199999999940e+01
1.340799999999999955e+03,1.032350500000000082e+01
1.340900000000000091e+03,1.024239700000000042e+01
1.341000000000000000e+03,1.024404400000000059e+01
1.341099999999999909e+03,1.018249999999999922e+01
1.341200000000000045e+03,1.018404300000000084e+01
1.341299999999999955e+03,1.018558400000000042e+01
1.341400000000000091e+03,1.013928699999999949e+01
1.341500000000000000e+03,1.014074899999999957e+01
1.341599999999999909e+03,1.010627599999999937e+01
1.341700000000000045e+03,1.010767799999999994e+01
1.341799999999999955e+03,1.010907899999999948e+01
1.341900000000000091e+03,1.008365000000000045e+01
1.342000000000000000e+03,1.008500500000000066e+01
1.342099999999999909e+03,1.261960900000000052e+01
1.342200000000000045e+03,1.262569300000000005e+01
1.342299999999999955e+03,1.263176799999999922e+01
1.342400000000000091e+03,1.388241299999999967e+01
1.342500000000000000e+03,1.389142999999999972e+01
1.342599999999999909e+03,1.364896099999999990e+01
1.342700000000000045e+03,1.365732000000000035e+01
1.342799999999999955e+03,1.366566699999999912e+01
1.342900000000000091e+03,1.345336099999999924e+01
1.343000000000000000e+03,1.346114599999999939e+01
1.343099999999999909e+03,1.330256999999999934e+01
1.343200000000000045e+03,1.330993600000000043e+01
1.343299999999999955e+03,1.331729100000000088e+01
1.343400000000000091e+03,1.320037899999999986e+01
1.343500000000000000e+03,1.320742199999999933e+01
1.343599999999999909e+03,1.312281800000000054e+01
1.343700000000000045e+03,1.312963000000000058e+01
1.343799999999999955e+03,1.313643199999999922e+01
1.343900000000000091e+03,1.307648099999999936e+01
1.344000000000000000e+03,1.308311199999999985e+01
1.344099999999999909e+03,1.304227900000000062e+01
1.344200000000000045e+03,1.304878199999999921e+01
1.344299999999999955e+03,1.305527599999999921e+01
1.344400000000000091e+03,1.302906100000000045e+01
1.344500000000000000e+03,1.303546300000000002e+01
1.344599999999999909e+03,1.302058199999999921e+01
1.344700000000000045e+03,1.302691699999999919e+01
1.344799999999999955e+03,1.303324300000000058e+01
1.344900000000000091e+03,1.302704800000000063e+01
1.345000000000000000e+03,1.303332799999999914e+01
1.345099999999999909e+03,1.218316100000000013e+01
1.345200000000000045e+03,1.218762000000000079e+01
1.345299999999999955e+03,1.219207300000000060e+01
1.345400000000000091e+03,1.177439999999999998e+01
1.345500000000000000e+03,1.177802299999999924e+01
1.345599999999999909e+03,1.186089199999999977e+01
1.345700000000000045e+03,1.186465399999999981e+01
1.345799999999999955e+03,1.186841000000000079e+01
1.345900000000000091e+03,1.194651999999999958e+01
1.346000000000000000e+03,1.195040499999999994e+01
1.346099999999999909e+03,1.031525199999999920e+01
1.346200000000000045e+03,1.031635700000000000e+01
1.346299999999999955e+03,1.031746099999999977e+01
1.346400000000000091e+03,9.523196000000000438e+00
1.346500000000000000e+03,9.523211999999999122e+00
1.346599999999999909e+03,9.711657000000000650e+00
1.346700000000000045e+03,9.711914999999999409e+00
1.346799999999999955e+03,9.712172999999999945e+00
1.346900000000000091e+03,9.879657999999999163e+00
1.347000000000000000e+03,9.880136999999999503e+00
1.347099999999999909e+03,9.162546000000000745e+00
1.347200000000000045e+03,9.162119999999999820e+00
1.347299999999999955e+03,9.161694999999999922e+00
1.347400000000000091e+03,8.840377999999999403e+00
1.347500000000000000e+03,8.839596000000000231e+00
1.347599999999999909e+03,8.991611999999999938e+00
1.347700000000000045e+03,8.990999999999999659e+00
1.347799999999999955e+03,8.990389000000000408e+00
1.347900000000000091e+03,9.118334000000000827e+00
1.348000000000000000e+03,9.117869999999999919e+00
1.348099999999999909e+03,7.517879999999999896e+00
1.348200000000000045e+03,7.515914999999999679e+00
1.348299999999999955e+03,7.513952999999999882e+00
1.348400000000000091e+03,6.740188999999999986e+00
1.348500000000000000e+03,6.737756000000000078e+00
1.348599999999999909e+03,6.938540999999999848e+00
1.348700000000000045e+03,6.936226999999999698e+00
1.348799999999999955e+03,6.933917000000000108e+00
1.348900000000000091e+03,7.107624000000000386e+00
1.349000000000000000e+03,7.105425999999999576e+00
1.349099999999999909e+03,3.017059999999999853e+00
1.349200000000000045e+03,3.014574000000000087e+00
1.349299999999999955e+03,3.012091999999999992e+00
1.349400000000000091e+03,1.054076999999999931e+00
1.349500000000000000e+03,1.053039000000000058e+00
1.349599999999999909e+03,1.462868000000000057e+00
1.349700000000000045e+03,1.461448999999999998e+00
1.349799999999999955e+03,1.460031000000000079e+00
1.349900000000000091e+03,1.820391000000000092e+00
1.350000000000000000e+03,1.818678999999999935e+00
1.350099999999999909e+03,2.910639999999999894e-01
1.350200000000000045e+03,2.910639999999999894e-01
1.350299999999999955e+03,2.910639999999999894e-01
1.350400000000000091e+03,-4.752669999999999950e-01
1.350500000000000000e+03,-4.744149999999999756e-01
1.350599999999999909e+03,-4.592439999999999856e-01
1.350700000000000045e+03,-4.584139999999999882e-01
1.350799999999999955e+03,-4.575850000000000195e-01
1.350900000000000091e+03,-5.012820000000000054e-01
1.351000000000000000e+03,-5.003889999999999727e-01
1.351099999999999909e+03,-2.735208000000000084e+00
1.351200000000000045e+03,-2.730014000000000163e+00
1.351299999999999955e+03,-2.724781000000000120e+00
1.351400000000000091e+03,-3.168944999999999901e+00
1.351500000000000000e+03,-3.163094000000000072e+00
1.351599999999999909e+03,-3.092315999999999843e+00
1.351700000000000045e+03,-3.086632999999999960e+00
1.351799999999999955e+03,-3.080957999999999863e+00
1.351900000000000091e+03,-3.096595000000000208e+00
1.352000000000000000e+03,-3.090882999999999825e+00
1.352099999999999909e+03,-3.126278999999999808e+00
1.352200000000000045e+03,-3.120483999999999813e+00
1.352299999999999955e+03,-3.114695999999999909e+00
1.352400000000000091e+03,-3.151873999999999842e+00
1.352500000000000000e+03,-3.145996999999999932e+00
1.352599999999999909e+03,-3.182646999999999782e+00
1.352700000000000045e+03,-3.176682000000000006e+00
1.352799999999999955e+03,-3.170736999999999917e+00
1.352900000000000091e+03,-3.206748999999999850e+00
1.353000000000000000e+03,-3.200721000000000149e+00
1.353099999999999909e+03,-3.925650000000000084e+00
1.353200000000000045e+03,-3.917638999999999871e+00
1.353299999999999955e+03,-3.909609000000000112e+00
1.353400000000000091e+03,-4.066338000000000008e+00
1.353500000000000000e+03,-4.058028000000000191e+00
1.353599999999999909e+03,-4.063037999999999705e+00
1.353700000000000045e+03,-4.054712000000000316e+00
1.353799999999999955e+03,-4.046396999999999800e+00
1.353900000000000091e+03,-4.075919999999999987e+00
1.354000000000000000e+03,-4.067520000000000024e+00
1.354099999999999909e+03,-4.101252999999999815e+00
1.354200000000000045e+03,-4.092755999999999617e+00
1.354299999999999955e+03,-4.084268999999999927e+00
1.354400000000000091e+03,-4.117784000000000333e+00
1.354500000000000000e+03,-4.109199000000000268e+00
1.354599999999999909e+03,-4.142165000000000319e+00
1.354700000000000045e+03,-4.133481999999999879e+00
1.354799999999999955e+03,-4.124810000000000088e+00
1.354900000000000091e+03,-4.157148000000000287e+00
1.355000000000000000e+03,-4.148379000000000261e+00
1.355099999999999909e+03,-5.496421999999999919e+00
1.355200000000000045e+03,-5.483265000000000278e+00
1.355299999999999955e+03,-5.470049999999999635e+00
1.355400000000000091e+03,-5.741559999999999775e+00
1.355500000000000000e+03,-5.727832000000000257e+00
1.355599999999999909e+03,-5.694663000000000252e+00
1.355700000000000045e+03,-5.681024999999999991e+00
1.355799999999999955e+03,-5.667398000000000380e+00
1.355900000000000091e+03,-5.685057999999999723e+00
1.356000000000000000e+03,-5.671348000000000056e+00
1.356099999999999909e+03,-6.984195999999999849e+00
1.356200000000000045e+03,-6.965063999999999922e+00
1.356299999999999955e+03,-6.945911999999999864e+00
1.356400000000000091e+03,-7.209209999999999674e+00
1.356500000000000000e+03,-7.189542000000000321e+00
1.356599999999999909e+03,-7.155105999999999966e+00
1.356700000000000045e+03,-7.135569000000000273e+00
1.356799999999999955e+03,-7.116118000000000166e+00
1.356900000000000091e+03,-7.131005000000000038e+00
1.357000000000000000e+03,-7.111445999999999934e+00
1.357099999999999909e+03,-7.763196999999999903e+00
1.357200000000000045e+03,-7.740526000000000018e+00
1.357299999999999955e+03,-7.717810000000000059e+00
1.357400000000000091e+03,-7.849526000000000003e+00
1.357500000000000000e+03,-7.826480000000000103e+00
1.357599999999999909e+03,-7.822757000000000183e+00
1.357700000000000045e+03,-7.799662999999999791e+00
1.357799999999999955e+03,-7.776589000000000418e+00
1.357900000000000091e+03,-7.794114999999999682e+00
1.358000000000000000e+03,-7.770893000000000050e+00
1.358099999999999909e+03,-8.401035000000000252e+00
1.358200000000000045e+03,-8.374442999999999415e+00
1.358299999999999955e+03,-8.347803000000000750e+00
1.358400000000000091e+03,-8.471524000000000498e+00
1.358500000000000000e+03,-8.444542000000000215e+00
1.358599999999999909e+03,-8.437049000000000021e+00
1.358700000000000045e+03,-8.410016000000000602e+00
1.358799999999999955e+03,-8.383005999999999958e+00
1.358900000000000091e+03,-8.396029000000000408e+00
1.359000000000000000e+03,-8.368862000000000023e+00
1.359099999999999909e+03,-9.565825000000000244e+00
1.359200000000000045e+03,-9.531636999999999915e+00
1.359299999999999955e+03,-9.497336999999999918e+00
1.359400000000000091e+03,-9.723300000000000054e+00
1.359500000000000000e+03,-9.688340000000000174e+00
1.359599999999999909e+03,-9.643072000000000088e+00
1.359700000000000045e+03,-9.608226000000000155e+00
1.359799999999999955e+03,-9.573404999999999276e+00
1.359900000000000091e+03,-9.572692999999999230e+00
1.360000000000000000e+03,-9.537722000000000477e+00
1.360099999999999909e+03,-8.976229000000000013e+00
1.360200000000000045e+03,-8.944406000000000745e+00
1.360299999999999955e+03,-8.912606999999999502e+00
1.360400000000000091e+03,-8.715030999999999750e+00
1.360500000000000000e+03,-8.684174000000000504e+00
1.360599999999999909e+03,-8.763880999999999588e+00
1.360700000000000045e+03,-8.732492999999999839e+00
1.360799999999999955e+03,-8.701072999999999169e+00
1.360900000000000091e+03,-8.748723000000000027e+00
1.361000000000000000e+03,-8.716941999999999524e+00
1.361099999999999909e+03,-4.344002999999999837e+00
1.361200000000000045e+03,-4.332963999999999594e+00
1.361299999999999955e+03,-4.321934999999999860e+00
1.361400000000000091e+03,-2.733833999999999875e+00
1.361500000000000000e+03,-2.727611000000000008e+00
1.361599999999999909e+03,-3.301769000000000176e+00
1.361700000000000045e+03,-3.294111000000000011e+00
1.361799999999999955e+03,-3.286372000000000071e+00
1.361900000000000091e+03,-3.572671999999999848e+00
1.362000000000000000e+03,-3.564146000000000036e+00
1.362099999999999909e+03,1.554469000000000101e+00
1.362200000000000045e+03,1.553304999999999936e+00
1.362299999999999955e+03,1.552141999999999911e+00
1.362400000000000091e+03,3.206825999999999954e+00
1.362500000000000000e+03,3.205424999999999969e+00
1.362599999999999909e+03,3.007976000000000205e+00
1.362700000000000045e+03,3.006530999999999842e+00
1.362799999999999955e+03,3.005087000000000064e+00
1.362900000000000091e+03,2.815109999999999779e+00
1.363000000000000000e+03,2.813641000000000059e+00
1.363099999999999909e+03,1.131612400000000029e+01
1.363200000000000045e+03,1.133346200000000081e+01
1.363299999999999955e+03,1.135078400000000087e+01
1.363400000000000091e+03,1.483896200000000043e+01
1.363500000000000000e+03,1.487405599999999950e+01
1.363599999999999909e+03,1.308423299999999934e+01
1.363700000000000045e+03,1.310922799999999988e+01
1.363799999999999955e+03,1.313419200000000053e+01
1.363900000000000091e+03,1.177425400000000089e+01
1.364000000000000000e+03,1.179251299999999958e+01
1.364099999999999909e+03,1.782919000000000054e+01
1.364200000000000045e+03,1.788183199999999928e+01
1.364299999999999955e+03,1.793442699999999945e+01
1.364400000000000091e+03,2.021866999999999948e+01
1.364500000000000000e+03,2.028806300000000107e+01
1.364599999999999909e+03,1.853755699999999962e+01
1.364700000000000045e+03,1.859299299999999988e+01
1.364799999999999955e+03,1.864837699999999998e+01
1.364900000000000091e+03,1.736185299999999998e+01
1.365000000000000000e+03,1.740797999999999845e+01
1.365099999999999909e+03,1.135975900000000038e+01
1.365200000000000045e+03,1.137439400000000056e+01
1.365299999999999955e+03,1.138901500000000055e+01
1.365400000000000091e+03,8.635270000000000223e+00
1.365500000000000000e+03,8.641049000000000646e+00
1.365599999999999909e+03,9.217878000000000682e+00
1.365700000000000045e+03,9.225180999999999187e+00
1.365799999999999955e+03,9.232476000000000127e+00
1.365900000000000091e+03,9.735749000000000208e+00
1.366000000000000000e+03,9.744474999999999554e+00
1.366099999999999909e+03,4.075177000000000049e+00
1.366200000000000045e+03,4.073845000000000383e+00
1.366299999999999955e+03,4.072515000000000107e+00
1.366400000000000091e+03,1.781598999999999933e+00
1.366500000000000000e+03,1.780256000000000061e+00
1.366599999999999909e+03,2.993205000000000116e+00
1.366700000000000045e+03,2.991569999999999840e+00
1.366799999999999955e+03,2.989936999999999845e+00
1.366900000000000091e+03,3.957107999999999848e+00
1.367000000000000000e+03,3.955745999999999984e+00
1.367099999999999909e+03,-6.209588000000000108e+00
1.367200000000000045e+03,-6.187272000000000105e+00
1.367299999999999955e+03,-6.167472000000000065e+00
1.367400000000000091e+03,-4.890615999999999630e+00
1.367500000000000000e+03,-4.877679999999999794e+00
1.367599999999999909e+03,-9.693180000000000129e-01
1.367700000000000045e+03,-9.674819999999999531e-01
1.367799999999999955e+03,-9.656479999999999508e-01
1.367900000000000091e+03,4.436999999999999972e-03
1.368000000000000000e+03,4.720000000000000237e-03
1.368099999999999909e+03,-6.037881999999999749e+00
1.368200000000000045e+03,-6.017578999999999567e+00
1.368299999999999955e+03,-5.996883000000000408e+00
1.368400000000000091e+03,-7.166261999999999688e+00
1.368500000000000000e+03,-7.142689999999999984e+00
1.368599999999999909e+03,-6.834806999999999633e+00
1.368700000000000045e+03,-6.812884999999999636e+00
1.368799999999999955e+03,-6.791000000000000369e+00
1.368900000000000091e+03,-6.735039999999999694e+00
1.369000000000000000e+03,-6.713354999999999961e+00
1.369099999999999909e+03,-5.114195999999999742e+00
1.369200000000000045e+03,-5.099715999999999916e+00
1.369299999999999955e+03,-5.085244999999999571e+00
1.369400000000000091e+03,-4.516402000000000250e+00
1.369500000000000000e+03,-4.504127999999999687e+00
1.369599999999999909e+03,-4.719750999999999586e+00
1.369700000000000045e+03,-4.706981999999999999e+00
1.369799999999999955e+03,-4.694101999999999997e+00
1.369900000000000091e+03,-4.805657000000000068e+00
1.370000000000000000e+03,-4.792412999999999812e+00
1.370099999999999909e+03,2.213950000000000085e-01
1.370200000000000045e+03,2.213920000000000055e-01
1.370299999999999955e+03,2.213900000000000035e-01
1.370400000000000091e+03,1.299347000000000030e+00
1.370500000000000000e+03,1.298340000000000050e+00
1.370599999999999909e+03,1.262378000000000000e+00
1.370700000000000045e+03,1.261395000000000044e+00
1.370799999999999955e+03,1.260413999999999923e+00
1.370900000000000091e+03,1.199354999999999949e+00
1.371000000000000000e+03,1.198415999999999926e+00
1.371099999999999909e+03,5.721815999999999569e+00
1.371200000000000045e+03,5.723301000000000194e+00
1.371299999999999955e+03,5.724783000000000399e+00
1.371400000000000091e+03,7.671381000000000228e+00
1.371500000000000000e+03,7.677280999999999800e+00
1.371599999999999909e+03,6.767775999999999570e+00
1.371700000000000045e+03,6.771334000000000408e+00
1.371799999999999955e+03,6.774888999999999939e+00
1.371900000000000091e+03,6.080796000000000312e+00
1.372000000000000000e+03,6.082872000000000057e+00
1.372099999999999909e+03,5.619874000000000258e+00
1.372200000000000045e+03,5.621108999999999689e+00
1.372299999999999955e+03,5.622341999999999729e+00
1.372400000000000091e+03,5.315008999999999872e+00
1.372500000000000000e+03,5.315749000000000279e+00
1.372599999999999909e+03,5.112098999999999727e+00
1.372700000000000045e+03,5.112540000000000084e+00
1.372799999999999955e+03,5.112981000000000442e+00
1.372900000000000091e+03,4.977903000000000411e+00
1.373000000000000000e+03,4.978157999999999639e+00
1.373099999999999909e+03,-7.029429999999999845e-01
1.373200000000000045e+03,-7.009840000000000515e-01
1.373299999999999955e+03,-6.991760000000000197e-01
1.373400000000000091e+03,-9.294689999999999896e-01
1.373500000000000000e+03,-9.276469999999999994e-01
1.373599999999999909e+03,7.182009999999999783e-01
1.373700000000000045e+03,7.176550000000000429e-01
1.373799999999999955e+03,7.171100000000000252e-01
1.373900000000000091e+03,1.052118000000000109e+00
1.374000000000000000e+03,1.051288999999999918e+00
1.374099999999999909e+03,-1.040434999999999999e+00
1.374200000000000045e+03,-1.038067000000000073e+00
1.374299999999999955e+03,-1.035590000000000011e+00
1.374400000000000091e+03,-1.945626000000000078e+00
1.374500000000000000e+03,-1.941553000000000084e+00
1.374599999999999909e+03,-2.000757000000000119e+00
1.374700000000000045e+03,-1.996526000000000023e+00
1.374799999999999955e+03,-1.992297999999999902e+00
1.374900000000000091e+03,-2.030794000000000210e+00
1.375000000000000000e+03,-2.026460999999999846e+00
1.375099999999999909e+03,-6.070129999999999804e+00
1.375200000000000045e+03,-6.048074999999999868e+00
1.375299999999999955e+03,-6.025711000000000261e+00
1.375400000000000091e+03,-6.791121000000000407e+00
1.375500000000000000e+03,-6.766734999999999722e+00
1.375599999999999909e+03,-6.556338000000000221e+00
1.375700000000000045e+03,-6.533247000000000249e+00
1.375799999999999955e+03,-6.510167000000000037e+00
1.375900000000000091e+03,-6.469178000000000317e+00
1.376000000000000000e+03,-6.446221999999999674e+00
1.376099999999999909e+03,-1.416944900000000018e+01
1.376200000000000045e+03,-1.407256199999999957e+01
1.376299999999999955e+03,-1.397425699999999971e+01
1.376400000000000091e+03,-1.534111000000000047e+01
1.376500000000000000e+03,-1.523600899999999925e+01
1.376599999999999909e+03,-1.474697199999999953e+01
1.376700000000000045e+03,-1.464674699999999952e+01
1.376799999999999955e+03,-1.454655600000000071e+01
1.376900000000000091e+03,-1.439884200000000014e+01
1.377000000000000000e+03,-1.429931999999999981e+01
1.377099999999999909e+03,-2.225363300000000066e+01
1.377200000000000045e+03,-2.200755600000000101e+01
1.377299999999999955e+03,-2.175348699999999980e+01
1.377400000000000091e+03,-2.299095000000000155e+01
1.377500000000000000e+03,-2.272125099999999875e+01
1.377599999999999909e+03,-2.205386100000000127e+01
1.377700000000000045e+03,-2.179552699999999987e+01
1.377799999999999955e+03,-2.154799500000000023e+01
1.377900000000000091e+03,-2.125871100000000169e+01
1.378000000000000000e+03,-2.101231699999999947e+01
1.378099999999999909e+03,-2.080680999999999869e+01
1.378200000000000045e+03,-2.055970399999999998e+01
1.378299999999999955e+03,-2.031175800000000109e+01
1.378400000000000091e+03,-2.010717400000000055e+01
1.378500000000000000e+03,-1.985500800000000154e+01
1.378599999999999909e+03,-1.964697999999999922e+01
1.378700000000000045e+03,-1.939412499999999895e+01
1.378799999999999955e+03,-1.914145900000000111e+01
1.378900000000000091e+03,-1.892929799999999929e+01
1.379000000000000000e+03,-1.867597200000000157e+01
1.379099999999999909e+03,-1.846096599999999910e+01
1.379200000000000045e+03,-1.820700400000000130e+01
1.379299999999999955e+03,-1.795322000000000173e+01
1.379400000000000091e+03,-1.773467700000000136e+01
1.379500000000000000e+03,-1.748021200000000164e+01
1.379599999999999909e+03,-1.725908499999999890e+01
1.379700000000000045e+03,-1.700402800000000170e+01
1.379799999999999955e+03,-1.674913899999999956e+01
1.379900000000000091e+03,-1.652477700000000027e+01
1.380000000000000000e+03,-1.626991399999999999e+01
1.380099999999999909e+03,-1.604345999999999961e+01
1.380200000000000045e+03,-1.578810200000000030e+01
1.380299999999999955e+03,-1.553288099999999972e+01
1.380400000000000091e+03,-1.530147999999999975e+01
1.380500000000000000e+03,-1.504570900000000044e+01
1.380599999999999909e+03,-1.481143199999999993e+01
1.380700000000000045e+03,-1.455521500000000046e+01
1.380799999999999955e+03,-1.429912500000000009e+01
1.380900000000000091e+03,-1.406219800000000042e+01
1.381000000000000000e+03,-1.380568500000000043e+01
1.381099999999999909e+03,-5.937495000000000189e+00
1.381200000000000045e+03,-5.881910000000000416e+00
1.381299999999999955e+03,-5.826354000000000255e+00
1.381400000000000091e+03,-3.063613999999999837e+00
1.381500000000000000e+03,-3.042152000000000189e+00
1.381599999999999909e+03,-4.013722999999999708e+00
1.381700000000000045e+03,-3.982463000000000086e+00
1.381799999999999955e+03,-3.949850000000000083e+00
1.381900000000000091e+03,-4.398916999999999966e+00
1.382000000000000000e+03,-4.361233000000000359e+00
1.382099999999999909e+03,1.127411799999999964e+01
1.382200000000000045e+03,1.139745199999999947e+01
1.382299999999999955e+03,1.152075699999999969e+01
1.382400000000000091e+03,1.736950099999999964e+01
1.382500000000000000e+03,1.765412800000000004e+01
1.382599999999999909e+03,1.424233199999999933e+01
1.382700000000000045e+03,1.441764000000000046e+01
1.382799999999999955e+03,1.459286999999999956e+01
1.382900000000000091e+03,1.207948400000000078e+01
1.383000000000000000e+03,1.219375400000000020e+01
1.383099999999999909e+03,1.988981499999999869e+01
1.383200000000000045e+03,2.020452999999999832e+01
1.383299999999999955e+03,2.051910900000000026e+01
1.383400000000000091e+03,2.316075100000000120e+01
1.383500000000000000e+03,2.355123999999999995e+01
1.383599999999999909e+03,2.052178699999999978e+01
1.383700000000000045e+03,2.080527100000000118e+01
1.383799999999999955e+03,2.108861800000000031e+01
1.383900000000000091e+03,1.899134099999999847e+01
1.384000000000000000e+03,1.921270200000000017e+01
1.384099999999999909e+03,1.204382900000000056e+01
1.384200000000000045e+03,1.212251599999999918e+01
1.384299999999999955e+03,1.220115000000000016e+01
1.384400000000000091e+03,9.380390999999999480e+00
1.384500000000000000e+03,9.423140999999999323e+00
1.384599999999999909e+03,1.067533099999999990e+01
1.384700000000000045e+03,1.073158699999999932e+01
1.384799999999999955e+03,1.078780199999999923e+01
1.384900000000000091e+03,1.176030800000000021e+01
1.385000000000000000e+03,1.182768100000000011e+01
1.385099999999999909e+03,-6.140160000000000062e-01
1.385200000000000045e+03,-6.099010000000000264e-01
1.385299999999999955e+03,-6.068400000000000460e-01
1.385400000000000091e+03,8.007400000000000628e-02
1.385500000000000000e+03,8.035599999999999687e-02
1.385599999999999909e+03,2.760628000000000082e+00
1.385700000000000045e+03,2.761248000000000147e+00
1.385799999999999955e+03,2.761868000000000212e+00
1.385900000000000091e+03,4.439493999999999829e+00
1.386000000000000000e+03,4.444976999999999734e+00
1.386099999999999909e+03,4.091056000000000026e+00
1.386200000000000045e+03,4.095193000000000083e+00
1.386299999999999955e+03,4.099326999999999721e+00
1.386400000000000091e+03,4.238700999999999830e+00
1.386500000000000000e+03,4.243311000000000277e+00
1.386599999999999909e+03,4.989514999999999922e+00
1.386700000000000045e+03,4.997161000000000186e+00
1.386799999999999955e+03,5.004801999999999751e+00
1.386900000000000091e+03,5.493918999999999997e+00
1.387000000000000000e+03,5.503867999999999761e+00
1.387099999999999909e+03,1.204930599999999963e+01
1.387200000000000045e+03,1.211772000000000027e+01
1.387299999999999955e+03,1.218608399999999925e+01
1.387400000000000091e+03,1.462107899999999994e+01
1.387500000000000000e+03,1.472193900000000077e+01
1.387599999999999909e+03,1.311683500000000002e+01
1.387700000000000045e+03,1.319369999999999976e+01
1.387799999999999955e+03,1.327050900000000055e+01
1.387900000000000091e+03,1.215049400000000013e+01
1.388000000000000000e+03,1.221262899999999973e+01
1.388099999999999909e+03,2.123227199999999826e+01
1.388200000000000045e+03,2.143769599999999897e+01
1.388299999999999955e+03,2.164297499999999985e+01
1.388400000000000091e+03,2.481802599999999970e+01
1.388500000000000000e+03,2.508600799999999964e+01
1.388599999999999909e+03,2.223409399999999891e+01
1.388700000000000045e+03,2.243674499999999838e+01
1.388799999999999955e+03,2.263924599999999998e+01
1.388900000000000091e+03,2.069048199999999937e+01
1.389000000000000000e+03,2.085447399999999973e+01
1.389099999999999909e+03,2.708877800000000136e+01
1.389200000000000045e+03,2.737413499999999900e+01
1.389299999999999955e+03,2.765936500000000109e+01
1.389400000000000091e+03,2.978252600000000072e+01
1.389500000000000000e+03,3.010818400000000139e+01
1.389599999999999909e+03,2.754492199999999968e+01
1.389700000000000045e+03,2.780436600000000169e+01
1.389799999999999955e+03,2.805596900000000105e+01
1.389900000000000091e+03,2.640965200000000124e+01
1.390000000000000000e+03,2.662655099999999919e+01
1.390099999999999909e+03,2.318106399999999923e+01
1.390200000000000045e+03,2.333894199999999941e+01
1.390299999999999955e+03,2.349985799999999969e+01
1.390400000000000091e+03,2.218640800000000013e+01
1.390500000000000000e+03,2.232867099999999994e+01
1.390599999999999909e+03,2.290156500000000150e+01
1.390700000000000045e+03,2.304975800000000064e+01
1.390799999999999955e+03,2.319790800000000175e+01
1.390900000000000091e+03,2.367640799999999857e+01
1.391000000000000000e+03,2.382907099999999900e+01
1.391099999999999909e+03,1.433945399999999992e+01
1.391200000000000045e+03,1.438689800000000041e+01
1.391299999999999955e+03,1.443430900000000072e+01
1.391400000000000091e+03,1.122640799999999928e+01
1.391500000000000000e+03,1.125165999999999933e+01
1.391599999999999909e+03,1.393530200000000008e+01
1.391700000000000045e+03,1.397796800000000061e+01
1.391799999999999955e+03,1.402060400000000051e+01
1.391900000000000091e+03,1.596542400000000050e+01
1.392000000000000000e+03,1.602299100000000109e+01
1.392099999999999909e+03,7.676415999999999684e+00
1.392200000000000045e+03,7.684378999999999849e+00
1.392299999999999955e+03,7.692334999999999923e+00
1.392400000000000091e+03,4.957391999999999577e+00
1.392500000000000000e+03,4.958455999999999975e+00
1.392599999999999909e+03,7.814817999999999820e+00
1.392700000000000045e+03,7.823146000000000377e+00
1.392799999999999955e+03,7.831465999999999816e+00
1.392900000000000091e+03,9.883139999999999148e+00
1.393000000000000000e+03,9.899642000000000053e+00
1.393099999999999909e+03,3.409558999999999784e+00
1.393200000000000045e+03,3.408669999999999867e+00
1.393299999999999955e+03,3.407830999999999833e+00
1.393400000000000091e+03,1.346014999999999961e+00
1.393500000000000000e+03,1.345029000000000030e+00
1.393599999999999909e+03,3.683079000000000214e+00
1.393700000000000045e+03,3.682474000000000025e+00
1.393799999999999955e+03,3.681869999999999976e+00
1.393900000000000091e+03,5.382182000000000244e+00
1.394000000000000000e+03,5.383949000000000318e+00
1.394099999999999909e+03,1.324681999999999915e+00
1.394200000000000045e+03,1.322740999999999945e+00
1.394299999999999955e+03,1.321215000000000028e+00
1.394400000000000091e+03,7.349689999999999834e-01
1.394500000000000000e+03,7.344300000000000272e-01
1.394599999999999909e+03,2.137830000000000119e+00
1.394700000000000045e+03,2.136624999999999996e+00
1.394799999999999955e+03,2.135419999999999874e+00
1.394900000000000091e+03,3.131921999999999873e+00
1.395000000000000000e+03,3.130959999999999965e+00
1.395099999999999909e+03,2.055384999999999796e+00
1.395200000000000045e+03,2.054189000000000043e+00
1.395299999999999955e+03,2.052993999999999986e+00
1.395400000000000091e+03,1.806902999999999926e+00
1.395500000000000000e+03,1.805749999999999966e+00
1.395599999999999909e+03,2.446762999999999799e+00
1.395700000000000045e+03,2.445559999999999956e+00
1.395799999999999955e+03,2.444358999999999948e+00
1.395900000000000091e+03,2.895513999999999921e+00
1.396000000000000000e+03,2.894455999999999918e+00
1.396099999999999909e+03,-1.394040000000000001e-01
1.396200000000000045e+03,-1.387390000000000012e-01
1.396299999999999955e+03,-1.381209999999999938e-01
1.396400000000000091e+03,-1.641960000000000086e-01
1.396500000000000000e+03,-1.636360000000000037e-01
1.396599999999999909e+03,7.161969999999999725e-01
1.396700000000000045e+03,7.156789999999999541e-01
1.396799999999999955e+03,7.151610000000000467e-01
1.396900000000000091e+03,9.506769999999999943e-01
1.397000000000000000e+03,9.499619999999999731e-01
1.397099999999999909e+03,2.096480000000000010e-01
1.397200000000000045e+03,2.096889999999999865e-01
1.397299999999999955e+03,2.097320000000000018e-01
1.397400000000000091e+03,-3.324719999999999898e-01
1.397500000000000000e+03,-3.316350000000000131e-01
1.397599999999999909e+03,-4.283790000000000098e-01
1.397700000000000045e+03,-4.273830000000000129e-01
1.397799999999999955e+03,-4.263830000000000120e-01
1.397900000000000091e+03,-4.880459999999999798e-01
1.398000000000000000e+03,-4.869419999999999860e-01
1.398099999999999909e+03,-1.492890000000000050e+00
1.398200000000000045e+03,-1.489570000000000061e+00
1.398299999999999955e+03,-1.486224999999999907e+00
1.398400000000000091e+03,-1.686479999999999979e+00
1.398500000000000000e+03,-1.682782999999999918e+00
1.398599999999999909e+03,-1.659618999999999955e+00
1.398700000000000045e+03,-1.655980000000000008e+00
1.398799999999999955e+03,-1.652344999999999953e+00
1.398900000000000091e+03,-1.666014000000000106e+00
1.399000000000000000e+03,-1.662338000000000093e+00
1.399099999999999909e+03,-3.072712999999999806e+00
1.399200000000000045e+03,-3.063998999999999917e+00
1.399299999999999955e+03,-3.055215000000000014e+00
1.399400000000000091e+03,-3.329314999999999802e+00
1.399500000000000000e+03,-3.320069000000000159e+00
1.399599999999999909e+03,-3.266890000000000072e+00
1.399700000000000045e+03,-3.257829000000000086e+00
1.399799999999999955e+03,-3.248772000000000215e+00
1.399900000000000091e+03,-3.252378000000000213e+00
1.400000000000000000e+03,-3.243281000000000081e+00
1.400099999999999909e+03,-4.149760999999999811e+00
1.400200000000000045e+03,-4.136288999999999660e+00
1.400299999999999955e+03,-4.122332000000000107e+00
1.400400000000000091e+03,-4.298093999999999859e+00
1.400500000000000000e+03,-4.283623999999999654e+00
1.400599999999999909e+03,-4.251943999999999946e+00
1.400700000000000045e+03,-4.237586000000000297e+00
1.400799999999999955e+03,-4.223239999999999661e+00
1.400900000000000091e+03,-4.227276999999999951e+00
1.401000000000000000e+03,-4.212860000000000049e+00
1.401099999999999909e+03,-4.655408000000000435e+00
1.401200000000000045e+03,-4.638313000000000130e+00
1.401299999999999955e+03,-4.621177000000000312e+00
1.401400000000000091e+03,-4.705597000000000030e+00
1.401500000000000000e+03,-4.688204999999999956e+00
1.401599999999999909e+03,-4.677655999999999814e+00
1.401700000000000045e+03,-4.660251999999999839e+00
1.401799999999999955e+03,-4.643447000000000102e+00
1.401900000000000091e+03,-4.649257999999999669e+00
1.402000000000000000e+03,-4.632465999999999973e+00
1.402099999999999909e+03,-6.726411999999999836e+00
1.402200000000000045e+03,-6.693965999999999639e+00
1.402299999999999955e+03,-6.661266000000000354e+00
1.402400000000000091e+03,-7.041926000000000130e+00
1.402500000000000000e+03,-7.007890999999999870e+00
1.402599999999999909e+03,-6.889539000000000080e+00
1.402700000000000045e+03,-6.856237000000000137e+00
1.402799999999999955e+03,-6.822957999999999856e+00
1.402900000000000091e+03,-6.793525999999999954e+00
1.403000000000000000e+03,-6.760258000000000322e+00
1.403099999999999909e+03,-1.149905000000000044e+01
1.403200000000000045e+03,-1.140749100000000027e+01
1.403299999999999955e+03,-1.131353700000000018e+01
1.403400000000000091e+03,-1.211907000000000068e+01
1.403500000000000000e+03,-1.202049599999999963e+01
1.403599999999999909e+03,-1.169172799999999945e+01
1.403700000000000045e+03,-1.159673699999999918e+01
1.403799999999999955e+03,-1.150181800000000010e+01
1.403900000000000091e+03,-1.138399099999999997e+01
1.404000000000000000e+03,-1.128956299999999935e+01
1.404099999999999909e+03,-1.806363299999999938e+01
1.404200000000000045e+03,-1.781487699999999919e+01
1.404299999999999955e+03,-1.756346100000000021e+01
1.404400000000000091e+03,-1.857453100000000035e+01
1.404500000000000000e+03,-1.831234200000000101e+01
1.404599999999999909e+03,-1.770660900000000026e+01
1.404700000000000045e+03,-1.745416000000000167e+01
1.404799999999999955e+03,-1.720188399999999973e+01
1.404900000000000091e+03,-1.690752700000000175e+01
1.405000000000000000e+03,-1.665679300000000040e+01
1.405099999999999909e+03,-1.643335300000000032e+01
1.405200000000000045e+03,-1.618259600000000020e+01
1.405299999999999955e+03,-1.593220600000000076e+01
1.405400000000000091e+03,-1.571344900000000067e+01
1.405500000000000000e+03,-1.546236500000000014e+01
1.405599999999999909e+03,-1.523874900000000032e+01
1.405700000000000045e+03,-1.498701200000000000e+01
1.405799999999999955e+03,-1.473540500000000009e+01
1.405900000000000091e+03,-1.450778399999999912e+01
1.406000000000000000e+03,-1.425563099999999928e+01
1.406099999999999909e+03,-9.541325999999999752e+00
1.406200000000000045e+03,-9.419427999999999912e+00
1.406299999999999955e+03,-9.297589000000000325e+00
1.406400000000000091e+03,-7.635320000000000107e+00
1.406500000000000000e+03,-7.545507999999999882e+00
1.406599999999999909e+03,-8.031700999999999979e+00
1.406700000000000045e+03,-7.931460000000000399e+00
1.406799999999999955e+03,-7.829743999999999815e+00
1.406900000000000091e+03,-8.005485000000000184e+00
1.407000000000000000e+03,-7.898850999999999623e+00
1.407099999999999909e+03,-9.986099999999999977e-01
1.407200000000000045e+03,-9.942579999999999751e-01
1.407299999999999955e+03,-9.899080000000000101e-01
1.407400000000000091e+03,9.935060000000000002e-01
1.407500000000000000e+03,9.929409999999999625e-01
1.407599999999999909e+03,5.458699999999999664e-01
1.407700000000000045e+03,5.455029999999999601e-01
1.407799999999999955e+03,5.450220000000000065e-01
1.407900000000000091e+03,1.018330000000000068e-01
1.408000000000000000e+03,1.022070000000000062e-01
1.408099999999999909e+03,3.816370000000000040e+00
1.408200000000000045e+03,3.826295000000000002e+00
1.408299999999999955e+03,3.836215999999999848e+00
1.408400000000000091e+03,5.317600999999999800e+00
1.408500000000000000e+03,5.340624000000000038e+00
1.408599999999999909e+03,4.417281000000000013e+00
1.408700000000000045e+03,4.431314000000000419e+00
1.408799999999999955e+03,4.445342000000000127e+00
1.408900000000000091e+03,3.793734000000000162e+00
1.409000000000000000e+03,3.802766999999999786e+00
1.409099999999999909e+03,2.421098999999999890e+00
1.409200000000000045e+03,2.423061000000000131e+00
1.409299999999999955e+03,2.425021000000000093e+00
1.409400000000000091e+03,1.860376999999999947e+00
1.409500000000000000e+03,1.860762000000000027e+00
1.409599999999999909e+03,2.007490000000000219e+00
1.409700000000000045e+03,2.008208999999999911e+00
1.409799999999999955e+03,2.008926999999999907e+00
1.409900000000000091e+03,2.123378999999999905e+00
1.410000000000000000e+03,2.124391000000000140e+00
1.410099999999999909e+03,7.242199999999999749e-01
1.410200000000000045e+03,7.233150000000000412e-01
1.410299999999999955e+03,7.225629999999999553e-01
1.410400000000000091e+03,4.721750000000000114e-01
1.410500000000000000e+03,4.718930000000000069e-01
1.410599999999999909e+03,8.342709999999999848e-01
1.410700000000000045e+03,8.337160000000000126e-01
1.410799999999999955e+03,8.331619999999999582e-01
1.410900000000000091e+03,1.072985000000000078e+00
1.411000000000000000e+03,1.072429000000000077e+00
1.411099999999999909e+03,-1.152170000000000000e-01
1.411200000000000045e+03,-1.141979999999999940e-01
1.411299999999999955e+03,-1.132879999999999998e-01
1.411400000000000091e+03,1.414430000000000132e-01
1.411500000000000000e+03,1.416979999999999906e-01
1.411599999999999909e+03,5.362299999999999844e-01
1.411700000000000045e+03,5.358730000000000437e-01
1.411799999999999955e+03,5.355170000000000208e-01
1.411900000000000091e+03,6.713219999999999743e-01
1.412000000000000000e+03,6.708479999999999999e-01
1.412099999999999909e+03,7.040269999999999584e-01
1.412200000000000045e+03,7.035320000000000462e-01
1.412299999999999955e+03,7.030359999999999943e-01
1.412400000000000091e+03,6.301120000000000054e-01
1.412500000000000000e+03,6.296680000000000055e-01
1.412599999999999909e+03,5.895789999999999642e-01
1.412700000000000045e+03,5.891680000000000250e-01
1.412799999999999955e+03,5.887580000000000036e-01
1.412900000000000091e+03,5.639729999999999466e-01
1.413000000000000000e+03,5.635860000000000314e-01
1.413099999999999909e+03,2.459960999999999842e+00
1.413200000000000045e+03,2.462390000000000079e+00
1.413299999999999955e+03,2.464818000000000175e+00
1.413400000000000091e+03,3.219362999999999975e+00
1.413500000000000000e+03,3.225401000000000185e+00
1.413599999999999909e+03,2.741887999999999881e+00
1.413700000000000045e+03,2.745417000000000218e+00
1.413799999999999955e+03,2.748943999999999832e+00
1.413900000000000091e+03,2.410124999999999851e+00
1.414000000000000000e+03,2.412256999999999874e+00
1.414099999999999909e+03,8.586105999999999128e+00
1.414200000000000045e+03,8.656074999999999520e+00
1.414299999999999955e+03,8.726015000000000299e+00
1.414400000000000091e+03,1.092798999999999943e+01
1.414500000000000000e+03,1.104012299999999946e+01
1.414599999999999909e+03,9.167954999999999188e+00
1.414700000000000045e+03,9.240944000000000713e+00
1.414799999999999955e+03,9.313900999999999542e+00
1.414900000000000091e+03,8.001405999999999352e+00
1.415000000000000000e+03,8.052412000000000347e+00
1.415099999999999909e+03,1.540420699999999954e+01
1.415200000000000045e+03,1.561038699999999935e+01
1.415299999999999955e+03,1.581647700000000079e+01
1.415400000000000091e+03,1.843955499999999859e+01
1.415500000000000000e+03,1.871526199999999918e+01
1.415599999999999909e+03,1.622629900000000092e+01
1.415700000000000045e+03,1.642436299999999960e+01
1.415799999999999955e+03,1.662233200000000011e+01
1.415900000000000091e+03,1.488110200000000027e+01
1.416000000000000000e+03,1.503384199999999993e+01
1.416099999999999909e+03,1.897140800000000027e+01
1.416200000000000045e+03,1.921575899999999848e+01
1.416299999999999955e+03,1.945999000000000123e+01
1.416400000000000091e+03,2.076391299999999873e+01
1.416500000000000000e+03,2.103597800000000007e+01
1.416599999999999909e+03,1.941418099999999924e+01
1.416700000000000045e+03,1.963718000000000075e+01
1.416799999999999955e+03,1.986004399999999848e+01
1.416900000000000091e+03,1.878971800000000059e+01
1.417000000000000000e+03,1.898324900000000071e+01
1.417099999999999909e+03,1.771618899999999996e+01
1.417200000000000045e+03,1.787944900000000104e+01
1.417299999999999955e+03,1.804260000000000019e+01
1.417400000000000091e+03,1.751489899999999977e+01
1.417500000000000000e+03,1.766497100000000131e+01
1.417599999999999909e+03,1.777392400000000094e+01
1.417700000000000045e+03,1.792304700000000039e+01
1.417799999999999955e+03,1.807206400000000102e+01
1.417900000000000091e+03,1.823596900000000076e+01
1.418000000000000000e+03,1.838503700000000052e+01
1.418099999999999909e+03,1.027106299999999983e+01
1.418200000000000045e+03,1.031075300000000006e+01
1.418299999999999955e+03,1.035041099999999936e+01
1.418400000000000091e+03,7.604975999999999736e+00
1.418500000000000000e+03,7.623370999999999675e+00
1.418599999999999909e+03,1.001586700000000008e+01
1.418700000000000045e+03,1.005177199999999971e+01
1.418799999999999955e+03,1.008764799999999973e+01
1.418900000000000091e+03,1.179287599999999969e+01
1.419000000000000000e+03,1.184406099999999995e+01
1.419099999999999909e+03,-3.944109999999999783e+00
1.419200000000000045e+03,-3.918892000000000042e+00
1.419299999999999955e+03,-3.899464000000000041e+00
1.419400000000000091e+03,-2.020382999999999818e+00
1.419500000000000000e+03,-2.014451000000000214e+00
1.419599999999999909e+03,2.420002000000000209e+00
1.419700000000000045e+03,2.419611999999999874e+00
1.419799999999999955e+03,2.419221999999999984e+00
1.419900000000000091e+03,4.222631999999999941e+00
1.420000000000000000e+03,4.225576000000000221e+00
1.420099999999999909e+03,-1.023934200000000061e+01
1.420200000000000045e+03,-1.014497599999999977e+01
1.420299999999999955e+03,-1.006361000000000061e+01
1.420400000000000091e+03,-7.071921999999999819e+00
1.420500000000000000e+03,-7.029535000000000089e+00
1.420599999999999909e+03,-1.746324999999999905e+00
1.420700000000000045e+03,-1.741189000000000098e+00
1.420799999999999955e+03,-1.736056999999999961e+00
1.420900000000000091e+03,-4.940459999999999852e-01
1.421000000000000000e+03,-4.926829999999999821e-01
1.421099999999999909e+03,-6.806245999999999796e+00
1.421200000000000045e+03,-6.758070000000000022e+00
1.421299999999999955e+03,-6.708810999999999858e+00
1.421400000000000091e+03,-7.876274000000000441e+00
1.421500000000000000e+03,-7.821269000000000027e+00
1.421599999999999909e+03,-7.444011999999999851e+00
1.421700000000000045e+03,-7.392991000000000312e+00
1.421799999999999955e+03,-7.342005000000000337e+00
1.421900000000000091e+03,-7.242740999999999651e+00
1.422000000000000000e+03,-7.192414999999999559e+00
1.422099999999999909e+03,-8.479580000000000339e+00
1.422200000000000045e+03,-8.409397999999999485e+00
1.422299999999999955e+03,-8.338900000000000645e+00
1.422400000000000091e+03,-8.531280999999999892e+00
1.422500000000000000e+03,-8.459415999999999158e+00
1.422599999999999909e+03,-8.341848999999999847e+00
1.422700000000000045e+03,-8.270787999999999585e+00
1.422799999999999955e+03,-8.199897999999999243e+00
1.422900000000000091e+03,-8.138574999999999449e+00
1.423000000000000000e+03,-8.067621000000000819e+00
1.423099999999999909e+03,-1.913974999999999982e+00
1.423200000000000045e+03,-1.906819999999999959e+00
1.423299999999999955e+03,-1.899669000000000052e+00
1.423400000000000091e+03,2.910639999999999894e-01
1.423500000000000000e+03,2.910639999999999894e-01
1.423599999999999909e+03,-4.510020000000000140e-01
1.423700000000000045e+03,-4.494199999999999862e-01
1.423799999999999955e+03,-4.477079999999999949e-01
1.423900000000000091e+03,-8.656709999999999683e-01
1.424000000000000000e+03,-8.627789999999999626e-01
1.424099999999999909e+03,4.295187999999999562e+00
1.424200000000000045e+03,4.302277000000000129e+00
1.424299999999999955e+03,4.309363000000000277e+00
1.424400000000000091e+03,6.311581000000000330e+00
1.424500000000000000e+03,6.331455000000000055e+00
1.424599999999999909e+03,5.258544999999999803e+00
1.424700000000000045e+03,5.270672000000000246e+00
1.424799999999999955e+03,5.282791999999999710e+00
1.424900000000000091e+03,4.516906999999999783e+00
1.425000000000000000e+03,4.524653999999999954e+00
1.425099999999999909e+03,1.286297399999999946e+01
1.425200000000000045e+03,1.296247699999999980e+01
1.425299999999999955e+03,1.306192399999999942e+01
1.425400000000000091e+03,1.599031800000000025e+01
1.425500000000000000e+03,1.614105400000000046e+01
1.425599999999999909e+03,1.351137300000000074e+01
1.425700000000000045e+03,1.361177799999999927e+01
1.425799999999999955e+03,1.371211599999999997e+01
1.425900000000000091e+03,1.188247699999999973e+01
1.426000000000000000e+03,1.195444900000000032e+01
1.426099999999999909e+03,2.118008199999999874e+01
1.426200000000000045e+03,2.142390999999999934e+01
1.426299999999999955e+03,2.166758300000000048e+01
1.426400000000000091e+03,2.488841700000000046e+01
1.426500000000000000e+03,2.520566600000000079e+01
1.426599999999999909e+03,2.202559000000000111e+01
1.426700000000000045e+03,2.225819600000000165e+01
1.426799999999999955e+03,2.249064500000000066e+01
1.426900000000000091e+03,2.027421400000000062e+01
1.427000000000000000e+03,2.045665800000000090e+01
1.427099999999999909e+03,1.229940900000000070e+01
1.427200000000000045e+03,1.235777099999999962e+01
1.427299999999999955e+03,1.241608599999999996e+01
1.427400000000000091e+03,9.275572999999999624e+00
1.427500000000000000e+03,9.304598999999999620e+00
1.427599999999999909e+03,1.078640099999999968e+01
1.427700000000000045e+03,1.082738600000000062e+01
1.427799999999999955e+03,1.086833799999999961e+01
1.427900000000000091e+03,1.198810800000000043e+01
1.428000000000000000e+03,1.203903000000000034e+01
1.428099999999999909e+03,-3.119768000000000097e+00
1.428200000000000045e+03,-3.101671000000000067e+00
1.428299999999999955e+03,-3.087709999999999955e+00
1.428400000000000091e+03,-1.713076000000000043e+00
1.428500000000000000e+03,-1.708396000000000026e+00
1.428599999999999909e+03,2.331481999999999832e+00
1.428700000000000045e+03,2.330950000000000077e+00
1.428799999999999955e+03,2.330417000000000183e+00
1.428900000000000091e+03,4.021847000000000172e+00
1.429000000000000000e+03,4.024017999999999873e+00
1.429099999999999909e+03,-8.839045000000000485e+00
1.429200000000000045e+03,-8.768966000000000705e+00
1.429299999999999955e+03,-8.708790000000000475e+00
1.429400000000000091e+03,-5.780266000000000126e+00
1.429500000000000000e+03,-5.751221000000000139e+00
1.429599999999999909e+03,-8.261089999999999822e-01
1.429700000000000045e+03,-8.239929999999999755e-01
1.429799999999999955e+03,-8.218779999999999974e-01
1.429900000000000091e+03,2.910639999999999894e-01
1.430000000000000000e+03,2.910639999999999894e-01
1.430099999999999909e+03,-4.026411000000000406e+00
1.430200000000000045e+03,-4.007043000000000355e+00
1.430299999999999955e+03,-3.987267999999999812e+00
1.430400000000000091e+03,-4.799540000000000362e+00
1.430500000000000000e+03,-4.777063000000000059e+00
1.430599999999999909e+03,-4.526068999999999676e+00
1.430700000000000045e+03,-4.505340999999999596e+00
1.430799999999999955e+03,-4.484626999999999697e+00
1.430900000000000091e+03,-4.431269000000000347e+00
1.431000000000000000e+03,-4.410827000000000275e+00
1.431099999999999909e+03,-1.032084500000000027e+01
1.431200000000000045e+03,-1.022208400000000061e+01
1.431299999999999955e+03,-1.012179300000000026e+01
1.431400000000000091e+03,-1.112748500000000007e+01
1.431500000000000000e+03,-1.102040700000000051e+01
1.431599999999999909e+03,-1.061678900000000070e+01
1.431700000000000045e+03,-1.051513699999999929e+01
1.431799999999999955e+03,-1.041355199999999925e+01
1.431900000000000091e+03,-1.027111200000000046e+01
1.432000000000000000e+03,-1.017040000000000077e+01
1.432099999999999909e+03,-1.568583199999999955e+01
1.432200000000000045e+03,-1.543763000000000041e+01
1.432299999999999955e+03,-1.518699200000000005e+01
1.432400000000000091e+03,-1.596202399999999955e+01
1.432500000000000000e+03,-1.570131399999999999e+01
1.432599999999999909e+03,-1.515874499999999969e+01
1.432700000000000045e+03,-1.490728900000000046e+01
1.432799999999999955e+03,-1.465596200000000060e+01
1.432900000000000091e+03,-1.436695500000000081e+01
1.433000000000000000e+03,-1.411715099999999978e+01
1.433099999999999909e+03,-1.388541599999999931e+01
1.433200000000000045e+03,-1.363523400000000052e+01
1.433299999999999955e+03,-1.338517099999999971e+01
1.433400000000000091e+03,-1.315701600000000049e+01
1.433500000000000000e+03,-1.290637700000000088e+01
1.433599999999999909e+03,-1.267577999999999960e+01
1.433700000000000045e+03,-1.242455999999999960e+01
1.433799999999999955e+03,-1.217344399999999993e+01
1.433900000000000091e+03,-1.193988000000000049e+01
1.434000000000000000e+03,-1.168825999999999965e+01
1.434099999999999909e+03,-1.166698399999999936e+01
1.434200000000000045e+03,-1.140462300000000084e+01
1.434299999999999955e+03,-1.114210500000000081e+01
1.434400000000000091e+03,-1.092758899999999933e+01
1.434500000000000000e+03,-1.066377600000000037e+01
1.434599999999999909e+03,-1.040155700000000039e+01
1.434700000000000045e+03,-1.013769500000000079e+01
1.434799999999999955e+03,-9.873839000000000254e+00
1.434900000000000091e+03,-9.614003999999999550e+00
1.435000000000000000e+03,-9.349968999999999753e+00
1.435099999999999909e+03,-2.479750999999999816e+00
1.435200000000000045e+03,-2.453930000000000167e+00
1.435299999999999955e+03,-2.428115000000000023e+00
1.435400000000000091e+03,-6.341000000000000282e-03
1.435500000000000000e+03,-5.073000000000000252e-03
1.435599999999999909e+03,-8.930700000000000305e-01
1.435700000000000045e+03,-8.861649999999999805e-01
1.435799999999999955e+03,-8.785479999999999956e-01
1.435900000000000091e+03,-1.295045999999999919e+00
1.436000000000000000e+03,-1.283792999999999962e+00
1.436099999999999909e+03,3.159647999999999790e+00
1.436200000000000045e+03,3.174485999999999919e+00
1.436299999999999955e+03,3.189319999999999933e+00
1.436400000000000091e+03,4.876339999999999897e+00
1.436500000000000000e+03,4.917911000000000143e+00
1.436599999999999909e+03,4.044351999999999947e+00
1.436700000000000045e+03,4.069907999999999859e+00
1.436799999999999955e+03,4.095457999999999821e+00
1.436900000000000091e+03,3.458377000000000034e+00
1.437000000000000000e+03,3.474820999999999938e+00
1.437099999999999909e+03,6.013840000000000074e+00
1.437200000000000045e+03,6.074353999999999587e+00
1.437299999999999955e+03,6.134856000000000087e+00
1.437400000000000091e+03,6.987051000000000123e+00
1.437500000000000000e+03,7.065968999999999944e+00
1.437599999999999909e+03,6.120350000000000179e+00
1.437700000000000045e+03,6.176173999999999609e+00
1.437799999999999955e+03,6.231986000000000026e+00
1.437900000000000091e+03,5.577469999999999928e+00
1.438000000000000000e+03,5.619945000000000412e+00
1.438099999999999909e+03,3.229994000000000032e+00
1.438200000000000045e+03,3.240381000000000178e+00
1.438299999999999955e+03,3.250764000000000209e+00
1.438400000000000091e+03,2.330880000000000063e+00
1.438500000000000000e+03,2.334602999999999984e+00
1.438599999999999909e+03,2.763255000000000017e+00
1.438700000000000045e+03,2.769633999999999929e+00
1.438799999999999955e+03,2.776012000000000146e+00
1.438900000000000091e+03,3.092562000000000033e+00
1.439000000000000000e+03,3.101255999999999791e+00
1.439099999999999909e+03,-1.031238000000000099e+00
1.439200000000000045e+03,-1.022531000000000079e+00
1.439299999999999955e+03,-1.015465000000000062e+00
1.439400000000000091e+03,-4.973230000000000151e-01
1.439500000000000000e+03,-4.945479999999999876e-01
1.439599999999999909e+03,7.392109999999999514e-01
1.439700000000000045e+03,7.387049999999999450e-01
1.439799999999999955e+03,7.381980000000000208e-01
1.439900000000000091e+03,1.133903000000000105e+00
1.440000000000000000e+03,1.133599000000000023e+00
1.440099999999999909e+03,-1.563390999999999975e+00
1.440200000000000045e+03,-1.550270000000000037e+00
1.440299999999999955e+03,-1.538491000000000053e+00
1.440400000000000091e+03,-1.273773000000000044e+00
1.440500000000000000e+03,-1.265363000000000016e+00
1.440599999999999909e+03,-4.138600000000000056e-01
1.440700000000000045e+03,-4.113669999999999827e-01
1.440799999999999955e+03,-4.088740000000000152e-01
1.440900000000000091e+03,-1.972319999999999907e-01
1.441000000000000000e+03,-1.957170000000000021e-01
1.441099999999999909e+03,-2.226952999999999960e+00
1.441200000000000045e+03,-2.204225999999999797e+00
1.441299999999999955e+03,-2.181039000000000172e+00
1.441400000000000091e+03,-2.543435999999999808e+00
1.441500000000000000e+03,-2.517787000000000219e+00
1.441599999999999909e+03,-2.389720000000000066e+00
1.441700000000000045e+03,-2.365743999999999847e+00
1.441799999999999955e+03,-2.341774000000000022e+00
1.441900000000000091e+03,-2.299167000000000183e+00
1.442000000000000000e+03,-2.275514999999999954e+00
1.442099999999999909e+03,-1.410946000000000033e+00
1.442200000000000045e+03,-1.399207000000000090e+00
1.442299999999999955e+03,-1.387469999999999981e+00
1.442400000000000091e+03,-1.076902999999999944e+00
1.442500000000000000e+03,-1.068246999999999947e+00
1.442599999999999909e+03,-1.167286000000000046e+00
1.442700000000000045e+03,-1.157683999999999935e+00
1.442799999999999955e+03,-1.147915999999999936e+00
1.442900000000000091e+03,-1.193710999999999967e+00
1.443000000000000000e+03,-1.183497000000000021e+00
1.443099999999999909e+03,2.910639999999999894e-01
1.443200000000000045e+03,2.910639999999999894e-01
1.443299999999999955e+03,2.910639999999999894e-01
1.443400000000000091e+03,6.619770000000000376e-01
1.443500000000000000e+03,6.614929999999999977e-01
1.443599999999999909e+03,6.539239999999999498e-01
1.443700000000000045e+03,6.534419999999999673e-01
1.443799999999999955e+03,6.529599999999999849e-01
1.443900000000000091e+03,6.361550000000000260e-01
1.444000000000000000e+03,6.356779999999999653e-01
1.444099999999999909e+03,2.426029999999999909e+00
1.444200000000000045e+03,2.434161000000000019e+00
1.444299999999999955e+03,2.442289999999999850e+00
1.444400000000000091e+03,3.091153999999999957e+00
1.444500000000000000e+03,3.106577000000000144e+00
1.444599999999999909e+03,2.599720000000000031e+00
1.444700000000000045e+03,2.609065999999999885e+00
1.444799999999999955e+03,2.618409999999999904e+00
1.444900000000000091e+03,2.265067000000000164e+00
1.445000000000000000e+03,2.271077000000000012e+00
1.445099999999999909e+03,1.727244999999999919e+00
1.445200000000000045e+03,1.729516999999999971e+00
1.445299999999999955e+03,1.731788000000000105e+00
1.445400000000000091e+03,1.493827999999999934e+00
1.445500000000000000e+03,1.494963000000000042e+00
1.445599999999999909e+03,1.515292000000000083e+00
1.445700000000000045e+03,1.516507000000000049e+00
1.445799999999999955e+03,1.517719999999999958e+00
1.445900000000000091e+03,1.539400000000000102e+00
1.446000000000000000e+03,1.540699999999999958e+00
1.446099999999999909e+03,-1.090634000000000103e+00
1.446200000000000045e+03,-1.079434999999999922e+00
1.446299999999999955e+03,-1.069390000000000063e+00
1.446400000000000091e+03,-9.442120000000000513e-01
1.446500000000000000e+03,-9.367309999999999803e-01
1.446599999999999909e+03,-1.846270000000000133e-01
1.446700000000000045e+03,-1.828329999999999955e-01
1.446799999999999955e+03,-1.810400000000000065e-01
1.446900000000000091e+03,5.983999999999999736e-03
1.447000000000000000e+03,6.898999999999999751e-03
1.447099999999999909e+03,-3.548071000000000197e+00
1.447200000000000045e+03,-3.478308000000000177e+00
1.447299999999999955e+03,-3.406861999999999835e+00
1.447400000000000091e+03,-3.969110999999999834e+00
1.447500000000000000e+03,-3.889574999999999783e+00
1.447599999999999909e+03,-3.624354999999999993e+00
1.447700000000000045e+03,-3.551607000000000181e+00
1.447799999999999955e+03,-3.478867999999999849e+00
1.447900000000000091e+03,-3.369940999999999853e+00
1.448000000000000000e+03,-3.298591000000000051e+00
1.448099999999999909e+03,-5.903455000000000119e+00
1.448200000000000045e+03,-5.664833999999999925e+00
1.448299999999999955e+03,-5.423318000000000083e+00
1.448400000000000091e+03,-5.618795999999999680e+00
1.448500000000000000e+03,-5.365706000000000309e+00
1.448599999999999909e+03,-4.974213999999999913e+00
1.448700000000000045e+03,-4.734296999999999755e+00
1.448799999999999955e+03,-4.494419999999999860e+00
1.448900000000000091e+03,-4.229682999999999637e+00
1.449000000000000000e+03,-3.992652000000000090e+00
1.449099999999999909e+03,-3.901838000000000140e+00
1.449200000000000045e+03,-3.644896999999999831e+00
1.449299999999999955e+03,-3.387691999999999926e+00
1.449400000000000091e+03,-3.154472999999999860e+00
1.449500000000000000e+03,-2.896266999999999925e+00
1.449599999999999909e+03,-2.633688999999999947e+00
1.449700000000000045e+03,-2.376453000000000149e+00
1.449799999999999955e+03,-2.121497000000000188e+00
1.449900000000000091e+03,-7.564920000000000533e-01
1.450000000000000000e+03,-6.315600000000000103e-01
1.450099999999999909e+03,2.910639999999999894e-01
1.450200000000000045e+03,2.910639999999999894e-01
1.450299999999999955e+03,2.910639999999999894e-01
1.450400000000000091e+03,2.910639999999999894e-01
1.450500000000000000e+03,2.910639999999999894e-01
1.450599999999999909e+03,2.910639999999999894e-01
1.450700000000000045e+03,2.910639999999999894e-01
1.450799999999999955e+03,2.910639999999999894e-01
1.450900000000000091e+03,2.910639999999999894e-01
1.451000000000000000e+03,2.911440000000000139e-01
1.451099999999999909e+03,2.912819999999999854e-01
1.451200000000000045e+03,2.913089999999999846e-01
1.451299999999999955e+03,2.913229999999999986e-01
1.451400000000000091e+03,2.913200000000000234e-01
1.451500000000000000e+03,2.912930000000000241e-01
1.451599999999999909e+03,2.912429999999999741e-01
1.451700000000000045e+03,2.911779999999999924e-01
1.451799999999999955e+03,2.911059999999999759e-01
1.451900000000000091e+03,2.910639999999999894e-01
1.452000000000000000e+03,2.910659999999999914e-01
1.452099999999999909e+03,2.910679999999999934e-01
1.452200000000000045e+03,2.910690000000000222e-01
1.452299999999999955e+03,2.910699999999999954e-01
1.452400000000000091e+03,2.910710000000000242e-01
1.452500000000000000e+03,2.910719999999999974e-01
1.452599999999999909e+03,2.910730000000000262e-01
1.452700000000000045e+03,2.910739999999999994e-01
1.452799999999999955e+03,2.910739999999999994e-01
1.452900000000000091e+03,2.910749999999999726e-01
1.453000000000000000e+03,2.910749999999999726e-01
1.453099999999999909e+03,2.910749999999999726e-01
1.453200000000000045e+03,2.910749999999999726e-01
1.453299999999999955e+03,2.910749999999999726e-01
1.453400000000000091e+03,2.910739999999999994e-01
1.453500000000000000e+03,2.910739999999999994e-01
1.453599999999999909e+03,2.910739999999999994e-01
1.453700000000000045e+03,2.910730000000000262e-01
1.453799999999999955e+03,2.910730000000000262e-01
1.453900000000000091e+03,2.910719999999999974e-01
1.454000000000000000e+03,2.910719999999999974e-01
1.454099999999999909e+03,2.910710000000000242e-01
1.454200000000000045e+03,2.910710000000000242e-01
1.454299999999999955e+03,2.910699999999999954e-01
1.454400000000000091e+03,2.910690000000000222e-01
1.454500000000000000e+03,2.910690000000000222e-01
1.454599999999999909e+03,2.910679999999999934e-01
1.454700000000000045e+03,2.910679999999999934e-01
1.454799999999999955e+03,2.910670000000000202e-01
1.454900000000000091e+03,2.910670000000000202e-01
1.455000000000000000e+03,2.910659999999999914e-01
1.455099999999999909e+03,2.910659999999999914e-01
1.455200000000000045e+03,2.910650000000000182e-01
1.455299999999999955e+03,2.910650000000000182e-01
1.455400000000000091e+03,2.910639999999999894e-01
1.455500000000000000e+03,2.910639999999999894e-01
1.455599999999999909e+03,2.910639999999999894e-01
1.455700000000000045e+03,2.910639999999999894e-01
1.455799999999999955e+03,2.910650000000000182e-01
1.455900000000000091e+03,2.910650000000000182e-01
1.456000000000000000e+03,2.910650000000000182e-01
1.456099999999999909e+03,2.910650000000000182e-01
1.456200000000000045e+03,2.910650000000000182e-01
1.456299999999999955e+03,2.910650000000000182e-01
1.456400000000000091e+03,2.910659999999999914e-01
1.456500000000000000e+03,2.910659999999999914e-01
1.456599999999999909e+03,2.910659999999999914e-01
1.456700000000000045e+03,2.910659999999999914e-01
1.456799999999999955e+03,2.910659999999999914e-01
1.456900000000000091e+03,2.910659999999999914e-01
1.457000000000000000e+03,2.910659999999999914e-01
1.457099999999999909e+03,2.910659999999999914e-01
1.457200000000000045e+03,2.910650000000000182e-01
1.457299999999999955e+03,2.910650000000000182e-01
1.457400000000000091e+03,2.910650000000000182e-01
1.457500000000000000e+03,2.910650000000000182e-01
1.457599999999999909e+03,2.910650000000000182e-01
1.457700000000000045e+03,2.910650000000000182e-01
1.457799999999999955e+03,2.910650000000000182e-01
1.457900000000000091e+03,2.910650000000000182e-01
1.458000000000000000e+03,2.910650000000000182e-01
1.458099999999999909e+03,2.910650000000000182e-01
1.458200000000000045e+03,2.910650000000000182e-01
1.458299999999999955e+03,2.910639999999999894e-01
1.458400000000000091e+03,2.910639999999999894e-01
1.458500000000000000e+03,2.910639999999999894e-01
1.458599999999999909e+03,2.910639999999999894e-01
1.458700000000000045e+03,2.910639999999999894e-01
1.458799999999999955e+03,2.910639999999999894e-01
1.458900000000000091e+03,2.910639999999999894e-01
1.459000000000000000e+03,2.910639999999999894e-01
1.459099999999999909e+03,2.910639999999999894e-01
1.459200000000000045e+03,2.910639999999999894e-01
1.459299999999999955e+03,2.910639999999999894e-01
1.459400000000000091e+03,2.910639999999999894e-01
1.459500000000000000e+03,2.910639999999999894e-01
1.459599999999999909e+03,2.910639999999999894e-01
1.459700000000000045e+03,2.910639999999999894e-01
1.459799999999999955e+03,2.910639999999999894e-01
1.459900000000000091e+03,2.910639999999999894e-01
1.460000000000000000e+03,2.910639999999999894e-01
1.460099999999999909e+03,2.910639999999999894e-01
1.460200000000000045e+03,2.910639999999999894e-01
1.460299999999999955e+03,2.910639999999999894e-01
1.460400000000000091e+03,2.910639999999999894e-01
1.460500000000000000e+03,2.910639999999999894e-01
1.460599999999999909e+03,2.910639999999999894e-01
1.460700000000000045e+03,2.910639999999999894e-01
1.460799999999999955e+03,2.910639999999999894e-01
1.460900000000000091e+03,2.910639999999999894e-01
1.461000000000000000e+03,2.910639999999999894e-01
1.461099999999999909e+03,2.910639999999999894e-01
1.461200000000000045e+03,2.910639999999999894e-01
1.461299999999999955e+03,2.910639999999999894e-01
1.461400000000000091e+03,2.910639999999999894e-01
1.461500000000000000e+03,2.910639999999999894e-01
1.461599999999999909e+03,2.910639999999999894e-01
1.461700000000000045e+03,2.910639999999999894e-01
1.461799999999999955e+03,2.910639999999999894e-01
1.461900000000000091e+03,2.910639999999999894e-01
1.462000000000000000e+03,2.910639999999999894e-01
1.462099999999999909e+03,2.910639999999999894e-01
1.462200000000000045e+03,2.910639999999999894e-01
1.462299999999999955e+03,2.910639999999999894e-01
1.462400000000000091e+03,2.910639999999999894e-01
1.462500000000000000e+03,2.910639999999999894e-01
1.462599999999999909e+03,2.910639999999999894e-01
1.462700000000000045e+03,2.910639999999999894e-01
1.462799999999999955e+03,2.910639999999999894e-01
1.462900000000000091e+03,2.910639999999999894e-01
1.463000000000000000e+03,2.910639999999999894e-01
1.463099999999999909e+03,2.910639999999999894e-01
1.463200000000000045e+03,2.910639999999999894e-01
1.463299999999999955e+03,2.910639999999999894e-01
1.463400000000000091e+03,2.910639999999999894e-01
1.463500000000000000e+03,2.910639999999999894e-01
1.463599999999999909e+03,2.910639999999999894e-01
1.463700000000000045e+03,2.910639999999999894e-01
1.463799999999999955e+03,2.910639999999999894e-01
1.463900000000000091e+03,2.910639999999999894e-01
1.464000000000000000e+03,2.910639999999999894e-01
1.464099999999999909e+03,2.910639999999999894e-01
1.464200000000000045e+03,2.910639999999999894e-01
1.464299999999999955e+03,2.910639999999999894e-01
1.464400000000000091e+03,2.910639999999999894e-01
1.464500000000000000e+03,2.910639999999999894e-01
1.464599999999999909e+03,2.910639999999999894e-01
1.464700000000000045e+03,2.910639999999999894e-01
1.464799999999999955e+03,2.910639999999999894e-01
1.464900000000000091e+03,2.910639999999999894e-01
1.465000000000000000e+03,2.910639999999999894e-01
1.465099999999999909e+03,2.910639999999999894e-01
1.465200000000000045e+03,2.910639999999999894e-01
1.465299999999999955e+03,2.910639999999999894e-01
1.465400000000000091e+03,2.910639999999999894e-01
1.465500000000000000e+03,2.910639999999999894e-01
1.465599999999999909e+03,2.910639999999999894e-01
1.465700000000000045e+03,2.910639999999999894e-01
1.465799999999999955e+03,2.910639999999999894e-01
1.465900000000000091e+03,2.910639999999999894e-01
1.466000000000000000e+03,2.910639999999999894e-01
1.466099999999999909e+03,2.910639999999999894e-01
1.466200000000000045e+03,2.910639999999999894e-01
1.466299999999999955e+03,2.910639999999999894e-01
1.466400000000000091e+03,2.910639999999999894e-01
1.466500000000000000e+03,2.910639999999999894e-01
1.466599999999999909e+03,2.910639999999999894e-01
1.466700000000000045e+03,2.910639999999999894e-01
1.466799999999999955e+03,2.910639999999999894e-01
1.466900000000000091e+03,2.910639999999999894e-01
1.467000000000000000e+03,2.910639999999999894e-01
1.467099999999999909e+03,2.910639999999999894e-01
1.467200000000000045e+03,2.910639999999999894e-01
1.467299999999999955e+03,2.910639999999999894e-01
1.467400000000000091e+03,2.910639999999999894e-01
1.467500000000000000e+03,2.910639999999999894e-01
1.467599999999999909e+03,2.910639999999999894e-01
1.467700000000000045e+03,2.910639999999999894e-01
1.467799999999999955e+03,2.910639999999999894e-01
1.467900000000000091e+03,2.910639999999999894e-01
1.468000000000000000e+03,2.910639999999999894e-01
1.468099999999999909e+03,2.910639999999999894e-01
1.468200000000000045e+03,2.910639999999999894e-01
1.468299999999999955e+03,2.910639999999999894e-01
1.468400000000000091e+03,2.910639999999999894e-01
1.468500000000000000e+03,2.910639999999999894e-01
1.468599999999999909e+03,2.910639999999999894e-01
1.468700000000000045e+03,2.910639999999999894e-01
1.468799999999999955e+03,2.910639999999999894e-01
1.468900000000000091e+03,2.910639999999999894e-01
1.469000000000000000e+03,2.910639999999999894e-01
1.469099999999999909e+03,2.910639999999999894e-01
1.469200000000000045e+03,2.910639999999999894e-01
1.469299999999999955e+03,2.910639999999999894e-01
1.469400000000000091e+03,2.910639999999999894e-01
1.469500000000000000e+03,2.910639999999999894e-01
1.469599999999999909e+03,2.910639999999999894e-01
1.469700000000000045e+03,2.910639999999999894e-01
1.469799999999999955e+03,2.910639999999999894e-01
1.469900000000000091e+03,2.910639999999999894e-01
1.470000000000000000e+03,2.910639999999999894e-01
1.470099999999999909e+03,2.910639999999999894e-01
1.470200000000000045e+03,2.910639999999999894e-01
1.470299999999999955e+03,2.910639999999999894e-01
1.470400000000000091e+03,2.910639999999999894e-01
1.470500000000000000e+03,2.910639999999999894e-01
1.470599999999999909e+03,2.910639999999999894e-01
1.470700000000000045e+03,2.910639999999999894e-01
1.470799999999999955e+03,2.910639999999999894e-01
1.470900000000000091e+03,2.910639999999999894e-01
1.471000000000000000e+03,2.910639999999999894e-01
1.471099999999999909e+03,2.910639999999999894e-01
1.471200000000000045e+03,2.910639999999999894e-01
1.471299999999999955e+03,2.910639999999999894e-01
1.471400000000000091e+03,2.910639999999999894e-01
1.471500000000000000e+03,2.910639999999999894e-01
1.471599999999999909e+03,2.910639999999999894e-01
1.471700000000000045e+03,2.910639999999999894e-01
1.471799999999999955e+03,2.910639999999999894e-01
1.471900000000000091e+03,2.910639999999999894e-01
1.472000000000000000e+03,2.910639999999999894e-01
1.472099999999999909e+03,2.910639999999999894e-01
1.472200000000000045e+03,2.910639999999999894e-01
1.472299999999999955e+03,2.910639999999999894e-01
1.472400000000000091e+03,2.910639999999999894e-01
1.472500000000000000e+03,2.910639999999999894e-01
1.472599999999999909e+03,2.910639999999999894e-01
1.472700000000000045e+03,2.910639999999999894e-01
1.472799999999999955e+03,2.910639999999999894e-01
1.472900000000000091e+03,2.910639999999999894e-01
1.473000000000000000e+03,2.910639999999999894e-01
1.473099999999999909e+03,2.910639999999999894e-01
1.473200000000000045e+03,2.910639999999999894e-01
1.473299999999999955e+03,2.910639999999999894e-01
1.473400000000000091e+03,2.910639999999999894e-01
1.473500000000000000e+03,2.910639999999999894e-01
1.473599999999999909e+03,2.910639999999999894e-01
1.473700000000000045e+03,2.910639999999999894e-01
1.473799999999999955e+03,2.910639999999999894e-01
1.473900000000000091e+03,2.910639999999999894e-01
1.474000000000000000e+03,2.910639999999999894e-01
1.474099999999999909e+03,2.910639999999999894e-01
1.474200000000000045e+03,2.910639999999999894e-01
1.474299999999999955e+03,2.910639999999999894e-01
1.474400000000000091e+03,2.910639999999999894e-01
1.474500000000000000e+03,2.910639999999999894e-01
1.474599999999999909e+03,2.910639999999999894e-01
1.474700000000000045e+03,2.910639999999999894e-01
1.474799999999999955e+03,2.910639999999999894e-01
1.474900000000000091e+03,2.910639999999999894e-01
1.475000000000000000e+03,2.910639999999999894e-01
1.475099999999999909e+03,2.910639999999999894e-01
1.475200000000000045e+03,2.910639999999999894e-01
1.475299999999999955e+03,2.910639999999999894e-01
1.475400000000000091e+03,2.910639999999999894e-01
1.475500000000000000e+03,2.910639999999999894e-01
1.475599999999999909e+03,2.910639999999999894e-01
1.475700000000000045e+03,2.910639999999999894e-01
1.475799999999999955e+03,2.910639999999999894e-01
1.475900000000000091e+03,2.910639999999999894e-01
1.476000000000000000e+03,2.910639999999999894e-01
1.476099999999999909e+03,2.910639999999999894e-01
1.476200000000000045e+03,2.910639999999999894e-01
1.476299999999999955e+03,2.910639999999999894e-01
1.476400000000000091e+03,2.910639999999999894e-01
1.476500000000000000e+03,2.910639999999999894e-01
1.476599999999999909e+03,2.910639999999999894e-01
1.476700000000000045e+03,2.910639999999999894e-01
1.476799999999999955e+03,2.910639999999999894e-01
1.476900000000000091e+03,2.910639999999999894e-01
1.477000000000000000e+03,2.910639999999999894e-01
1.477099999999999909e+03,2.912449999999999761e-01
1.477200000000000045e+03,2.918459999999999943e-01
1.477299999999999955e+03,2.924300000000000233e-01
1.477400000000000091e+03,5.524170000000000469e-01
1.477500000000000000e+03,8.221530000000000227e-01
1.477599999999999909e+03,1.046774000000000093e+00
1.477700000000000045e+03,1.289441000000000059e+00
1.477799999999999955e+03,1.532087999999999894e+00
1.477900000000000091e+03,1.064095999999999931e+00
1.478000000000000000e+03,1.137723000000000040e+00
1.478099999999999909e+03,2.279338999999999782e+00
1.478200000000000045e+03,2.568588999999999789e+00
1.478299999999999955e+03,2.852472000000000119e+00
1.478400000000000091e+03,2.951944999999999819e+00
1.478500000000000000e+03,3.203221000000000096e+00
1.478599999999999909e+03,2.516630000000000145e+00
1.478700000000000045e+03,2.643397000000000219e+00
1.478799999999999955e+03,2.770131000000000121e+00
1.478900000000000091e+03,2.426931000000000171e+00
1.479000000000000000e+03,2.512608999999999870e+00
1.479099999999999909e+03,2.483184000000000058e+00
1.479200000000000045e+03,2.560392999999999919e+00
1.479299999999999955e+03,2.637582000000000093e+00
1.479400000000000091e+03,3.397991999999999901e+00
1.479500000000000000e+03,3.523903999999999925e+00
1.479599999999999909e+03,3.472048000000000023e+00
1.479700000000000045e+03,3.584957000000000171e+00
1.479799999999999955e+03,3.697837999999999958e+00
1.479900000000000091e+03,2.649754999999999860e+00
1.480000000000000000e+03,2.699786000000000019e+00
1.480099999999999909e+03,9.621880000000000432e-01
1.480200000000000045e+03,9.640940000000000065e-01
1.480299999999999955e+03,9.587700000000000111e-01
1.480400000000000091e+03,-2.994450000000000167e-01
1.480500000000000000e+03,-2.908999999999999919e-01
1.480599999999999909e+03,-4.690889999999999782e-01
1.480700000000000045e+03,-4.578650000000000220e-01
1.480799999999999955e+03,-4.466450000000000142e-01
1.480900000000000091e+03,2.747199999999999989e-02
1.481000000000000000e+03,2.969700000000000117e-02
1.481099999999999909e+03,2.146800000000000097e-02
1.481200000000000045e+03,2.382199999999999943e-02
1.481299999999999955e+03,2.617500000000000035e-02
1.481400000000000091e+03,7.788399999999999768e-01
1.481500000000000000e+03,7.797220000000000262e-01
1.481599999999999909e+03,1.317646000000000095e+00
1.481700000000000045e+03,1.326615000000000100e+00
1.481799999999999955e+03,1.335582000000000047e+00
1.481900000000000091e+03,1.683024999999999993e+00
1.482000000000000000e+03,1.700368000000000102e+00
1.482099999999999909e+03,1.440504000000000007e+00
1.482200000000000045e+03,1.450890999999999931e+00
1.482299999999999955e+03,1.461273999999999962e+00
1.482400000000000091e+03,1.430093000000000059e+00
1.482500000000000000e+03,1.439605000000000024e+00
1.482599999999999909e+03,1.667566000000000104e+00
1.482700000000000045e+03,1.681977000000000055e+00
1.482799999999999955e+03,1.696385000000000032e+00
1.482900000000000091e+03,1.859936000000000034e+00
1.483000000000000000e+03,1.878085000000000004e+00
1.483099999999999909e+03,1.809973999999999972e+00
1.483200000000000045e+03,1.825930999999999971e+00
1.483299999999999955e+03,1.841882999999999937e+00
1.483400000000000091e+03,1.852287000000000017e+00
1.483500000000000000e+03,1.868101000000000012e+00
1.483599999999999909e+03,1.970884999999999998e+00
1.483700000000000045e+03,1.988776000000000099e+00
1.483799999999999955e+03,2.006663999999999781e+00
1.483900000000000091e+03,2.084055999999999909e+00
1.484000000000000000e+03,2.103365000000000151e+00
1.484099999999999909e+03,1.962191999999999936e+00
1.484200000000000045e+03,1.977791000000000077e+00
1.484299999999999955e+03,1.993387000000000020e+00
1.484400000000000091e+03,1.963190999999999908e+00
1.484500000000000000e+03,1.977821999999999969e+00
1.484599999999999909e+03,2.064201999999999870e+00
1.484700000000000045e+03,2.080328999999999873e+00
1.484799999999999955e+03,2.096452000000000204e+00
1.484900000000000091e+03,2.162389000000000117e+00
1.485000000000000000e+03,2.179549999999999876e+00
1.485099999999999909e+03,2.876419999999999977e+00
1.485200000000000045e+03,2.910541999999999963e+00
1.485299999999999955e+03,2.944701999999999931e+00
1.485400000000000091e+03,3.229902000000000051e+00
1.485500000000000000e+03,3.271354999999999791e+00
1.485599999999999909e+03,3.128731999999999847e+00
1.485700000000000045e+03,3.164896000000000154e+00
1.485799999999999955e+03,3.201055999999999901e+00
1.485900000000000091e+03,3.103565999999999825e+00
1.486000000000000000e+03,3.136254999999999793e+00
1.486099999999999909e+03,4.078305000000000291e+00
1.486200000000000045e+03,4.137362000000000428e+00
1.486299999999999955e+03,4.196413999999999866e+00
1.486400000000000091e+03,4.564297999999999966e+00
1.486500000000000000e+03,4.633365000000000400e+00
1.486599999999999909e+03,4.371043000000000234e+00
1.486700000000000045e+03,4.429594999999999949e+00
1.486799999999999955e+03,4.488140999999999714e+00
1.486900000000000091e+03,4.311353999999999687e+00
1.487000000000000000e+03,4.363239000000000090e+00
1.487099999999999909e+03,5.714224999999999888e+00
1.487200000000000045e+03,5.806655000000000122e+00
1.487299999999999955e+03,5.899075999999999986e+00
1.487400000000000091e+03,6.427361999999999576e+00
1.487500000000000000e+03,6.534881999999999636e+00
1.487599999999999909e+03,6.148096999999999923e+00
1.487700000000000045e+03,6.238940999999999626e+00
1.487799999999999955e+03,6.329773000000000316e+00
1.487900000000000091e+03,6.069151999999999880e+00
1.488000000000000000e+03,6.149475999999999942e+00
1.488099999999999909e+03,7.715722999999999665e+00
1.488200000000000045e+03,7.843486999999999654e+00
1.488299999999999955e+03,7.971233999999999931e+00
1.488400000000000091e+03,8.584044000000000452e+00
1.488500000000000000e+03,8.728445000000000675e+00
1.488599999999999909e+03,8.276248000000000715e+00
1.488700000000000045e+03,8.400691999999999382e+00
1.488799999999999955e+03,8.525116000000000582e+00
1.488900000000000091e+03,8.227413000000000309e+00
1.489000000000000000e+03,8.339219999999999189e+00
1.489099999999999909e+03,1.019187900000000013e+01
1.489200000000000045e+03,1.035848799999999947e+01
1.489299999999999955e+03,1.052506699999999995e+01
1.489400000000000091e+03,1.125793999999999961e+01
1.489500000000000000e+03,1.144346299999999950e+01
1.489599999999999909e+03,1.093562599999999918e+01
1.489700000000000045e+03,1.109850100000000062e+01
1.489799999999999955e+03,1.126148799999999994e+01
1.489900000000000091e+03,1.093545300000000076e+01
1.490000000000000000e+03,1.108422400000000074e+01
1.490099999999999909e+03,1.233504199999999962e+01
1.490200000000000045e+03,1.251625300000000074e+01
1.490299999999999955e+03,1.269739700000000049e+01
1.490400000000000091e+03,1.320561599999999913e+01
1.490500000000000000e+03,1.339637399999999978e+01
1.490599999999999909e+03,1.307302199999999992e+01
1.490700000000000045e+03,1.324873099999999937e+01
1.490799999999999955e+03,1.342436700000000016e+01
1.490900000000000091e+03,1.324818699999999971e+01
1.491000000000000000e+03,1.341430700000000087e+01
1.491099999999999909e+03,1.444209099999999957e+01
1.491200000000000045e+03,1.463113500000000045e+01
1.491299999999999955e+03,1.482009700000000052e+01
1.491400000000000091e+03,1.527495200000000075e+01
1.491500000000000000e+03,1.547082400000000035e+01
1.491599999999999909e+03,1.529222900000000074e+01
1.491700000000000045e+03,1.547817799999999977e+01
1.491799999999999955e+03,1.566404099999999922e+01
1.491900000000000091e+03,1.559963199999999972e+01
1.492000000000000000e+03,1.577920400000000001e+01
1.492099999999999909e+03,1.461414599999999986e+01
1.492200000000000045e+03,1.476290999999999976e+01
1.492299999999999955e+03,1.491159799999999969e+01
1.492400000000000091e+03,1.456237600000000043e+01
1.492500000000000000e+03,1.470069200000000009e+01
1.492599999999999909e+03,1.516281099999999959e+01
1.492700000000000045e+03,1.530751500000000043e+01
1.492799999999999955e+03,1.545213999999999999e+01
1.492900000000000091e+03,1.584529500000000013e+01
1.493000000000000000e+03,1.599470600000000076e+01
1.493099999999999909e+03,1.498418799999999962e+01
1.493200000000000045e+03,1.511104800000000026e+01
1.493299999999999955e+03,1.523782399999999981e+01
1.493400000000000091e+03,1.501655399999999929e+01
1.493500000000000000e+03,1.513708300000000051e+01
1.493599999999999909e+03,1.572928500000000085e+01
1.493700000000000045e+03,1.585783200000000015e+01
1.493799999999999955e+03,1.598629099999999958e+01
1.493900000000000091e+03,1.645724399999999932e+01
1.494000000000000000e+03,1.659145200000000031e+01
1.494099999999999909e+03,1.479345999999999961e+01
1.494200000000000045e+03,1.489617999999999931e+01
1.494299999999999955e+03,1.499882599999999933e+01
1.494400000000000091e+03,1.450301400000000029e+01
1.494500000000000000e+03,1.459683000000000064e+01
1.494599999999999909e+03,1.541208199999999984e+01
1.494700000000000045e+03,1.551616699999999938e+01
1.494799999999999955e+03,1.562017499999999970e+01
1.494900000000000091e+03,1.622588199999999858e+01
1.495000000000000000e+03,1.633707899999999924e+01
1.495099999999999909e+03,1.371096000000000004e+01
1.495200000000000045e+03,1.378517599999999987e+01
1.495299999999999955e+03,1.385933400000000049e+01
1.495400000000000091e+03,1.308754399999999940e+01
1.495500000000000000e+03,1.315185100000000062e+01
1.495599999999999909e+03,1.422819299999999920e+01
1.495700000000000045e+03,1.430403599999999997e+01
1.495799999999999955e+03,1.437981800000000021e+01
1.495900000000000091e+03,1.516637399999999936e+01
1.496000000000000000e+03,1.525058100000000039e+01
1.496099999999999909e+03,1.337700199999999917e+01
1.496200000000000045e+03,1.343903800000000004e+01
1.496299999999999955e+03,1.350163399999999925e+01
1.496400000000000091e+03,1.301339300000000065e+01
1.496500000000000000e+03,1.307021400000000000e+01
1.496599999999999909e+03,1.398958599999999919e+01
1.496700000000000045e+03,1.405526700000000062e+01
1.496799999999999955e+03,1.412090099999999993e+01
1.496900000000000091e+03,1.478554500000000083e+01
1.497000000000000000e+03,1.485752600000000001e+01
1.497099999999999909e+03,1.192829099999999976e+01
1.497200000000000045e+03,1.197100599999999915e+01
1.497299999999999955e+03,1.201368699999999912e+01
1.497400000000000091e+03,1.111320599999999992e+01
1.497500000000000000e+03,1.114825800000000022e+01
1.497599999999999909e+03,1.224826799999999949e+01
1.497700000000000045e+03,1.229181099999999915e+01
1.497799999999999955e+03,1.233531900000000014e+01
1.497900000000000091e+03,1.311304900000000018e+01
1.498000000000000000e+03,1.316090999999999944e+01
1.498099999999999909e+03,1.028385800000000039e+01
1.498200000000000045e+03,1.030997400000000042e+01
1.498299999999999955e+03,1.033606799999999915e+01
1.498400000000000091e+03,9.479758999999999602e+00
1.498500000000000000e+03,9.500531000000000503e+00
1.498599999999999909e+03,1.063038700000000070e+01
1.498700000000000045e+03,1.065781899999999993e+01
1.498799999999999955e+03,1.068522699999999936e+01
1.498900000000000091e+03,1.147554599999999958e+01
1.499000000000000000e+03,1.150794800000000073e+01
1.499099999999999909e+03,8.598734999999999573e+00
1.499200000000000045e+03,8.613917999999999964e+00
1.499299999999999955e+03,8.629087000000000174e+00
1.499400000000000091e+03,7.741325999999999929e+00
1.499500000000000000e+03,7.752443000000000417e+00
1.499599999999999909e+03,8.864039999999999253e+00
1.499700000000000045e+03,8.880108999999999142e+00
1.499799999999999955e+03,8.896162999999999599e+00
1.499900000000000091e+03,9.671193000000000595e+00
1.500000000000000000e+03,9.691694000000000031e+00
1.500099999999999909e+03,6.743352999999999930e+00
1.500200000000000045e+03,6.750524999999999665e+00
1.500299999999999955e+03,6.757690000000000197e+00
1.500400000000000091e+03,5.836013999999999591e+00
1.500500000000000000e+03,5.840300000000000047e+00
1.500599999999999909e+03,6.930035000000000167e+00
1.500700000000000045e+03,6.937720999999999805e+00
1.500799999999999955e+03,6.945400000000000240e+00
1.500900000000000091e+03,7.702212000000000280e+00
1.501000000000000000e+03,7.712691999999999659e+00
1.501099999999999909e+03,8.183142999999999390e+00
1.501200000000000045e+03,8.195522000000000418e+00
1.501299999999999955e+03,8.207891999999999300e+00
1.501400000000000091e+03,8.501440999999999804e+00
1.501500000000000000e+03,8.515045000000000641e+00
1.501599999999999909e+03,8.699303999999999704e+00
1.501700000000000045e+03,8.713660000000000849e+00
1.501799999999999955e+03,8.728004999999999569e+00
1.501900000000000091e+03,8.846213999999999800e+00
1.502000000000000000e+03,8.861014000000000834e+00
1.502099999999999909e+03,7.197033000000000236e+00
1.502200000000000045e+03,7.204972999999999850e+00
1.502299999999999955e+03,7.212906000000000262e+00
1.502400000000000091e+03,6.628650000000000375e+00
1.502500000000000000e+03,6.634628000000000192e+00
1.502599999999999909e+03,7.108260999999999719e+00
1.502700000000000045e+03,7.115740999999999872e+00
1.502799999999999955e+03,7.123213999999999935e+00
1.502900000000000091e+03,7.457511000000000223e+00
1.503000000000000000e+03,7.466109000000000329e+00
1.503099999999999909e+03,8.545502000000000820e+00
1.503200000000000045e+03,8.558320999999999401e+00
1.503299999999999955e+03,8.571129000000000886e+00
1.503400000000000091e+03,9.016631000000000284e+00
1.503500000000000000e+03,9.031321999999999406e+00
1.503599999999999909e+03,8.890726000000000795e+00
1.503700000000000045e+03,8.904697000000000529e+00
1.503799999999999955e+03,8.918656999999999613e+00
1.503900000000000091e+03,8.815670000000000783e+00
1.504000000000000000e+03,8.829095999999999833e+00
1.504099999999999909e+03,7.898727000000000054e+00
1.504200000000000045e+03,7.908322000000000074e+00
1.504299999999999955e+03,7.917910000000000004e+00
1.504400000000000091e+03,7.566798000000000357e+00
1.504500000000000000e+03,7.575077000000000282e+00
1.504599999999999909e+03,7.776508999999999894e+00
1.504700000000000045e+03,7.785453999999999652e+00
1.504799999999999955e+03,7.794392000000000209e+00
1.504900000000000091e+03,7.943285000000000373e+00
1.505000000000000000e+03,7.952712000000000003e+00
1.505099999999999909e+03,7.179979000000000333e+00
1.505200000000000045e+03,7.186727999999999561e+00
1.505299999999999955e+03,7.193469999999999587e+00
1.505400000000000091e+03,6.933956000000000230e+00
1.505500000000000000e+03,6.939871000000000123e+00
1.505599999999999909e+03,7.194625000000000270e+00
1.505700000000000045e+03,7.201289000000000051e+00
1.505799999999999955e+03,7.207946999999999882e+00
1.505900000000000091e+03,7.389668999999999599e+00
1.506000000000000000e+03,7.396868999999999694e+00
1.506099999999999909e+03,7.513539999999999885e+00
1.506200000000000045e+03,7.521082999999999963e+00
1.506299999999999955e+03,7.528620000000000090e+00
1.506400000000000091e+03,7.603964000000000389e+00
1.506500000000000000e+03,7.611710999999999672e+00
1.506599999999999909e+03,7.660987000000000435e+00
1.506700000000000045e+03,7.668858000000000175e+00
1.506799999999999955e+03,7.676720999999999684e+00
1.506900000000000091e+03,7.709810000000000052e+00
1.507000000000000000e+03,7.717742999999999576e+00
1.507099999999999909e+03,8.609916999999999376e+00
1.507200000000000045e+03,8.621029000000000053e+00
1.507299999999999955e+03,8.632132000000000360e+00
1.507400000000000091e+03,8.978239999999999554e+00
1.507500000000000000e+03,8.990641999999999356e+00
1.507599999999999909e+03,8.797914999999999708e+00
1.507700000000000045e+03,8.809480999999999895e+00
1.507799999999999955e+03,8.821037999999999712e+00
1.507900000000000091e+03,8.683170999999999751e+00
1.508000000000000000e+03,8.694134000000000029e+00
1.508099999999999909e+03,9.479502999999999346e+00
1.508200000000000045e+03,9.493498000000000658e+00
1.508299999999999955e+03,9.507426999999999850e+00
1.508400000000000091e+03,9.790336999999999179e+00
1.508500000000000000e+03,9.805386999999999631e+00
1.508599999999999909e+03,9.576636999999999844e+00
1.508700000000000045e+03,9.590621999999999758e+00
1.508799999999999955e+03,9.604594000000000520e+00
1.508900000000000091e+03,9.445204999999999629e+00
1.509000000000000000e+03,9.458439999999999515e+00
1.509099999999999909e+03,1.110130999999999979e+01
1.509200000000000045e+03,1.112189099999999975e+01
1.509299999999999955e+03,1.114245400000000075e+01
1.509400000000000091e+03,1.175993500000000047e+01
1.509500000000000000e+03,1.178350099999999934e+01
1.509599999999999909e+03,1.135969300000000004e+01
1.509700000000000045e+03,1.138092800000000082e+01
1.509799999999999955e+03,1.140214500000000086e+01
1.509900000000000091e+03,1.110180399999999956e+01
1.510000000000000000e+03,1.112141800000000025e+01
1.510099999999999909e+03,1.441918100000000003e+01
1.510200000000000045e+03,1.445730299999999957e+01
1.510299999999999955e+03,1.449539200000000072e+01
1.510400000000000091e+03,1.575812700000000000e+01
1.510500000000000000e+03,1.580440300000000065e+01
1.510599999999999909e+03,1.498080099999999959e+01
1.510700000000000045e+03,1.502108600000000038e+01
1.510799999999999955e+03,1.506133699999999997e+01
1.510900000000000091e+03,1.447140100000000018e+01
1.511000000000000000e+03,1.450758599999999987e+01
1.511099999999999909e+03,1.762672600000000145e+01
1.511200000000000045e+03,1.768431599999999904e+01
1.511299999999999955e+03,1.774186100000000010e+01
1.511400000000000091e+03,1.891915799999999948e+01
1.511500000000000000e+03,1.898527999999999949e+01
1.511599999999999909e+03,1.812648899999999941e+01
1.511700000000000045e+03,1.818522400000000161e+01
1.511799999999999955e+03,1.824391200000000168e+01
1.511900000000000091e+03,1.763696699999999851e+01
1.512000000000000000e+03,1.769053999999999860e+01
1.512099999999999909e+03,2.080663300000000149e+01
1.512200000000000045e+03,2.088416600000000045e+01
1.512299999999999955e+03,2.096135699999999957e+01
1.512400000000000091e+03,2.217271399999999915e+01
1.512500000000000000e+03,2.225982300000000080e+01
1.512599999999999909e+03,2.144842299999999824e+01
1.512700000000000045e+03,2.152737799999999879e+01
1.512799999999999955e+03,2.160626500000000050e+01
1.512900000000000091e+03,2.103620700000000099e+01
1.513000000000000000e+03,2.110960800000000148e+01
1.513099999999999909e+03,2.338307299999999955e+01
1.513200000000000045e+03,2.347524900000000159e+01
1.513299999999999955e+03,2.356734000000000151e+01
1.513400000000000091e+03,2.447514100000000070e+01
1.513500000000000000e+03,2.457449700000000092e+01
1.513599999999999909e+03,2.399824299999999866e+01
1.513700000000000045e+03,2.409134600000000148e+01
1.513799999999999955e+03,2.418436600000000070e+01
1.513900000000000091e+03,2.379195400000000049e+01
1.514000000000000000e+03,2.388058099999999939e+01
1.514099999999999909e+03,2.365949300000000122e+01
1.514200000000000045e+03,2.374530100000000132e+01
1.514299999999999955e+03,2.383105899999999977e+01
1.514400000000000091e+03,2.372552400000000006e+01
1.514500000000000000e+03,2.380900700000000114e+01
1.514599999999999909e+03,2.378327399999999869e+01
1.514700000000000045e+03,2.386553599999999875e+01
1.514799999999999955e+03,2.394771400000000128e+01
1.514900000000000091e+03,2.397677499999999995e+01
1.515000000000000000e+03,2.405836299999999994e+01
1.515099999999999909e+03,2.152173200000000008e+01
1.515200000000000045e+03,2.158369499999999874e+01
1.515299999999999955e+03,2.164559300000000164e+01
1.515400000000000091e+03,2.058617900000000134e+01
1.515500000000000000e+03,2.064052200000000070e+01
1.515599999999999909e+03,2.115693200000000118e+01
1.515700000000000045e+03,2.121415299999999959e+01
1.515799999999999955e+03,2.127131299999999925e+01
1.515900000000000091e+03,2.171801900000000174e+01
1.516000000000000000e+03,2.177761100000000027e+01
1.516099999999999909e+03,1.695244100000000032e+01
1.516200000000000045e+03,1.698375400000000113e+01
1.516299999999999955e+03,1.701503200000000149e+01
1.516400000000000091e+03,1.496207199999999915e+01
1.516500000000000000e+03,1.498392100000000049e+01
1.516599999999999909e+03,1.596751700000000085e+01
1.516700000000000045e+03,1.599343600000000087e+01
1.516799999999999955e+03,1.601934500000000128e+01
1.516900000000000091e+03,1.683391500000000107e+01
1.517000000000000000e+03,1.686334400000000144e+01
1.517099999999999909e+03,1.489658200000000043e+01
1.517200000000000045e+03,1.491728299999999940e+01
1.517299999999999955e+03,1.493796700000000044e+01
1.517400000000000091e+03,1.421923299999999912e+01
1.517500000000000000e+03,1.423701499999999953e+01
1.517599999999999909e+03,1.495023100000000049e+01
1.517700000000000045e+03,1.497064600000000034e+01
1.517799999999999955e+03,1.499103700000000039e+01
1.517900000000000091e+03,1.556558199999999914e+01
1.518000000000000000e+03,1.558815199999999912e+01
1.518099999999999909e+03,1.258949199999999990e+01
1.518200000000000045e+03,1.260105199999999925e+01
1.518299999999999955e+03,1.261259800000000020e+01
1.518400000000000091e+03,1.135652800000000084e+01
1.518500000000000000e+03,1.136444299999999963e+01
1.518599999999999909e+03,1.207490800000000064e+01
1.518700000000000045e+03,1.208472599999999986e+01
1.518799999999999955e+03,1.209453199999999917e+01
1.518900000000000091e+03,1.267542899999999939e+01
1.519000000000000000e+03,1.268689600000000084e+01
1.519099999999999909e+03,1.226555699999999938e+01
1.519200000000000045e+03,1.227571400000000068e+01
1.519299999999999955e+03,1.228585799999999928e+01
1.519400000000000091e+03,1.221529999999999916e+01
1.519500000000000000e+03,1.222518799999999928e+01
1.519599999999999909e+03,1.258552700000000080e+01
1.519700000000000045e+03,1.259640599999999999e+01
1.519799999999999955e+03,1.260727100000000078e+01
1.519900000000000091e+03,1.289196800000000032e+01
1.520000000000000000e+03,1.290362400000000065e+01
1.520099999999999909e+03,1.055012200000000000e+01
1.520200000000000045e+03,1.055549300000000024e+01
1.520299999999999955e+03,1.056085700000000038e+01
1.520400000000000091e+03,9.522066999999999837e+00
1.520500000000000000e+03,9.525254000000000332e+00
1.520599999999999909e+03,9.972865000000000535e+00
1.520700000000000045e+03,9.976919000000000537e+00
1.520799999999999955e+03,9.980966999999999700e+00
1.520900000000000091e+03,1.035112499999999969e+01
1.521000000000000000e+03,1.035593399999999953e+01
1.521099999999999909e+03,9.777677000000000618e+00
1.521200000000000045e+03,9.781268000000000740e+00
1.521299999999999955e+03,9.784853999999999274e+00
1.521400000000000091e+03,9.589375999999999678e+00
1.521500000000000000e+03,9.592568999999999235e+00
1.521599999999999909e+03,9.852717000000000169e+00
1.521700000000000045e+03,9.856398999999999688e+00
1.521799999999999955e+03,9.860075999999999397e+00
1.521900000000000091e+03,1.006588700000000003e+01
1.522000000000000000e+03,1.006995900000000077e+01
1.522099999999999909e+03,6.803314000000000306e+00
1.522200000000000045e+03,6.802465999999999902e+00
1.522299999999999955e+03,6.801618999999999637e+00
1.522400000000000091e+03,5.297401999999999944e+00
1.522500000000000000e+03,5.295486000000000359e+00
1.522599999999999909e+03,5.789486000000000132e+00
1.522700000000000045e+03,5.787848000000000326e+00
1.522799999999999955e+03,5.786211999999999911e+00
1.522900000000000091e+03,6.198102999999999696e+00
1.523000000000000000e+03,6.196761000000000408e+00
1.523099999999999909e+03,3.941581999999999919e+00
1.523200000000000045e+03,3.939372000000000096e+00
1.523299999999999955e+03,3.937165999999999944e+00
1.523400000000000091e+03,2.959900000000000198e+00
1.523500000000000000e+03,2.957796999999999787e+00
1.523599999999999909e+03,3.416516000000000108e+00
1.523700000000000045e+03,3.414336000000000038e+00
1.523799999999999955e+03,3.412158999999999942e+00
1.523900000000000091e+03,3.782989999999999853e+00
1.524000000000000000e+03,3.780803000000000136e+00
1.524099999999999909e+03,-1.745420000000000027e-01
1.524200000000000045e+03,-1.738820000000000088e-01
1.524299999999999955e+03,-1.732080000000000009e-01
1.524400000000000091e+03,-1.812834999999999974e+00
1.524500000000000000e+03,-1.809612999999999916e+00
1.524599999999999909e+03,-9.690410000000000412e-01
1.524700000000000045e+03,-9.673289999999999944e-01
1.524799999999999955e+03,-9.656179999999999763e-01
1.524900000000000091e+03,-8.000620000000000509e-01
1.525000000000000000e+03,-7.986250000000000293e-01
1.525099999999999909e+03,-4.721887999999999863e+00
1.525200000000000045e+03,-4.710259999999999891e+00
1.525299999999999955e+03,-4.698494000000000170e+00
1.525400000000000091e+03,-5.462336999999999776e+00
1.525500000000000000e+03,-5.449233000000000438e+00
1.525599999999999909e+03,-5.290243000000000251e+00
1.525700000000000045e+03,-5.277720999999999663e+00
1.525799999999999955e+03,-5.265207000000000193e+00
1.525900000000000091e+03,-5.262407999999999753e+00
1.526000000000000000e+03,-5.249878999999999962e+00
1.526099999999999909e+03,-8.413691999999999283e+00
1.526200000000000045e+03,-8.386948999999999543e+00
1.526299999999999955e+03,-8.359984999999999999e+00
1.526400000000000091e+03,-8.978462999999999639e+00
1.526500000000000000e+03,-8.949984999999999857e+00
1.526599999999999909e+03,-8.821312999999999960e+00
1.526700000000000045e+03,-8.793390000000000484e+00
1.526799999999999955e+03,-8.765491000000000810e+00
1.526900000000000091e+03,-8.762764999999999915e+00
1.527000000000000000e+03,-8.734788999999999248e+00
1.527099999999999909e+03,-9.976129999999999498e+00
1.527200000000000045e+03,-9.940713000000000577e+00
1.527299999999999955e+03,-9.905179000000000400e+00
1.527400000000000091e+03,-1.014666700000000077e+01
1.527500000000000000e+03,-1.011045499999999997e+01
1.527599999999999909e+03,-1.007772899999999971e+01
1.527700000000000045e+03,-1.004153999999999947e+01
1.527799999999999955e+03,-1.000537199999999949e+01
1.527900000000000091e+03,-1.001694900000000032e+01
1.528000000000000000e+03,-9.980843999999999383e+00
1.528099999999999909e+03,-8.827379000000000531e+00
1.528200000000000045e+03,-8.797656999999999172e+00
1.528299999999999955e+03,-8.767958000000000141e+00
1.528400000000000091e+03,-8.362811999999999912e+00
1.528500000000000000e+03,-8.334970000000000212e+00
1.528599999999999909e+03,-8.496283999999999281e+00
1.528700000000000045e+03,-8.467634000000000327e+00
1.528799999999999955e+03,-8.438843999999999568e+00
1.528900000000000091e+03,-8.526287999999999201e+00
1.529000000000000000e+03,-8.497068000000000509e+00
1.529099999999999909e+03,-6.280244999999999855e+00
1.529200000000000045e+03,-6.261987000000000414e+00
1.529299999999999955e+03,-6.243738999999999706e+00
1.529400000000000091e+03,-5.468177999999999983e+00
1.529500000000000000e+03,-5.452866000000000213e+00
1.529599999999999909e+03,-5.759225999999999956e+00
1.529700000000000045e+03,-5.742822999999999567e+00
1.529799999999999955e+03,-5.726240999999999914e+00
1.529900000000000091e+03,-5.891651000000000415e+00
1.530000000000000000e+03,-5.874511000000000038e+00
1.530099999999999909e+03,-3.210431999999999952e+00
1.530200000000000045e+03,-3.203266999999999864e+00
1.530299999999999955e+03,-3.196108999999999867e+00
1.530400000000000091e+03,-2.240530000000000133e+00
1.530500000000000000e+03,-2.235780000000000101e+00
1.530599999999999909e+03,-2.616694999999999993e+00
1.530700000000000045e+03,-2.611010999999999971e+00
1.530799999999999955e+03,-2.605255000000000098e+00
1.530900000000000091e+03,-2.802662999999999904e+00
1.531000000000000000e+03,-2.796429999999999971e+00
1.531099999999999909e+03,2.910639999999999894e-01
1.531200000000000045e+03,2.910639999999999894e-01
1.531299999999999955e+03,2.910639999999999894e-01
1.531400000000000091e+03,9.858839999999999826e-01
1.531500000000000000e+03,9.851119999999999877e-01
1.531599999999999909e+03,9.251409999999999911e-01
1.531700000000000045e+03,9.244210000000000482e-01
1.531799999999999955e+03,9.237020000000000231e-01
1.531900000000000091e+03,8.609890000000000043e-01
1.532000000000000000e+03,8.603269999999999529e-01
1.532099999999999909e+03,3.931944000000000106e+00
1.532200000000000045e+03,3.930899999999999839e+00
1.532299999999999955e+03,3.929857000000000156e+00
1.532400000000000091e+03,5.468096000000000068e+00
1.532500000000000000e+03,5.468631000000000242e+00
1.532599999999999909e+03,5.019150999999999918e+00
1.532700000000000045e+03,5.019099999999999895e+00
1.532799999999999955e+03,5.019050000000000011e+00
1.532900000000000091e+03,4.652360999999999969e+00
1.533000000000000000e+03,4.651909999999999989e+00
1.533099999999999909e+03,9.587267000000000650e+00
1.533200000000000045e+03,9.597860999999999976e+00
1.533299999999999955e+03,9.608444000000000429e+00
1.533400000000000091e+03,1.157763300000000051e+01
1.533500000000000000e+03,1.159589099999999995e+01
1.533599999999999909e+03,1.044412600000000069e+01
1.533700000000000045e+03,1.045754699999999993e+01
1.533799999999999955e+03,1.047095500000000001e+01
1.533900000000000091e+03,9.602010999999999186e+00
1.534000000000000000e+03,9.612215000000000842e+00
1.534099999999999909e+03,1.422906900000000086e+01
1.534200000000000045e+03,1.425974500000000056e+01
1.534299999999999955e+03,1.429031100000000087e+01
1.534400000000000091e+03,1.605670800000000042e+01
1.534500000000000000e+03,1.609741199999999850e+01
1.534599999999999909e+03,1.482337599999999966e+01
1.534700000000000045e+03,1.485616899999999951e+01
1.534799999999999955e+03,1.488892899999999919e+01
1.534900000000000091e+03,1.394499500000000047e+01
1.535000000000000000e+03,1.397243500000000083e+01
1.535099999999999909e+03,2.029923900000000003e+01
1.535200000000000045e+03,2.036794499999999886e+01
1.535299999999999955e+03,2.043658900000000145e+01
1.535400000000000091e+03,2.295259000000000071e+01
1.535500000000000000e+03,2.304165400000000119e+01
1.535599999999999909e+03,2.146497300000000052e+01
1.535700000000000045e+03,2.153965200000000024e+01
1.535799999999999955e+03,2.161426499999999962e+01
1.535900000000000091e+03,2.045116300000000109e+01
1.536000000000000000e+03,2.051606900000000167e+01
1.536099999999999909e+03,2.498301299999999969e+01
1.536200000000000045e+03,2.508473100000000144e+01
1.536299999999999955e+03,2.518635799999999847e+01
1.536400000000000091e+03,2.693311399999999978e+01
1.536500000000000000e+03,2.705020199999999875e+01
1.536599999999999909e+03,2.581966099999999997e+01
1.536700000000000045e+03,2.592381800000000069e+01
1.536799999999999955e+03,2.602788999999999930e+01
1.536900000000000091e+03,2.513800399999999868e+01
1.537000000000000000e+03,2.523211699999999880e+01
1.537099999999999909e+03,2.814949299999999965e+01
1.537200000000000045e+03,2.826923100000000133e+01
1.537299999999999955e+03,2.838887000000000072e+01
1.537400000000000091e+03,2.956874799999999937e+01
1.537500000000000000e+03,2.969848999999999961e+01
1.537599999999999909e+03,2.893802600000000069e+01
1.537700000000000045e+03,2.905892800000000165e+01
1.537799999999999955e+03,2.917972899999999825e+01
1.537900000000000091e+03,2.864975700000000103e+01
1.538000000000000000e+03,2.876433899999999966e+01
1.538099999999999909e+03,3.193085299999999904e+01
1.538200000000000045e+03,3.207459500000000219e+01
1.538299999999999955e+03,3.221820999999999913e+01
1.538400000000000091e+03,3.362006099999999975e+01
1.538500000000000000e+03,3.377644800000000203e+01
1.538599999999999909e+03,3.320721499999999793e+01
1.538700000000000045e+03,3.335599599999999754e+01
1.538799999999999955e+03,3.350369100000000344e+01
1.538900000000000091e+03,3.311694500000000119e+01
1.539000000000000000e+03,3.325916899999999998e+01
1.539099999999999909e+03,3.392325400000000002e+01
1.539200000000000045e+03,3.407019199999999870e+01
1.539299999999999955e+03,3.421698899999999810e+01
1.539400000000000091e+03,3.454334000000000060e+01
1.539500000000000000e+03,3.469159199999999998e+01
1.539599999999999909e+03,3.459786299999999670e+01
1.539700000000000045e+03,3.474350199999999944e+01
1.539799999999999955e+03,3.488899899999999832e+01
1.539900000000000091e+03,3.488484700000000061e+01
1.540000000000000000e+03,3.502865400000000307e+01
1.540099999999999909e+03,3.683105499999999921e+01
1.540200000000000045e+03,3.699055299999999846e+01
1.540299999999999955e+03,3.714989599999999825e+01
1.540400000000000091e+03,3.809754399999999919e+01
1.540500000000000000e+03,3.826292699999999769e+01
1.540599999999999909e+03,3.822868499999999869e+01
1.540700000000000045e+03,3.839176199999999994e+01
1.540799999999999955e+03,3.855465699999999885e+01
1.540900000000000091e+03,3.858860599999999863e+01
1.541000000000000000e+03,3.874991099999999733e+01
1.541099999999999909e+03,3.799553300000000178e+01
1.541200000000000045e+03,3.814796400000000176e+01
1.541299999999999955e+03,3.830022000000000304e+01
1.541400000000000091e+03,3.804703800000000058e+01
1.541500000000000000e+03,3.819530600000000220e+01
1.541599999999999909e+03,3.849021599999999665e+01
1.541700000000000045e+03,3.863944500000000204e+01
1.541799999999999955e+03,3.878849999999999909e+01
1.541900000000000091e+03,3.909981700000000160e+01
1.542000000000000000e+03,3.924997400000000169e+01
1.542099999999999909e+03,3.698567700000000258e+01
1.542200000000000045e+03,3.711463899999999683e+01
1.542299999999999955e+03,3.724342800000000153e+01
1.542400000000000091e+03,3.628690699999999936e+01
1.542500000000000000e+03,3.640675999999999846e+01
1.542599999999999909e+03,3.695479399999999970e+01
1.542700000000000045e+03,3.707768399999999787e+01
1.542799999999999955e+03,3.720043100000000180e+01
1.542900000000000091e+03,3.771848599999999863e+01
1.543000000000000000e+03,3.784396499999999719e+01
1.543099999999999909e+03,3.317291399999999868e+01
1.543200000000000045e+03,3.326341599999999943e+01
1.543299999999999955e+03,3.335379700000000014e+01
1.543400000000000091e+03,3.119555300000000031e+01
1.543500000000000000e+03,3.127142999999999873e+01
1.543599999999999909e+03,3.205865599999999915e+01
1.543700000000000045e+03,3.213868999999999687e+01
1.543799999999999955e+03,3.221861499999999978e+01
1.543900000000000091e+03,3.293769600000000253e+01
1.544000000000000000e+03,3.302138000000000062e+01
1.544099999999999909e+03,2.595669600000000088e+01
1.544200000000000045e+03,2.600098500000000001e+01
1.544299999999999955e+03,2.604520899999999983e+01
1.544400000000000091e+03,2.265511599999999959e+01
1.544500000000000000e+03,2.268461800000000039e+01
1.544599999999999909e+03,2.364477300000000071e+01
1.544700000000000045e+03,2.367774100000000104e+01
1.544799999999999955e+03,2.371065899999999971e+01
1.544900000000000091e+03,2.457684100000000171e+01
1.545000000000000000e+03,2.461306099999999830e+01
1.545099999999999909e+03,2.023062300000000135e+01
1.545200000000000045e+03,2.025036700000000067e+01
1.545299999999999955e+03,2.027008100000000113e+01
1.545400000000000091e+03,1.822709400000000102e+01
1.545500000000000000e+03,1.824059899999999956e+01
1.545599999999999909e+03,1.902657400000000010e+01
1.545700000000000045e+03,1.904223100000000102e+01
1.545799999999999955e+03,1.905786300000000111e+01
1.545900000000000091e+03,1.974829700000000088e+01
1.546000000000000000e+03,1.976589500000000044e+01
1.546099999999999909e+03,1.694299900000000036e+01
1.546200000000000045e+03,1.695273099999999999e+01
1.546299999999999955e+03,1.696244799999999842e+01
1.546400000000000091e+03,1.566532600000000031e+01
1.546500000000000000e+03,1.567202100000000087e+01
1.546599999999999909e+03,1.623935699999999827e+01
1.546700000000000045e+03,1.624726899999999929e+01
1.546799999999999955e+03,1.625516800000000117e+01
1.546900000000000091e+03,1.674849800000000144e+01
1.547000000000000000e+03,1.675749300000000019e+01
1.547099999999999909e+03,1.546601599999999976e+01
1.547200000000000045e+03,1.547209100000000070e+01
1.547299999999999955e+03,1.547815600000000025e+01
1.547400000000000091e+03,1.492196399999999912e+01
1.547500000000000000e+03,1.492688000000000059e+01
1.547599999999999909e+03,1.528205099999999916e+01
1.547700000000000045e+03,1.528764600000000051e+01
1.547799999999999955e+03,1.529323199999999972e+01
1.547900000000000091e+03,1.559695100000000068e+01
1.548000000000000000e+03,1.560313000000000017e+01
1.548099999999999909e+03,1.669336699999999851e+01
1.548200000000000045e+03,1.670191600000000065e+01
1.548299999999999955e+03,1.671045000000000158e+01
1.548400000000000091e+03,1.734995500000000135e+01
1.548500000000000000e+03,1.735996099999999842e+01
1.548599999999999909e+03,1.747579299999999947e+01
1.548700000000000045e+03,1.748602699999999999e+01
1.548799999999999955e+03,1.749624400000000080e+01
1.548900000000000091e+03,1.758417899999999889e+01
1.549000000000000000e+03,1.759455499999999972e+01
1.549099999999999909e+03,1.766857299999999853e+01
1.549200000000000045e+03,1.767907299999999893e+01
1.549299999999999955e+03,1.768955599999999961e+01
1.549400000000000091e+03,1.775284900000000121e+01
1.549500000000000000e+03,1.776343400000000017e+01
1.549599999999999909e+03,1.781814400000000020e+01
1.549700000000000045e+03,1.782880400000000165e+01
1.549799999999999955e+03,1.783944599999999880e+01
1.549900000000000091e+03,1.788748100000000107e+01
1.550000000000000000e+03,1.789818100000000101e+01
1.550099999999999909e+03,1.963038699999999892e+01
1.550200000000000045e+03,1.964565299999999937e+01
1.550299999999999955e+03,1.966089600000000104e+01
1.550400000000000091e+03,2.058514800000000022e+01
1.550500000000000000e+03,2.060298699999999883e+01
1.550599999999999909e+03,2.055444100000000063e+01
1.550700000000000045e+03,2.057202399999999898e+01
1.550799999999999955e+03,2.058957799999999949e+01
1.550900000000000091e+03,2.054142999999999830e+01
1.551000000000000000e+03,2.055873199999999912e+01
1.551099999999999909e+03,2.052756600000000020e+01
1.551200000000000045e+03,2.054466899999999896e+01
1.551299999999999955e+03,2.056174499999999838e+01
1.551400000000000091e+03,2.054444900000000018e+01
1.551500000000000000e+03,2.056136800000000164e+01
1.551599999999999909e+03,2.055539100000000019e+01
1.551700000000000045e+03,2.057218699999999956e+01
1.551799999999999955e+03,2.058895700000000062e+01
1.551900000000000091e+03,2.059204599999999985e+01
1.552000000000000000e+03,2.060872000000000170e+01
1.552099999999999909e+03,2.146343099999999993e+01
1.552200000000000045e+03,2.148254899999999878e+01
1.552299999999999955e+03,2.150163699999999878e+01
1.552400000000000091e+03,2.196436500000000080e+01
1.552500000000000000e+03,2.198477700000000112e+01
1.552599999999999909e+03,2.196918000000000148e+01
1.552700000000000045e+03,2.198941200000000151e+01
1.552799999999999955e+03,2.200961099999999959e+01
1.552900000000000091e+03,2.199859999999999971e+01
1.553000000000000000e+03,2.201852799999999988e+01
1.553099999999999909e+03,2.117549599999999899e+01
1.553200000000000045e+03,2.119275800000000132e+01
1.553299999999999955e+03,2.120999099999999871e+01
1.553400000000000091e+03,2.077361700000000155e+01
1.553500000000000000e+03,2.078949799999999826e+01
1.553599999999999909e+03,2.084265500000000060e+01
1.553700000000000045e+03,2.085858699999999999e+01
1.553799999999999955e+03,2.087449200000000005e+01
1.553900000000000091e+03,2.093387299999999840e+01
1.554000000000000000e+03,2.094975700000000174e+01
1.554099999999999909e+03,2.184932799999999986e+01
1.554200000000000045e+03,2.186771699999999896e+01
1.554299999999999955e+03,2.188607599999999920e+01
1.554400000000000091e+03,2.238870700000000014e+01
1.554500000000000000e+03,2.240845600000000104e+01
1.554599999999999909e+03,2.242795500000000075e+01
1.554700000000000045e+03,2.244763700000000028e+01
1.554799999999999955e+03,2.246728500000000039e+01
1.554900000000000091e+03,2.248520600000000158e+01
1.555000000000000000e+03,2.250478299999999976e+01
1.555099999999999909e+03,2.337218400000000074e+01
1.555200000000000045e+03,2.339433299999999960e+01
1.555299999999999955e+03,2.341645199999999960e+01
1.555400000000000091e+03,2.389629300000000001e+01
1.555500000000000000e+03,2.391980500000000021e+01
1.555599999999999909e+03,2.392362400000000022e+01
1.555700000000000045e+03,2.394699299999999909e+01
1.555799999999999955e+03,2.397032300000000049e+01
1.555900000000000091e+03,2.397754899999999978e+01
1.556000000000000000e+03,2.400074800000000153e+01
1.556099999999999909e+03,2.570435000000000159e+01
1.556200000000000045e+03,2.573316099999999906e+01
1.556299999999999955e+03,2.576192400000000049e+01
1.556400000000000091e+03,2.669058599999999970e+01
1.556500000000000000e+03,2.672248199999999940e+01
1.556599999999999909e+03,2.669819100000000134e+01
1.556700000000000045e+03,2.672977399999999903e+01
1.556799999999999955e+03,2.676130399999999909e+01
1.556900000000000091e+03,2.674247599999999991e+01
1.557000000000000000e+03,2.677371700000000132e+01
1.557099999999999909e+03,2.761737700000000117e+01
1.557200000000000045e+03,2.765155299999999983e+01
1.557299999999999955e+03,2.768567099999999925e+01
1.557400000000000091e+03,2.815478500000000039e+01
1.557500000000000000e+03,2.819042599999999865e+01
1.557599999999999909e+03,2.819323899999999838e+01
1.557700000000000045e+03,2.822863299999999853e+01
1.557799999999999955e+03,2.826396700000000095e+01
1.557900000000000091e+03,2.827655000000000030e+01
1.558000000000000000e+03,2.831167699999999954e+01
1.558099999999999909e+03,3.086850799999999850e+01
1.558200000000000045e+03,3.091357700000000008e+01
1.558299999999999955e+03,3.095857799999999926e+01
1.558400000000000091e+03,3.236226800000000026e+01
1.558500000000000000e+03,3.241270399999999796e+01
1.558599999999999909e+03,3.239109599999999745e+01
1.558700000000000045e+03,3.244104500000000257e+01
1.558799999999999955e+03,3.249090900000000204e+01
1.558900000000000091e+03,3.247468099999999680e+01
1.559000000000000000e+03,3.252408899999999647e+01
1.559099999999999909e+03,3.337715899999999891e+01
1.559200000000000045e+03,3.342994499999999647e+01
1.559299999999999955e+03,3.348264199999999846e+01
1.559400000000000091e+03,3.397142999999999802e+01
1.559500000000000000e+03,3.402589600000000303e+01
1.559599999999999909e+03,3.405621099999999757e+01
1.559700000000000045e+03,3.411038400000000337e+01
1.559799999999999955e+03,3.416446499999999986e+01
1.559900000000000091e+03,3.420841099999999813e+01
1.560000000000000000e+03,3.426226299999999725e+01
1.560099999999999909e+03,3.432485199999999992e+01
1.560200000000000045e+03,3.437855799999999817e+01
1.560299999999999955e+03,3.443217200000000133e+01
1.560400000000000091e+03,3.451019399999999848e+01
1.560500000000000000e+03,3.456373200000000168e+01
1.560599999999999909e+03,3.465449600000000174e+01
1.560700000000000045e+03,3.470803099999999830e+01
1.560799999999999955e+03,3.476147499999999724e+01
1.560900000000000091e+03,3.486319400000000002e+01
1.561000000000000000e+03,3.491666899999999885e+01
1.561099999999999909e+03,3.502704700000000315e+01
1.561200000000000045e+03,3.508058900000000335e+01
1.561299999999999955e+03,3.513403900000000135e+01
1.561400000000000091e+03,3.525178799999999768e+01
1.561500000000000000e+03,3.530533599999999694e+01
1.561599999999999909e+03,3.542909199999999714e+01
1.561700000000000045e+03,3.548276299999999850e+01
1.561799999999999955e+03,3.553634100000000018e+01
1.561900000000000091e+03,3.566529100000000341e+01
1.562000000000000000e+03,3.571875599999999906e+01
1.562099999999999909e+03,3.585176200000000080e+01
1.562200000000000045e+03,3.590538399999999797e+01
1.562299999999999955e+03,3.595891000000000304e+01
1.562400000000000091e+03,3.609576700000000216e+01
1.562500000000000000e+03,3.614946400000000182e+01
1.562599999999999909e+03,3.628938500000000289e+01
1.562700000000000045e+03,3.634326300000000032e+01
1.562799999999999955e+03,3.639704600000000312e+01
1.562900000000000091e+03,3.654016500000000178e+01
1.563000000000000000e+03,3.659492999999999796e+01
1.563099999999999909e+03,3.757943800000000323e+01
1.563200000000000045e+03,3.763810900000000004e+01
1.563299999999999955e+03,3.769667700000000110e+01
1.563400000000000091e+03,3.830813700000000210e+01
1.563500000000000000e+03,3.836901399999999995e+01
1.563599999999999909e+03,3.851175500000000085e+01
1.563700000000000045e+03,3.857278999999999769e+01
1.563799999999999955e+03,3.863371899999999926e+01
1.563900000000000091e+03,3.877486199999999883e+01
1.564000000000000000e+03,3.883593599999999668e+01
1.564099999999999909e+03,3.898239000000000232e+01
1.564200000000000045e+03,3.904363399999999729e+01
1.564299999999999955e+03,3.910476899999999745e+01
1.564400000000000091e+03,3.925473199999999707e+01
1.564500000000000000e+03,3.931604800000000211e+01
1.564599999999999909e+03,3.946987000000000023e+01
1.564700000000000045e+03,3.953138400000000274e+01
1.564799999999999955e+03,3.959278799999999876e+01
1.564900000000000091e+03,3.975058800000000048e+01
1.565000000000000000e+03,3.981220299999999668e+01
1.565099999999999909e+03,3.997317100000000067e+01
1.565200000000000045e+03,4.003501099999999724e+01
1.565299999999999955e+03,4.009660000000000224e+01
1.565400000000000091e+03,4.026052299999999917e+01
1.565500000000000000e+03,4.032229800000000353e+01
1.565599999999999909e+03,4.048863800000000168e+01
1.565700000000000045e+03,4.055065199999999948e+01
1.565799999999999955e+03,4.061255299999999835e+01
1.565900000000000091e+03,4.078137499999999704e+01
1.566000000000000000e+03,4.084352200000000011e+01
1.566099999999999909e+03,4.185040000000000049e+01
1.566200000000000045e+03,4.191655699999999740e+01
1.566299999999999955e+03,4.198260100000000250e+01
1.566400000000000091e+03,4.262421299999999746e+01
1.566500000000000000e+03,4.269267099999999715e+01
1.566599999999999909e+03,4.286945800000000162e+01
1.566700000000000045e+03,4.293816300000000297e+01
1.566799999999999955e+03,4.300674300000000017e+01
1.566900000000000091e+03,4.318069599999999753e+01
1.567000000000000000e+03,4.324950499999999920e+01
1.567099999999999909e+03,4.175649099999999692e+01
1.567200000000000045e+03,4.181803699999999679e+01
1.567299999999999955e+03,4.187946800000000280e+01
1.567400000000000091e+03,4.112101700000000193e+01
1.567500000000000000e+03,4.117872100000000302e+01
1.567599999999999909e+03,4.135149200000000036e+01
1.567700000000000045e+03,4.140946300000000235e+01
1.567799999999999955e+03,4.146732500000000243e+01
1.567900000000000091e+03,4.165361000000000047e+01
1.568000000000000000e+03,4.171179300000000012e+01
1.568099999999999909e+03,4.106262699999999910e+01
1.568200000000000045e+03,4.111765299999999712e+01
1.568299999999999955e+03,4.117257399999999734e+01
1.568400000000000091e+03,4.088439100000000082e+01
1.568500000000000000e+03,4.093771300000000224e+01
1.568599999999999909e+03,4.111071900000000312e+01
1.568700000000000045e+03,4.116404399999999697e+01
1.568799999999999955e+03,4.121726499999999760e+01
1.568900000000000091e+03,4.139507100000000150e+01
1.569000000000000000e+03,4.144858099999999723e+01
1.569099999999999909e+03,4.079159200000000141e+01
1.569200000000000045e+03,4.084208600000000189e+01
1.569299999999999955e+03,4.089247999999999905e+01
1.569400000000000091e+03,4.059377099999999672e+01
1.569500000000000000e+03,4.064262000000000086e+01
1.569599999999999909e+03,4.080336199999999991e+01
1.569700000000000045e+03,4.085244699999999796e+01
1.569799999999999955e+03,4.090143499999999932e+01
1.569900000000000091e+03,4.106735299999999711e+01
1.570000000000000000e+03,4.111659300000000172e+01
1.570099999999999909e+03,4.044896599999999864e+01
1.570200000000000045e+03,4.049530099999999777e+01
1.570299999999999955e+03,4.054166099999999773e+01
1.570400000000000091e+03,4.023058699999999988e+01
1.570500000000000000e+03,4.027571100000000115e+01
1.570599999999999909e+03,4.042283299999999713e+01
1.570700000000000045e+03,4.046815399999999840e+01
1.570799999999999955e+03,4.051338299999999748e+01
1.570900000000000091e+03,4.066614299999999815e+01
1.571000000000000000e+03,4.071158599999999694e+01
1.571099999999999909e+03,4.003219399999999695e+01
1.571200000000000045e+03,4.007481500000000096e+01
1.571299999999999955e+03,4.011734799999999979e+01
1.571400000000000091e+03,3.979244299999999868e+01
1.571500000000000000e+03,3.983347400000000249e+01
1.571599999999999909e+03,3.996560300000000154e+01
1.571700000000000045e+03,4.000681500000000312e+01
1.571799999999999955e+03,4.004794100000000157e+01
1.571900000000000091e+03,4.018706699999999898e+01
1.572000000000000000e+03,4.022836999999999819e+01
1.572099999999999909e+03,3.953675199999999990e+01
1.572200000000000045e+03,3.957531399999999877e+01
1.572299999999999955e+03,3.961379600000000067e+01
1.572400000000000091e+03,3.927485699999999724e+01
1.572500000000000000e+03,3.931190300000000093e+01
1.572599999999999909e+03,3.942890200000000078e+01
1.572700000000000045e+03,3.946606400000000292e+01
1.572799999999999955e+03,3.950314900000000051e+01
1.572900000000000091e+03,3.962668599999999941e+01
1.573000000000000000e+03,3.966375599999999935e+01
1.573099999999999909e+03,3.730055999999999727e+01
1.573200000000000045e+03,3.732977600000000251e+01
1.573299999999999955e+03,3.735892900000000338e+01
1.573400000000000091e+03,3.604995499999999709e+01
1.573500000000000000e+03,3.607501299999999844e+01
1.573599999999999909e+03,3.613010100000000335e+01
1.573700000000000045e+03,3.615514199999999789e+01
1.573799999999999955e+03,3.618014600000000058e+01
1.573900000000000091e+03,3.625643199999999666e+01
1.574000000000000000e+03,3.628147500000000036e+01
1.574099999999999909e+03,3.470502299999999707e+01
1.574200000000000045e+03,3.472550600000000287e+01
1.574299999999999955e+03,3.474594400000000149e+01
1.574400000000000091e+03,3.386869000000000085e+01
1.574500000000000000e+03,3.388668299999999789e+01
1.574599999999999909e+03,3.391665600000000325e+01
1.574700000000000045e+03,3.393460100000000068e+01
1.574799999999999955e+03,3.395250599999999963e+01
1.574900000000000091e+03,3.399789599999999723e+01
1.575000000000000000e+03,3.401579300000000217e+01
1.575099999999999909e+03,3.241187399999999741e+01
1.575200000000000045e+03,3.242570099999999655e+01
1.575299999999999955e+03,3.243950799999999646e+01
1.575400000000000091e+03,3.153265599999999935e+01
1.575500000000000000e+03,3.154427599999999998e+01
1.575599999999999909e+03,3.154264300000000176e+01
1.575700000000000045e+03,3.155418200000000084e+01
1.575799999999999955e+03,3.156569599999999909e+01
1.575900000000000091e+03,3.158047699999999836e+01
1.576000000000000000e+03,3.159194700000000111e+01
1.576099999999999909e+03,2.913691499999999834e+01
1.576200000000000045e+03,2.914316000000000173e+01
1.576299999999999955e+03,2.914939100000000138e+01
1.576400000000000091e+03,2.773557999999999879e+01
1.576500000000000000e+03,2.773912899999999837e+01
1.576599999999999909e+03,2.767902700000000138e+01
1.576700000000000045e+03,2.768244699999999980e+01
1.576799999999999955e+03,2.768586000000000169e+01
1.576900000000000091e+03,2.765092599999999834e+01
1.577000000000000000e+03,2.765425499999999914e+01
1.577099999999999909e+03,2.597898700000000005e+01
1.577200000000000045e+03,2.597948099999999982e+01
1.577299999999999955e+03,2.597997200000000007e+01
1.577400000000000091e+03,2.499881999999999849e+01
1.577500000000000000e+03,2.499779799999999952e+01
1.577599999999999909e+03,2.492141099999999909e+01
1.577700000000000045e+03,2.492028200000000027e+01
1.577799999999999955e+03,2.491915600000000097e+01
1.577900000000000091e+03,2.486212000000000089e+01
1.578000000000000000e+03,2.486091700000000060e+01
1.578099999999999909e+03,2.316332200000000086e+01
1.578200000000000045e+03,2.315980300000000014e+01
1.578299999999999955e+03,2.315629300000000157e+01
1.578400000000000091e+03,2.215410100000000071e+01
1.578500000000000000e+03,2.214939800000000147e+01
1.578599999999999909e+03,2.205264599999999930e+01
1.578700000000000045e+03,2.204786000000000001e+01
1.578799999999999955e+03,2.204308500000000137e+01
1.578900000000000091e+03,2.196583899999999900e+01
1.579000000000000000e+03,2.196100399999999908e+01
1.579099999999999909e+03,2.188971000000000089e+01
1.579200000000000045e+03,2.188482099999999875e+01
1.579299999999999955e+03,2.187994499999999931e+01
1.579400000000000091e+03,2.181361199999999911e+01
1.579500000000000000e+03,2.180868900000000110e+01
1.579599999999999909e+03,2.174672999999999945e+01
1.579700000000000045e+03,2.174176500000000090e+01
1.579799999999999955e+03,2.173681200000000047e+01
1.579900000000000091e+03,2.167861500000000063e+01
1.580000000000000000e+03,2.167362599999999873e+01
1.580099999999999909e+03,1.997152099999999919e+01
1.580200000000000045e+03,1.996483399999999975e+01
1.580299999999999955e+03,1.995816200000000151e+01
1.580400000000000091e+03,1.895047900000000141e+01
1.580500000000000000e+03,1.894298399999999916e+01
1.580599999999999909e+03,1.883930799999999905e+01
1.580700000000000045e+03,1.883177200000000084e+01
1.580799999999999955e+03,1.882425399999999982e+01
1.580900000000000091e+03,1.873882700000000057e+01
1.581000000000000000e+03,1.873128399999999871e+01
1.581099999999999909e+03,1.947437199999999891e+01
1.581200000000000045e+03,1.946748499999999993e+01
1.581299999999999955e+03,1.946061299999999861e+01
1.581400000000000091e+03,1.986180399999999935e+01
1.581500000000000000e+03,1.985533099999999962e+01
1.581599999999999909e+03,1.980880700000000161e+01
1.581700000000000045e+03,1.980232699999999824e+01
1.581799999999999955e+03,1.979586199999999963e+01
1.581900000000000091e+03,1.974435700000000082e+01
1.582000000000000000e+03,1.973788100000000156e+01
1.582099999999999909e+03,1.803981699999999933e+01
1.582200000000000045e+03,1.803198700000000088e+01
1.582299999999999955e+03,1.802417499999999961e+01
1.582400000000000091e+03,1.702052899999999980e+01
1.582500000000000000e+03,1.701210000000000022e+01
1.582599999999999909e+03,1.691200600000000165e+01
1.582700000000000045e+03,1.690356200000000086e+01
1.582799999999999955e+03,1.689513900000000035e+01
1.582900000000000091e+03,1.681203299999999956e+01
1.583000000000000000e+03,1.680360500000000101e+01
1.583099999999999909e+03,1.590009300000000003e+01
1.583200000000000045e+03,1.589122899999999916e+01
1.583299999999999955e+03,1.588238600000000034e+01
1.583400000000000091e+03,1.532873000000000019e+01
1.583500000000000000e+03,1.531968799999999931e+01
1.583599999999999909e+03,1.522014199999999917e+01
1.583700000000000045e+03,1.521109799999999979e+01
1.583799999999999955e+03,1.520206899999999983e+01
1.583900000000000091e+03,1.511286699999999961e+01
1.584000000000000000e+03,1.510384900000000030e+01
1.584099999999999909e+03,1.419387700000000052e+01
1.584200000000000045e+03,1.418459099999999928e+01
1.584299999999999955e+03,1.417532699999999934e+01
1.584400000000000091e+03,1.361559699999999928e+01
1.584500000000000000e+03,1.360623700000000014e+01
1.584599999999999909e+03,1.350098799999999954e+01
1.584700000000000045e+03,1.349165400000000048e+01
1.584799999999999955e+03,1.348234199999999916e+01
1.584900000000000091e+03,1.338741399999999970e+01
1.585000000000000000e+03,1.337813099999999977e+01
1.585099999999999909e+03,1.246185299999999962e+01
1.585200000000000045e+03,1.245248999999999917e+01
1.585299999999999955e+03,1.244314900000000002e+01
1.585400000000000091e+03,1.187768799999999914e+01
1.585500000000000000e+03,1.186834099999999914e+01
1.585599999999999909e+03,1.175787200000000077e+01
1.585700000000000045e+03,1.174857000000000085e+01
1.585799999999999955e+03,1.173929099999999970e+01
1.585900000000000091e+03,1.163927499999999959e+01
1.586000000000000000e+03,1.163004100000000030e+01
1.586099999999999909e+03,1.070603099999999941e+01
1.586200000000000045e+03,1.069689499999999960e+01
1.586299999999999955e+03,1.068778299999999959e+01
1.586400000000000091e+03,1.011666199999999982e+01
1.586500000000000000e+03,1.010767000000000060e+01
1.586599999999999909e+03,9.993128000000000455e+00
1.586700000000000045e+03,9.984199999999999520e+00
1.586799999999999955e+03,9.975294999999999135e+00
1.586900000000000091e+03,9.870981999999999701e+00
1.587000000000000000e+03,9.862139000000000877e+00
1.587099999999999909e+03,9.760932999999999637e+00
1.587200000000000045e+03,9.752154000000000877e+00
1.587299999999999955e+03,9.743396000000000612e+00
1.587400000000000091e+03,9.645092999999999250e+00
1.587500000000000000e+03,9.636620000000000630e+00
1.587599999999999909e+03,9.540611999999999426e+00
1.587700000000000045e+03,9.532201999999999842e+00
1.587799999999999955e+03,9.523813000000000528e+00
1.587900000000000091e+03,9.429759000000000668e+00
1.588000000000000000e+03,9.421431999999999363e+00
1.588099999999999909e+03,1.015798900000000060e+01
1.588200000000000045e+03,1.014957000000000065e+01
1.588299999999999955e+03,1.014117099999999994e+01
1.588400000000000091e+03,1.052596600000000038e+01
1.588500000000000000e+03,1.051756199999999986e+01
1.588599999999999909e+03,1.044776099999999985e+01
1.588700000000000045e+03,1.043940399999999968e+01
1.588799999999999955e+03,1.043106799999999978e+01
1.588900000000000091e+03,1.035476599999999969e+01
1.589000000000000000e+03,1.034647599999999912e+01
1.589099999999999909e+03,1.192742299999999922e+01
1.589200000000000045e+03,1.191919099999999965e+01
1.589299999999999955e+03,1.191097899999999932e+01
1.589400000000000091e+03,1.278239600000000031e+01
1.589500000000000000e+03,1.277441400000000016e+01
1.589599999999999909e+03,1.273425600000000024e+01
1.589700000000000045e+03,1.272630299999999970e+01
1.589799999999999955e+03,1.271836799999999990e+01
1.589900000000000091e+03,1.266357299999999952e+01
1.590000000000000000e+03,1.265566300000000055e+01
1.590099999999999909e+03,1.342715600000000009e+01
1.590200000000000045e+03,1.341950899999999969e+01
1.590299999999999955e+03,1.341187900000000077e+01
1.590400000000000091e+03,1.382844200000000079e+01
1.590500000000000000e+03,1.382101399999999991e+01
1.590599999999999909e+03,1.378061499999999917e+01
1.590700000000000045e+03,1.377320699999999931e+01
1.590799999999999955e+03,1.376581700000000019e+01
1.590900000000000091e+03,1.371793199999999935e+01
1.591000000000000000e+03,1.371055899999999994e+01
1.591099999999999909e+03,1.531738700000000009e+01
1.591200000000000045e+03,1.531090499999999999e+01
1.591299999999999955e+03,1.530443799999999932e+01
1.591400000000000091e+03,1.619959400000000116e+01
1.591500000000000000e+03,1.619379100000000093e+01
1.591599999999999909e+03,1.617338600000000071e+01
1.591700000000000045e+03,1.616759899999999917e+01
1.591799999999999955e+03,1.616182399999999930e+01
1.591900000000000091e+03,1.612715299999999985e+01
1.592000000000000000e+03,1.612138200000000055e+01
1.592099999999999909e+03,1.608662599999999898e+01
1.592200000000000045e+03,1.608085900000000024e+01
1.592299999999999955e+03,1.607510399999999962e+01
1.592400000000000091e+03,1.604046800000000061e+01
1.592500000000000000e+03,1.603471700000000055e+01
1.592599999999999909e+03,1.600020699999999962e+01
1.592700000000000045e+03,1.599445900000000087e+01
1.592799999999999955e+03,1.598872399999999949e+01
1.592900000000000091e+03,1.595432300000000048e+01
1.593000000000000000e+03,1.594859199999999966e+01
1.593099999999999909e+03,1.757105200000000167e+01
1.593200000000000045e+03,1.756677600000000083e+01
1.593299999999999955e+03,1.756250800000000112e+01
1.593400000000000091e+03,1.847019900000000092e+01
1.593500000000000000e+03,1.846690900000000113e+01
1.593599999999999909e+03,1.845691199999999910e+01
1.593700000000000045e+03,1.845362899999999939e+01
1.593799999999999955e+03,1.845035400000000081e+01
1.593900000000000091e+03,1.842691500000000104e+01
1.594000000000000000e+03,1.842363100000000031e+01
1.594099999999999909e+03,1.840097700000000103e+01
1.594200000000000045e+03,1.839768600000000021e+01
1.594299999999999955e+03,1.839440199999999948e+01
1.594400000000000091e+03,1.837260699999999858e+01
1.594500000000000000e+03,1.836931699999999879e+01
1.594599999999999909e+03,1.834828600000000165e+01
1.594700000000000045e+03,1.834499100000000027e+01
1.594799999999999955e+03,1.834170299999999898e+01
1.594900000000000091e+03,1.832129000000000119e+01
1.595000000000000000e+03,1.831799699999999831e+01
1.595099999999999909e+03,1.664058299999999946e+01
1.595200000000000045e+03,1.663563699999999912e+01
1.595299999999999955e+03,1.663070099999999840e+01
1.595400000000000091e+03,1.567092700000000072e+01
1.595500000000000000e+03,1.566523600000000016e+01
1.595599999999999909e+03,1.562361100000000036e+01
1.595700000000000045e+03,1.561791900000000055e+01
1.595799999999999955e+03,1.561223999999999990e+01
1.595900000000000091e+03,1.558429899999999968e+01
1.596000000000000000e+03,1.557862800000000014e+01
1.596099999999999909e+03,1.555011000000000010e+01
1.596200000000000045e+03,1.554444799999999915e+01
1.596299999999999955e+03,1.553879799999999989e+01
1.596400000000000091e+03,1.550960000000000072e+01
1.596500000000000000e+03,1.550395699999999977e+01
1.596599999999999909e+03,1.547419099999999936e+01
1.596700000000000045e+03,1.546855500000000028e+01
1.596799999999999955e+03,1.546293200000000034e+01
1.596900000000000091e+03,1.543268600000000035e+01
1.597000000000000000e+03,1.542706899999999948e+01
1.597099999999999909e+03,1.291023599999999938e+01
1.597200000000000045e+03,1.290322399999999980e+01
1.597299999999999955e+03,1.289622800000000069e+01
1.597400000000000091e+03,1.145550899999999928e+01
1.597500000000000000e+03,1.144812600000000025e+01
1.597599999999999909e+03,1.138486200000000004e+01
1.597700000000000045e+03,1.137750400000000006e+01
1.597799999999999955e+03,1.137016200000000055e+01
1.597900000000000091e+03,1.132698099999999997e+01
1.598000000000000000e+03,1.131966700000000081e+01
1.598099999999999909e+03,1.044490900000000089e+01
1.598200000000000045e+03,1.043753799999999998e+01
1.598299999999999955e+03,1.043018299999999954e+01
1.598400000000000091e+03,9.913626000000000715e+00
1.598500000000000000e+03,9.906287999999999982e+00
1.598599999999999909e+03,9.848969000000000307e+00
1.598700000000000045e+03,9.841666999999999277e+00
1.598799999999999955e+03,9.834381999999999735e+00
1.598900000000000091e+03,9.782904000000000266e+00
1.599000000000000000e+03,9.775653999999999400e+00
1.599099999999999909e+03,8.891107999999999123e+00
1.599200000000000045e+03,8.883967999999999421e+00
1.599299999999999955e+03,8.876846000000000458e+00
1.599400000000000091e+03,8.352671000000000845e+00
1.599500000000000000e+03,8.345677999999999486e+00
1.599599999999999909e+03,8.282126999999999128e+00
1.599700000000000045e+03,8.275180000000000646e+00
1.599799999999999955e+03,8.268249000000000848e+00
1.599900000000000091e+03,8.210739000000000232e+00
1.600000000000000000e+03,8.203848000000000695e+00
1.600099999999999909e+03,7.312438000000000216e+00
1.600200000000000045e+03,7.305843000000000309e+00
1.600299999999999955e+03,7.299262999999999835e+00
1.600400000000000091e+03,6.769703999999999944e+00
1.600500000000000000e+03,6.763364000000000154e+00
1.600599999999999909e+03,6.695527000000000228e+00
1.600700000000000045e+03,6.689256000000000313e+00
1.600799999999999955e+03,6.682998999999999690e+00
1.600900000000000091e+03,6.621266999999999570e+00
1.601000000000000000e+03,6.615065999999999669e+00
1.601099999999999909e+03,6.552183999999999564e+00
1.601200000000000045e+03,6.546038000000000245e+00
1.601299999999999955e+03,6.539906000000000219e+00
1.601400000000000091e+03,6.476035000000000430e+00
1.601500000000000000e+03,6.469960000000000377e+00
1.601599999999999909e+03,6.405263999999999847e+00
1.601700000000000045e+03,6.399244000000000376e+00
1.601799999999999955e+03,6.393239000000000338e+00
1.601900000000000091e+03,6.328382999999999647e+00
1.602000000000000000e+03,6.322515000000000107e+00
1.602099999999999909e+03,7.923688000000000287e+00
1.602200000000000045e+03,7.917213000000000278e+00
1.602299999999999955e+03,7.910752999999999702e+00
1.602400000000000091e+03,8.780215000000000103e+00
1.602500000000000000e+03,8.773659999999999570e+00
1.602599999999999909e+03,8.713767000000000706e+00
1.602700000000000045e+03,8.707245000000000346e+00
1.602799999999999955e+03,8.700737999999999417e+00
1.602900000000000091e+03,8.628083000000000169e+00
1.603000000000000000e+03,8.621610999999999692e+00
1.603099999999999909e+03,1.021864700000000070e+01
1.603200000000000045e+03,1.021227900000000055e+01
1.603299999999999955e+03,1.020592500000000058e+01
1.603400000000000091e+03,1.106904300000000063e+01
1.603500000000000000e+03,1.106291799999999981e+01
1.603599999999999909e+03,1.099894300000000058e+01
1.603700000000000045e+03,1.099282799999999938e+01
1.603799999999999955e+03,1.098672600000000088e+01
1.603900000000000091e+03,1.091276099999999971e+01
1.604000000000000000e+03,1.090666599999999953e+01
1.604099999999999909e+03,1.166988800000000026e+01
1.604200000000000045e+03,1.166408999999999985e+01
1.604299999999999955e+03,1.165830500000000036e+01
1.604400000000000091e+03,1.205773199999999967e+01
1.604500000000000000e+03,1.205215600000000009e+01
1.604599999999999909e+03,1.199009200000000064e+01
1.604700000000000045e+03,1.198451000000000022e+01
1.604799999999999955e+03,1.197893999999999970e+01
1.604900000000000091e+03,1.191435300000000019e+01
1.605000000000000000e+03,1.190877899999999912e+01
1.605099999999999909e+03,1.434607300000000052e+01
1.605200000000000045e+03,1.434217199999999970e+01
1.605299999999999955e+03,1.433827900000000000e+01
1.605400000000000091e+03,1.567300099999999929e+01
1.605500000000000000e+03,1.567042999999999964e+01
1.605599999999999909e+03,1.561038300000000056e+01
1.605700000000000045e+03,1.560776100000000000e+01
1.605799999999999955e+03,1.560514299999999999e+01
1.605900000000000091e+03,1.553218299999999985e+01
1.606000000000000000e+03,1.552950099999999978e+01
1.606099999999999909e+03,1.546582599999999985e+01
1.606200000000000045e+03,1.546308999999999934e+01
1.606299999999999955e+03,1.546035999999999966e+01
1.606400000000000091e+03,1.540476699999999965e+01
1.606500000000000000e+03,1.540199299999999916e+01
1.606599999999999909e+03,1.535323299999999946e+01
1.606700000000000045e+03,1.535042100000000076e+01
1.606799999999999955e+03,1.534761499999999934e+01
1.606900000000000091e+03,1.530454699999999946e+01
1.607000000000000000e+03,1.530171099999999917e+01
1.607099999999999909e+03,1.692997099999999833e+01
1.607200000000000045e+03,1.692905199999999866e+01
1.607299999999999955e+03,1.692813500000000104e+01
1.607400000000000091e+03,1.781954500000000152e+01
1.607500000000000000e+03,1.781985200000000091e+01
1.607599999999999909e+03,1.778087299999999971e+01
1.607700000000000045e+03,1.778112199999999987e+01
1.607799999999999955e+03,1.778137100000000004e+01
1.607900000000000091e+03,1.773538699999999935e+01
1.608000000000000000e+03,1.773556900000000169e+01
1.608099999999999909e+03,1.769723799999999869e+01
1.608200000000000045e+03,1.769736400000000032e+01
1.608299999999999955e+03,1.769748999999999839e+01
1.608400000000000091e+03,1.766574100000000058e+01
1.608500000000000000e+03,1.766582100000000111e+01
1.608599999999999909e+03,1.763962100000000177e+01
1.608700000000000045e+03,1.763966399999999979e+01
1.608799999999999955e+03,1.763970700000000136e+01
1.608900000000000091e+03,1.761811099999999897e+01
1.609000000000000000e+03,1.761812300000000064e+01
1.609099999999999909e+03,1.926794999999999902e+01
1.609200000000000045e+03,1.927049999999999841e+01
1.609299999999999955e+03,1.927304499999999976e+01
1.609400000000000091e+03,2.018387799999999999e+01
1.609500000000000000e+03,2.018799100000000024e+01
1.609599999999999909e+03,2.016684899999999914e+01
1.609700000000000045e+03,2.017089899999999858e+01
1.609799999999999955e+03,2.017494200000000149e+01
1.609900000000000091e+03,2.014661100000000005e+01
1.610000000000000000e+03,2.015057900000000046e+01
1.610099999999999909e+03,1.929592200000000091e+01
1.610200000000000045e+03,1.929838900000000024e+01
1.610299999999999955e+03,1.930085199999999901e+01
1.610400000000000091e+03,1.882401300000000077e+01
1.610500000000000000e+03,1.882568900000000056e+01
1.610599999999999909e+03,1.882116399999999956e+01
1.610700000000000045e+03,1.882282400000000067e+01
1.610799999999999955e+03,1.882448099999999869e+01
1.610900000000000091e+03,1.882917799999999886e+01
1.611000000000000000e+03,1.883083299999999838e+01
1.611099999999999909e+03,2.050402599999999964e+01
1.611200000000000045e+03,2.050853999999999999e+01
1.611299999999999955e+03,2.051304500000000175e+01
1.611400000000000091e+03,2.144513800000000003e+01
1.611500000000000000e+03,2.145140200000000164e+01
1.611599999999999909e+03,2.144966700000000159e+01
1.611700000000000045e+03,2.145589000000000013e+01
1.611799999999999955e+03,2.146210200000000157e+01
1.611900000000000091e+03,2.145144600000000068e+01
1.612000000000000000e+03,2.145759999999999934e+01
1.612099999999999909e+03,2.228694899999999990e+01
1.612200000000000045e+03,2.229475899999999911e+01
1.612299999999999955e+03,2.230255400000000066e+01
1.612400000000000091e+03,2.276605299999999943e+01
1.612500000000000000e+03,2.277478800000000092e+01
1.612599999999999909e+03,2.277570700000000059e+01
1.612700000000000045e+03,2.278439099999999939e+01
1.612799999999999955e+03,2.279305799999999849e+01
1.612900000000000091e+03,2.279299999999999926e+01
1.613000000000000000e+03,2.280161500000000174e+01
1.613099999999999909e+03,2.447560899999999862e+01
1.613200000000000045e+03,2.448797199999999918e+01
1.613299999999999955e+03,2.450031099999999995e+01
1.613400000000000091e+03,2.544024900000000144e+01
1.613500000000000000e+03,2.545482499999999959e+01
1.613599999999999909e+03,2.546562199999999976e+01
1.613700000000000045e+03,2.548013200000000111e+01
1.613799999999999955e+03,2.549461399999999855e+01
1.613900000000000091e+03,2.549938900000000075e+01
1.614000000000000000e+03,2.551379000000000019e+01
1.614099999999999909e+03,2.636109199999999930e+01
1.614200000000000045e+03,2.637758099999999928e+01
1.614299999999999955e+03,2.639403799999999833e+01
1.614400000000000091e+03,2.687897900000000107e+01
1.614500000000000000e+03,2.689661800000000014e+01
1.614599999999999909e+03,2.692111799999999988e+01
1.614700000000000045e+03,2.693870799999999832e+01
1.614799999999999955e+03,2.695626400000000089e+01
1.614900000000000091e+03,2.698058500000000137e+01
1.615000000000000000e+03,2.699809399999999826e+01
1.615099999999999909e+03,2.869789400000000157e+01
1.615200000000000045e+03,2.872006500000000173e+01
1.615299999999999955e+03,2.874219400000000135e+01
1.615400000000000091e+03,2.971068599999999904e+01
1.615500000000000000e+03,2.973557100000000020e+01
1.615599999999999909e+03,2.977611500000000078e+01
1.615700000000000045e+03,2.980095299999999980e+01
1.615799999999999955e+03,2.982574299999999923e+01
1.615900000000000091e+03,2.986083400000000054e+01
1.616000000000000000e+03,2.988556000000000168e+01
1.616099999999999909e+03,3.159828200000000109e+01
1.616200000000000045e+03,3.162827300000000008e+01
1.616299999999999955e+03,3.165820700000000087e+01
1.616400000000000091e+03,3.264232499999999959e+01
1.616500000000000000e+03,3.267535399999999868e+01
1.616599999999999909e+03,3.273358300000000298e+01
1.616700000000000045e+03,3.276657300000000106e+01
1.616799999999999955e+03,3.279942700000000144e+01
1.616900000000000091e+03,3.285315599999999847e+01
1.617000000000000000e+03,3.288592400000000282e+01
1.617099999999999909e+03,3.378351399999999671e+01
1.617200000000000045e+03,3.381913200000000330e+01
1.617299999999999955e+03,3.385468099999999936e+01
1.617400000000000091e+03,3.439318500000000256e+01
1.617500000000000000e+03,3.443036599999999936e+01
1.617599999999999909e+03,3.451032000000000011e+01
1.617700000000000045e+03,3.454753500000000344e+01
1.617799999999999955e+03,3.458467999999999876e+01
1.617900000000000091e+03,3.466548099999999977e+01
1.618000000000000000e+03,3.470263800000000032e+01
1.618099999999999909e+03,3.562482200000000176e+01
1.618200000000000045e+03,3.566501900000000091e+01
1.618299999999999955e+03,3.570513900000000262e+01
1.618400000000000091e+03,3.626783400000000057e+01
1.618500000000000000e+03,3.630971900000000119e+01
1.618599999999999909e+03,3.641307799999999872e+01
1.618700000000000045e+03,3.645505699999999649e+01
1.618799999999999955e+03,3.649695499999999981e+01
1.618900000000000091e+03,3.659969900000000109e+01
1.619000000000000000e+03,3.664166099999999915e+01
1.619099999999999909e+03,3.508292200000000349e+01
1.619200000000000045e+03,3.511896800000000241e+01
1.619299999999999955e+03,3.515494499999999789e+01
1.619400000000000091e+03,3.432900399999999763e+01
1.619500000000000000e+03,3.436189699999999903e+01
1.619599999999999909e+03,3.446586200000000133e+01
1.619700000000000045e+03,3.449888599999999883e+01
1.619799999999999955e+03,3.453184600000000160e+01
1.619900000000000091e+03,3.465043800000000118e+01
1.620000000000000000e+03,3.468355300000000341e+01
1.620099999999999909e+03,3.396969099999999742e+01
1.620200000000000045e+03,3.400020800000000065e+01
1.620299999999999955e+03,3.403066299999999700e+01
1.620400000000000091e+03,3.367839399999999728e+01
1.620500000000000000e+03,3.370751299999999873e+01
1.620599999999999909e+03,3.381633399999999767e+01
1.620700000000000045e+03,3.384558899999999682e+01
1.620799999999999955e+03,3.387478500000000281e+01
1.620900000000000091e+03,3.398934400000000267e+01
1.621000000000000000e+03,3.401869299999999896e+01
1.621099999999999909e+03,3.246921400000000091e+01
1.621200000000000045e+03,3.249361799999999789e+01
1.621299999999999955e+03,3.251798099999999891e+01
1.621400000000000091e+03,3.168705999999999889e+01
1.621500000000000000e+03,3.170886199999999988e+01
1.621599999999999909e+03,3.179670099999999877e+01
1.621700000000000045e+03,3.181860100000000102e+01
1.621799999999999955e+03,3.184045599999999965e+01
1.621900000000000091e+03,3.193974299999999999e+01
1.622000000000000000e+03,3.196162899999999851e+01
1.622099999999999909e+03,3.039826000000000050e+01
1.622200000000000045e+03,3.041576900000000094e+01
1.622299999999999955e+03,3.043324099999999888e+01
1.622400000000000091e+03,2.958354999999999890e+01
1.622500000000000000e+03,2.959876099999999965e+01
1.622599999999999909e+03,2.966435200000000094e+01
1.622700000000000045e+03,2.967962400000000045e+01
1.622799999999999955e+03,2.969486300000000156e+01
1.622900000000000091e+03,2.977173399999999859e+01
1.623000000000000000e+03,2.978706199999999882e+01
1.623099999999999909e+03,2.654692199999999858e+01
1.623200000000000045e+03,2.655481100000000083e+01
1.623299999999999955e+03,2.656268299999999982e+01
1.623400000000000091e+03,2.474541500000000127e+01
1.623500000000000000e+03,2.474973699999999965e+01
1.623599999999999909e+03,2.475795899999999961e+01
1.623700000000000045e+03,2.476226899999999986e+01
1.623799999999999955e+03,2.476657000000000153e+01
1.623900000000000091e+03,2.480000499999999874e+01
1.624000000000000000e+03,2.480433899999999880e+01
1.624099999999999909e+03,2.235404099999999872e+01
1.624200000000000045e+03,2.235426899999999861e+01
1.624299999999999955e+03,2.235449600000000103e+01
1.624400000000000091e+03,2.096729500000000002e+01
1.624500000000000000e+03,2.096556199999999848e+01
1.624599999999999909e+03,2.094696400000000125e+01
1.624700000000000045e+03,2.094521699999999953e+01
1.624799999999999955e+03,2.094347300000000089e+01
1.624900000000000091e+03,2.094396700000000067e+01
1.625000000000000000e+03,2.094223300000000165e+01
1.625099999999999909e+03,1.845926499999999848e+01
1.625200000000000045e+03,1.845466199999999901e+01
1.625299999999999955e+03,1.845007000000000019e+01
1.625400000000000091e+03,1.703005699999999933e+01
1.625500000000000000e+03,1.702420899999999904e+01
1.625599999999999909e+03,1.697192599999999985e+01
1.625700000000000045e+03,1.696606699999999890e+01
1.625799999999999955e+03,1.696021999999999963e+01
1.625900000000000091e+03,1.692807699999999826e+01
1.626000000000000000e+03,1.692223600000000161e+01
1.626099999999999909e+03,1.192836600000000047e+01
1.626200000000000045e+03,1.192017200000000088e+01
1.626299999999999955e+03,1.191199699999999950e+01
1.626400000000000091e+03,9.035593000000000430e+00
1.626500000000000000e+03,9.027635999999999328e+00
1.626599999999999909e+03,8.891970000000000596e+00
1.626700000000000045e+03,8.884085000000000676e+00
1.626799999999999955e+03,8.876213999999999160e+00
1.626900000000000091e+03,8.784511999999999432e+00
1.627000000000000000e+03,8.776702999999999477e+00
1.627099999999999909e+03,5.393451999999999913e+00
1.627200000000000045e+03,5.387432999999999694e+00
1.627299999999999955e+03,5.381427000000000405e+00
1.627400000000000091e+03,3.526191999999999993e+00
1.627500000000000000e+03,3.521736999999999895e+00
1.627599999999999909e+03,3.439010999999999818e+00
1.627700000000000045e+03,3.434652999999999956e+00
1.627799999999999955e+03,3.430306999999999995e+00
1.627900000000000091e+03,3.366902000000000061e+00
1.628000000000000000e+03,3.362635000000000041e+00
1.628099999999999909e+03,2.638561000000000156e+00
1.628200000000000045e+03,2.635066000000000130e+00
1.628299999999999955e+03,2.631580000000000030e+00
1.628400000000000091e+03,1.569201000000000068e+00
1.628500000000000000e+03,1.566928000000000099e+00
1.628599999999999909e+03,2.910639999999999894e-01
1.628700000000000045e+03,2.910639999999999894e-01
1.628799999999999955e+03,2.910639999999999894e-01
1.628900000000000091e+03,-9.613329999999999931e-01
1.629000000000000000e+03,-9.600680000000000325e-01
1.629099999999999909e+03,-2.937072000000000127e+00
1.629200000000000045e+03,-2.932383999999999880e+00
1.629299999999999955e+03,-2.927640999999999938e+00
1.629400000000000091e+03,-3.608624999999999972e+00
1.629500000000000000e+03,-3.602665000000000006e+00
1.629599999999999909e+03,-3.844046000000000074e+00
1.629700000000000045e+03,-3.837635999999999825e+00
1.629799999999999955e+03,-3.831198000000000103e+00
1.629900000000000091e+03,-4.003489000000000075e+00
1.630000000000000000e+03,-3.996736999999999984e+00
1.630099999999999909e+03,-3.132140000000000146e+00
1.630200000000000045e+03,-3.127134999999999998e+00
1.630299999999999955e+03,-3.122097000000000122e+00
1.630400000000000091e+03,-2.873095000000000176e+00
1.630500000000000000e+03,-2.868507999999999836e+00
1.630599999999999909e+03,-3.074405000000000054e+00
1.630700000000000045e+03,-3.069450999999999929e+00
1.630799999999999955e+03,-3.064475999999999978e+00
1.630900000000000091e+03,-3.219332000000000082e+00
1.631000000000000000e+03,-3.214087000000000138e+00
1.631099999999999909e+03,2.910639999999999894e-01
1.631200000000000045e+03,2.910639999999999894e-01
1.631299999999999955e+03,2.910639999999999894e-01
1.631400000000000091e+03,1.474547000000000052e+00
1.631500000000000000e+03,1.472588000000000008e+00
1.631599999999999909e+03,1.631691000000000003e+00
1.631700000000000045e+03,1.629558000000000062e+00
1.631799999999999955e+03,1.627431999999999990e+00
1.631900000000000091e+03,1.738383999999999929e+00
1.632000000000000000e+03,1.736142000000000074e+00
1.632099999999999909e+03,4.576351999999999975e+00
1.632200000000000045e+03,4.571505000000000152e+00
1.632299999999999955e+03,4.566670000000000229e+00
1.632400000000000091e+03,6.249624999999999986e+00
1.632500000000000000e+03,6.243994999999999962e+00
1.632599999999999909e+03,6.330894999999999939e+00
1.632700000000000045e+03,6.325256999999999685e+00
1.632799999999999955e+03,6.319630000000000081e+00
1.632900000000000091e+03,6.360828999999999844e+00
1.633000000000000000e+03,6.355144000000000126e+00
1.633099999999999909e+03,1.138516000000000084e+01
1.633200000000000045e+03,1.137959700000000041e+01
1.633299999999999955e+03,1.137404599999999988e+01
1.633400000000000091e+03,1.416745899999999914e+01
1.633500000000000000e+03,1.416371999999999964e+01
1.633599999999999909e+03,1.414747999999999983e+01
1.633700000000000045e+03,1.414374499999999912e+01
1.633799999999999955e+03,1.414001700000000028e+01
1.633900000000000091e+03,1.408172099999999993e+01
1.634000000000000000e+03,1.407796199999999942e+01
1.634099999999999909e+03,1.569136800000000065e+01
1.634200000000000045e+03,1.568921500000000080e+01
1.634299999999999955e+03,1.568706700000000076e+01
1.634400000000000091e+03,1.656375500000000045e+01
1.634500000000000000e+03,1.656265099999999890e+01
1.634599999999999909e+03,1.650914099999999962e+01
1.634700000000000045e+03,1.650797599999999932e+01
1.634799999999999955e+03,1.650681399999999854e+01
1.634900000000000091e+03,1.644707999999999970e+01
1.635000000000000000e+03,1.644585000000000008e+01
1.635099999999999909e+03,1.722827799999999954e+01
1.635200000000000045e+03,1.722806999999999888e+01
1.635299999999999955e+03,1.722786100000000076e+01
1.635400000000000091e+03,1.764573400000000092e+01
1.635500000000000000e+03,1.764610700000000065e+01
1.635599999999999909e+03,1.760262200000000021e+01
1.635700000000000045e+03,1.760293199999999914e+01
1.635799999999999955e+03,1.760324100000000058e+01
1.635900000000000091e+03,1.756011900000000026e+01
1.636000000000000000e+03,1.756036500000000089e+01
1.636099999999999909e+03,1.669059000000000026e+01
1.636200000000000045e+03,1.668966800000000106e+01
1.636299999999999955e+03,1.668874800000000036e+01
1.636400000000000091e+03,1.619690100000000044e+01
1.636500000000000000e+03,1.619537899999999908e+01
1.636599999999999909e+03,1.617583600000000033e+01
1.636700000000000045e+03,1.617429900000000131e+01
1.636799999999999955e+03,1.617276499999999828e+01
1.636900000000000091e+03,1.616214899999999943e+01
1.637000000000000000e+03,1.616060999999999837e+01
1.637099999999999909e+03,1.448365500000000061e+01
1.637200000000000045e+03,1.448034400000000055e+01
1.637299999999999955e+03,1.447704000000000057e+01
1.637400000000000091e+03,1.354398499999999927e+01
1.637500000000000000e+03,1.353989999999999938e+01
1.637599999999999909e+03,1.354081299999999999e+01
1.637700000000000045e+03,1.353674900000000036e+01
1.637799999999999955e+03,1.353269399999999933e+01
1.637900000000000091e+03,1.354363999999999990e+01
1.638000000000000000e+03,1.353961299999999923e+01
1.638099999999999909e+03,1.271220300000000059e+01
1.638200000000000045e+03,1.270759499999999953e+01
1.638299999999999955e+03,1.270299600000000062e+01
1.638400000000000091e+03,1.224251899999999971e+01
1.638500000000000000e+03,1.223765399999999914e+01
1.638599999999999909e+03,1.224025299999999916e+01
1.638700000000000045e+03,1.223541299999999943e+01
1.638799999999999955e+03,1.223058200000000006e+01
1.638900000000000091e+03,1.223495300000000086e+01
1.639000000000000000e+03,1.223014799999999980e+01
1.639099999999999909e+03,1.139565100000000086e+01
1.639200000000000045e+03,1.139042500000000047e+01
1.639299999999999955e+03,1.138520899999999969e+01
1.639400000000000091e+03,1.091810399999999959e+01
1.639500000000000000e+03,1.091271300000000011e+01
1.639599999999999909e+03,1.090906799999999954e+01
1.639700000000000045e+03,1.090370000000000061e+01
1.639799999999999955e+03,1.089833499999999944e+01
1.639900000000000091e+03,1.089644499999999994e+01
1.640000000000000000e+03,1.089110299999999931e+01
1.640099999999999909e+03,1.171776999999999980e+01
1.640200000000000045e+03,1.171283799999999964e+01
1.640299999999999955e+03,1.170791600000000088e+01
1.640400000000000091e+03,1.215728700000000018e+01
1.640500000000000000e+03,1.215264699999999998e+01
1.640599999999999909e+03,1.213025500000000001e+01
1.640700000000000045e+03,1.212562299999999915e+01
1.640799999999999955e+03,1.212100099999999969e+01
1.640900000000000091e+03,1.209063199999999938e+01
1.641000000000000000e+03,1.208601299999999945e+01
1.641099999999999909e+03,1.372403599999999990e+01
1.641200000000000045e+03,1.372066700000000061e+01
1.641299999999999955e+03,1.371730400000000039e+01
1.641400000000000091e+03,1.460858999999999952e+01
1.641500000000000000e+03,1.460609600000000086e+01
1.641599999999999909e+03,1.456010599999999933e+01
1.641700000000000045e+03,1.455757799999999946e+01
1.641799999999999955e+03,1.455505499999999941e+01
1.641900000000000091e+03,1.450027099999999969e+01
1.642000000000000000e+03,1.449770400000000059e+01
1.642099999999999909e+03,1.695403500000000108e+01
1.642200000000000045e+03,1.695448499999999825e+01
1.642299999999999955e+03,1.695493499999999898e+01
1.642400000000000091e+03,1.829293600000000097e+01
1.642500000000000000e+03,1.829543400000000020e+01
1.642599999999999909e+03,1.822906599999999955e+01
1.642700000000000045e+03,1.823144200000000126e+01
1.642799999999999955e+03,1.823381200000000035e+01
1.642900000000000091e+03,1.815885899999999964e+01
1.643000000000000000e+03,1.816109499999999954e+01
1.643099999999999909e+03,2.144230800000000059e+01
1.643200000000000045e+03,2.145072100000000148e+01
1.643299999999999955e+03,2.145911900000000117e+01
1.643400000000000091e+03,2.324985799999999969e+01
1.643500000000000000e+03,2.326228100000000154e+01
1.643599999999999909e+03,2.318262100000000103e+01
1.643700000000000045e+03,2.319477499999999992e+01
1.643799999999999955e+03,2.320690600000000003e+01
1.643900000000000091e+03,2.311992700000000056e+01
1.644000000000000000e+03,2.313177599999999856e+01
1.644099999999999909e+03,2.473896699999999882e+01
1.644200000000000045e+03,2.475476700000000108e+01
1.644299999999999955e+03,2.477053700000000092e+01
1.644400000000000091e+03,2.564639100000000127e+01
1.644500000000000000e+03,2.566434599999999833e+01
1.644599999999999909e+03,2.561574699999999893e+01
1.644700000000000045e+03,2.563345199999999835e+01
1.644799999999999955e+03,2.565112500000000040e+01
1.644900000000000091e+03,2.560745199999999855e+01
1.645000000000000000e+03,2.562489199999999911e+01
1.645099999999999909e+03,2.810885899999999893e+01
1.645200000000000045e+03,2.813337299999999885e+01
1.645299999999999955e+03,2.815783899999999917e+01
1.645400000000000091e+03,2.953381900000000115e+01
1.645500000000000000e+03,2.956248300000000029e+01
1.645599999999999909e+03,2.954094800000000021e+01
1.645700000000000045e+03,2.956934100000000143e+01
1.645799999999999955e+03,2.959768000000000043e+01
1.645900000000000091e+03,2.957500599999999835e+01
1.646000000000000000e+03,2.960307399999999944e+01
1.646099999999999909e+03,3.043662700000000143e+01
1.646200000000000045e+03,3.046767300000000134e+01
1.646299999999999955e+03,3.049866899999999958e+01
1.646400000000000091e+03,3.097555799999999948e+01
1.646500000000000000e+03,3.100798100000000090e+01
1.646599999999999909e+03,3.102952399999999855e+01
1.646700000000000045e+03,3.106178900000000098e+01
1.646799999999999955e+03,3.109399499999999961e+01
1.646900000000000091e+03,3.112310400000000143e+01
1.647000000000000000e+03,3.115518000000000143e+01
1.647099999999999909e+03,3.287029100000000170e+01
1.647200000000000045e+03,3.290824599999999833e+01
1.647299999999999955e+03,3.294613100000000117e+01
1.647400000000000091e+03,3.392813100000000048e+01
1.647500000000000000e+03,3.396939499999999867e+01
1.647599999999999909e+03,3.402304399999999873e+01
1.647700000000000045e+03,3.406420399999999660e+01
1.647799999999999955e+03,3.410528800000000160e+01
1.647900000000000091e+03,3.415848799999999841e+01
1.648000000000000000e+03,3.419946699999999851e+01
1.648099999999999909e+03,3.510115700000000061e+01
1.648200000000000045e+03,3.514530899999999747e+01
1.648299999999999955e+03,3.518937999999999988e+01
1.648400000000000091e+03,3.573120699999999772e+01
1.648500000000000000e+03,3.577706100000000333e+01
1.648599999999999909e+03,3.586044700000000063e+01
1.648700000000000045e+03,3.590628000000000242e+01
1.648799999999999955e+03,3.595203000000000060e+01
1.648900000000000091e+03,3.603915700000000299e+01
1.649000000000000000e+03,3.608489999999999753e+01
1.649099999999999909e+03,3.618168399999999707e+01
1.649200000000000045e+03,3.622745900000000319e+01
1.649299999999999955e+03,3.627306899999999956e+01
1.649400000000000091e+03,3.637806100000000242e+01
1.649500000000000000e+03,3.642368700000000104e+01
1.649599999999999909e+03,3.653563199999999966e+01
1.649700000000000045e+03,3.658134499999999889e+01
1.649799999999999955e+03,3.662697299999999956e+01
1.649900000000000091e+03,3.674492300000000000e+01
1.650000000000000000e+03,3.679065899999999800e+01
1.650099999999999909e+03,3.691352700000000198e+01
1.650200000000000045e+03,3.695939099999999655e+01
1.650299999999999955e+03,3.700516700000000014e+01
1.650400000000000091e+03,3.713242300000000284e+01
1.650500000000000000e+03,3.717834100000000319e+01
1.650599999999999909e+03,3.730913900000000183e+01
1.650700000000000045e+03,3.735521200000000164e+01
1.650799999999999955e+03,3.740119800000000083e+01
1.650900000000000091e+03,3.753526500000000254e+01
1.651000000000000000e+03,3.758141599999999727e+01
1.651099999999999909e+03,3.604978200000000044e+01
1.651200000000000045e+03,3.608982799999999713e+01
1.651299999999999955e+03,3.612979800000000097e+01
1.651400000000000091e+03,3.533029799999999909e+01
1.651500000000000000e+03,3.536713300000000260e+01
1.651599999999999909e+03,3.549627799999999667e+01
1.651700000000000045e+03,3.553329399999999794e+01
1.651799999999999955e+03,3.557023699999999877e+01
1.651900000000000091e+03,3.571186399999999850e+01
1.652000000000000000e+03,3.574902900000000017e+01
1.652099999999999909e+03,3.505572200000000294e+01
1.652200000000000045e+03,3.509022800000000331e+01
1.652299999999999955e+03,3.512466700000000230e+01
1.652400000000000091e+03,3.479199299999999795e+01
1.652500000000000000e+03,3.482506899999999916e+01
1.652599999999999909e+03,3.495305100000000209e+01
1.652700000000000045e+03,3.498631199999999808e+01
1.652799999999999955e+03,3.501950800000000186e+01
1.652900000000000091e+03,3.515204500000000110e+01
1.653000000000000000e+03,3.518543900000000235e+01
1.653099999999999909e+03,3.448345900000000341e+01
1.653200000000000045e+03,3.451431500000000341e+01
1.653299999999999955e+03,3.454510899999999651e+01
1.653400000000000091e+03,3.420161300000000182e+01
1.653500000000000000e+03,3.423107199999999750e+01
1.653599999999999909e+03,3.434650500000000051e+01
1.653700000000000045e+03,3.437612500000000182e+01
1.653799999999999955e+03,3.440570000000000306e+01
1.653900000000000091e+03,3.452586399999999855e+01
1.654000000000000000e+03,3.455546700000000016e+01
1.654099999999999909e+03,3.301157299999999850e+01
1.654200000000000045e+03,3.303625999999999863e+01
1.654299999999999955e+03,3.306089599999999962e+01
1.654400000000000091e+03,3.223217100000000102e+01
1.654500000000000000e+03,3.225424999999999898e+01
1.654599999999999909e+03,3.234243399999999724e+01
1.654700000000000045e+03,3.236460699999999946e+01
1.654799999999999955e+03,3.238673399999999702e+01
1.654900000000000091e+03,3.248618700000000104e+01
1.655000000000000000e+03,3.250845400000000041e+01
1.655099999999999909e+03,3.260551099999999991e+01
1.655200000000000045e+03,3.262789699999999726e+01
1.655299999999999955e+03,3.265023599999999959e+01
1.655400000000000091e+03,3.274519899999999950e+01
1.655500000000000000e+03,3.276764899999999869e+01
1.655599999999999909e+03,3.286071400000000153e+01
1.655700000000000045e+03,3.288327100000000058e+01
1.655799999999999955e+03,3.290578000000000003e+01
1.655900000000000091e+03,3.299740500000000054e+01
1.656000000000000000e+03,3.302001500000000078e+01
1.656099999999999909e+03,3.311030900000000088e+01
1.656200000000000045e+03,3.313301599999999780e+01
1.656299999999999955e+03,3.315567599999999970e+01
1.656400000000000091e+03,3.324500299999999697e+01
1.656500000000000000e+03,3.326775599999999855e+01
1.656599999999999909e+03,3.335616199999999765e+01
1.656700000000000045e+03,3.337900499999999937e+01
1.656799999999999955e+03,3.340180200000000355e+01
1.656900000000000091e+03,3.348981799999999964e+01
1.657000000000000000e+03,3.351293299999999675e+01
1.657099999999999909e+03,3.360030299999999670e+01
1.657200000000000045e+03,3.362350399999999695e+01
1.657299999999999955e+03,3.364665699999999759e+01
1.657400000000000091e+03,3.373360900000000129e+01
1.657500000000000000e+03,3.375684499999999844e+01
1.657599999999999909e+03,3.384335099999999841e+01
1.657700000000000045e+03,3.386666900000000169e+01
1.657799999999999955e+03,3.388993899999999826e+01
1.657900000000000091e+03,3.397621999999999787e+01
1.658000000000000000e+03,3.399956999999999852e+01
1.658099999999999909e+03,3.408557400000000115e+01
1.658200000000000045e+03,3.410900399999999877e+01
1.658299999999999955e+03,3.413238499999999931e+01
1.658400000000000091e+03,3.421830599999999833e+01
1.658500000000000000e+03,3.424176500000000090e+01
1.658599999999999909e+03,3.432753399999999999e+01
1.658700000000000045e+03,3.435108900000000176e+01
1.658799999999999955e+03,3.437459499999999935e+01
1.658900000000000091e+03,3.446044700000000205e+01
1.659000000000000000e+03,3.448402899999999960e+01
1.659099999999999909e+03,3.457019999999999982e+01
1.659200000000000045e+03,3.459386099999999686e+01
1.659299999999999955e+03,3.461747199999999935e+01
1.659400000000000091e+03,3.470379700000000156e+01
1.659500000000000000e+03,3.472748500000000149e+01
1.659599999999999909e+03,3.481374199999999774e+01
1.659700000000000045e+03,3.483750799999999970e+01
1.659799999999999955e+03,3.486122300000000251e+01
1.659900000000000091e+03,3.494757400000000302e+01
1.660000000000000000e+03,3.497136600000000328e+01
1.660099999999999909e+03,3.505771399999999716e+01
1.660200000000000045e+03,3.508158199999999738e+01
1.660299999999999955e+03,3.510539899999999847e+01
1.660400000000000091e+03,3.519189800000000190e+01
1.660500000000000000e+03,3.521579200000000043e+01
1.660599999999999909e+03,3.530233700000000141e+01
1.660700000000000045e+03,3.532630600000000243e+01
1.660799999999999955e+03,3.535020099999999843e+01
1.660900000000000091e+03,3.543684900000000226e+01
1.661000000000000000e+03,3.546075199999999938e+01
1.661099999999999909e+03,3.472000599999999793e+01
1.661200000000000045e+03,3.474168099999999981e+01
1.661299999999999955e+03,3.476330999999999705e+01
1.661400000000000091e+03,3.437277199999999766e+01
1.661500000000000000e+03,3.439319600000000321e+01
1.661599999999999909e+03,3.445698699999999803e+01
1.661700000000000045e+03,3.447743899999999684e+01
1.661799999999999955e+03,3.449784600000000268e+01
1.661900000000000091e+03,3.456904500000000269e+01
1.662000000000000000e+03,3.458949900000000355e+01
1.662099999999999909e+03,3.548839499999999703e+01
1.662200000000000045e+03,3.551114900000000318e+01
1.662299999999999955e+03,3.553385399999999805e+01
1.662400000000000091e+03,3.608454900000000265e+01
1.662500000000000000e+03,3.610862699999999847e+01
1.662599999999999909e+03,3.620619099999999690e+01
1.662700000000000045e+03,3.623039399999999688e+01
1.662799999999999955e+03,3.625454400000000277e+01
1.662900000000000091e+03,3.634542100000000175e+01
1.663000000000000000e+03,3.636965399999999704e+01
1.663099999999999909e+03,3.563345600000000246e+01
1.663200000000000045e+03,3.565545199999999681e+01
1.663299999999999955e+03,3.567739900000000119e+01
1.663400000000000091e+03,3.528926899999999733e+01
1.663500000000000000e+03,3.531001599999999740e+01
1.663599999999999909e+03,3.537459599999999682e+01
1.663700000000000045e+03,3.539536900000000230e+01
1.663799999999999955e+03,3.541609600000000313e+01
1.663900000000000091e+03,3.548808999999999969e+01
1.664000000000000000e+03,3.550886299999999807e+01
1.664099999999999909e+03,3.475572100000000120e+01
1.664200000000000045e+03,3.477437100000000214e+01
1.664299999999999955e+03,3.479298000000000002e+01
1.664400000000000091e+03,3.438731899999999797e+01
1.664500000000000000e+03,3.440476699999999965e+01
1.664599999999999909e+03,3.445174699999999746e+01
1.664700000000000045e+03,3.446919199999999961e+01
1.664799999999999955e+03,3.448659800000000075e+01
1.664900000000000091e+03,3.454171099999999939e+01
1.665000000000000000e+03,3.455913499999999772e+01
1.665099999999999909e+03,3.461578399999999789e+01
1.665200000000000045e+03,3.463322900000000004e+01
1.665299999999999955e+03,3.465063599999999866e+01
1.665400000000000091e+03,3.470861200000000224e+01
1.665500000000000000e+03,3.472604299999999711e+01
1.665599999999999909e+03,3.478512700000000279e+01
1.665700000000000045e+03,3.480258500000000055e+01
1.665799999999999955e+03,3.482000399999999729e+01
1.665900000000000091e+03,3.488012799999999913e+01
1.666000000000000000e+03,3.489757600000000082e+01
1.666099999999999909e+03,3.330910800000000194e+01
1.666200000000000045e+03,3.332257500000000050e+01
1.666299999999999955e+03,3.333601199999999665e+01
1.666400000000000091e+03,3.243801700000000210e+01
1.666500000000000000e+03,3.244932200000000222e+01
1.666599999999999909e+03,3.245266999999999769e+01
1.666700000000000045e+03,3.246390699999999896e+01
1.666799999999999955e+03,3.247511899999999940e+01
1.666900000000000091e+03,3.249461500000000314e+01
1.667000000000000000e+03,3.250579400000000163e+01
1.667099999999999909e+03,3.252855699999999928e+01
1.667200000000000045e+03,3.253971200000000152e+01
1.667299999999999955e+03,3.255084099999999836e+01
1.667400000000000091e+03,3.257629200000000225e+01
1.667500000000000000e+03,3.258740300000000190e+01
1.667599999999999909e+03,3.261513300000000015e+01
1.667700000000000045e+03,3.262622900000000215e+01
1.667799999999999955e+03,3.263730100000000078e+01
1.667900000000000091e+03,3.266708500000000015e+01
1.668000000000000000e+03,3.267814700000000272e+01
1.668099999999999909e+03,3.188632700000000142e+01
1.668200000000000045e+03,3.189559399999999911e+01
1.668299999999999955e+03,3.190484000000000009e+01
1.668400000000000091e+03,3.145760999999999896e+01
1.668500000000000000e+03,3.146586100000000030e+01
1.668599999999999909e+03,3.146905800000000042e+01
1.668700000000000045e+03,3.147726099999999860e+01
1.668799999999999955e+03,3.148544499999999857e+01
1.668900000000000091e+03,3.149777900000000130e+01
1.669000000000000000e+03,3.150593399999999988e+01
1.669099999999999909e+03,3.152090400000000159e+01
1.669200000000000045e+03,3.152903600000000139e+01
1.669299999999999955e+03,3.153715000000000046e+01
1.669400000000000091e+03,3.155433700000000030e+01
1.669500000000000000e+03,3.156243299999999863e+01
1.669599999999999909e+03,3.158155199999999851e+01
1.669700000000000045e+03,3.158963299999999919e+01
1.669799999999999955e+03,3.159769500000000164e+01
1.669900000000000091e+03,3.161850499999999897e+01
1.670000000000000000e+03,3.162655600000000078e+01
1.670099999999999909e+03,3.082618599999999986e+01
1.670200000000000045e+03,3.083257800000000159e+01
1.670299999999999955e+03,3.083895499999999856e+01
1.670400000000000091e+03,3.038174199999999914e+01
1.670500000000000000e+03,3.038719000000000037e+01
1.670599999999999909e+03,3.037934600000000174e+01
1.670700000000000045e+03,3.038474300000000028e+01
1.670799999999999955e+03,3.039012699999999967e+01
1.670900000000000091e+03,3.039133299999999949e+01
1.671000000000000000e+03,3.039668500000000151e+01
1.671099999999999909e+03,2.957874299999999934e+01
1.671200000000000045e+03,2.958254099999999909e+01
1.671299999999999955e+03,2.958632899999999921e+01
1.671400000000000091e+03,2.911155000000000115e+01
1.671500000000000000e+03,2.911446799999999868e+01
1.671599999999999909e+03,2.908929099999999934e+01
1.671700000000000045e+03,2.909214599999999962e+01
1.671799999999999955e+03,2.909499500000000083e+01
1.671900000000000091e+03,2.907963600000000071e+01
1.672000000000000000e+03,2.908243999999999829e+01
1.672099999999999909e+03,2.907041399999999953e+01
1.672200000000000045e+03,2.907317600000000013e+01
1.672299999999999955e+03,2.907592800000000111e+01
1.672400000000000091e+03,2.906669700000000134e+01
1.672500000000000000e+03,2.906941600000000037e+01
1.672599999999999909e+03,2.906265199999999993e+01
1.672700000000000045e+03,2.906534100000000009e+01
1.672799999999999955e+03,2.906802400000000119e+01
1.672900000000000091e+03,2.906338799999999978e+01
1.673000000000000000e+03,2.906604600000000005e+01
1.673099999999999909e+03,2.906328399999999945e+01
1.673200000000000045e+03,2.906591999999999842e+01
1.673299999999999955e+03,2.906854999999999833e+01
1.673400000000000091e+03,2.906740900000000138e+01
1.673500000000000000e+03,2.907001999999999953e+01
1.673599999999999909e+03,2.907030400000000014e+01
1.673700000000000045e+03,2.907289899999999960e+01
1.673799999999999955e+03,2.907548800000000000e+01
1.673900000000000091e+03,2.907700699999999827e+01
1.674000000000000000e+03,2.907958199999999849e+01
1.674099999999999909e+03,2.826106499999999855e+01
1.674200000000000045e+03,2.826223799999999997e+01
1.674299999999999955e+03,2.826340899999999934e+01
1.674400000000000091e+03,2.778616299999999839e+01
1.674500000000000000e+03,2.778655499999999989e+01
1.674599999999999909e+03,2.775698600000000127e+01
1.674700000000000045e+03,2.775732899999999859e+01
1.674799999999999955e+03,2.775767099999999843e+01
1.674900000000000091e+03,2.773706599999999867e+01
1.675000000000000000e+03,2.773737300000000161e+01
1.675099999999999909e+03,2.771939300000000017e+01
1.675200000000000045e+03,2.771967000000000070e+01
1.675299999999999955e+03,2.771994600000000020e+01
1.675400000000000091e+03,2.770415500000000009e+01
1.675500000000000000e+03,2.770440400000000025e+01
1.675599999999999909e+03,2.769054699999999869e+01
1.675700000000000045e+03,2.769077300000000008e+01
1.675799999999999955e+03,2.769099800000000045e+01
1.675900000000000091e+03,2.767880600000000157e+01
1.676000000000000000e+03,2.767901099999999914e+01
1.676099999999999909e+03,2.684757199999999955e+01
1.676200000000000045e+03,2.684649500000000089e+01
1.676299999999999955e+03,2.684542100000000175e+01
1.676400000000000091e+03,2.635547199999999890e+01
1.676500000000000000e+03,2.635367899999999963e+01
1.676599999999999909e+03,2.631210000000000093e+01
1.676700000000000045e+03,2.631025700000000001e+01
1.676799999999999955e+03,2.630842000000000169e+01
1.676900000000000091e+03,2.627616899999999944e+01
1.677000000000000000e+03,2.627429499999999862e+01
1.677099999999999909e+03,2.542461899999999986e+01
1.677200000000000045e+03,2.542156299999999902e+01
1.677299999999999955e+03,2.541851399999999828e+01
1.677400000000000091e+03,2.491186599999999984e+01
1.677500000000000000e+03,2.490815800000000024e+01
1.677599999999999909e+03,2.485080699999999965e+01
1.677700000000000045e+03,2.484704599999999886e+01
1.677799999999999955e+03,2.484329400000000021e+01
1.677900000000000091e+03,2.479599999999999937e+01
1.678000000000000000e+03,2.479221000000000075e+01
1.678099999999999909e+03,2.392687000000000097e+01
1.678200000000000045e+03,2.392201700000000031e+01
1.678299999999999955e+03,2.391717500000000030e+01
1.678400000000000091e+03,2.339603100000000069e+01
1.678500000000000000e+03,2.339060900000000132e+01
1.678599999999999909e+03,2.331988799999999884e+01
1.678700000000000045e+03,2.331441699999999884e+01
1.678799999999999955e+03,2.330895999999999901e+01
1.678900000000000091e+03,2.324876199999999926e+01
1.679000000000000000e+03,2.324326900000000151e+01
1.679099999999999909e+03,2.318694899999999848e+01
1.679200000000000045e+03,2.318142500000000084e+01
1.679299999999999955e+03,2.317591399999999879e+01
1.679400000000000091e+03,2.312285899999999828e+01
1.679500000000000000e+03,2.311731999999999942e+01
1.679599999999999909e+03,2.306714600000000104e+01
1.679700000000000045e+03,2.306158299999999883e+01
1.679799999999999955e+03,2.305603400000000036e+01
1.679900000000000091e+03,2.300834499999999849e+01
1.680000000000000000e+03,2.300277499999999975e+01
1.680099999999999909e+03,2.295728799999999836e+01
1.680200000000000045e+03,2.295169999999999888e+01
1.680299999999999955e+03,2.294612499999999855e+01
1.680400000000000091e+03,2.290253099999999975e+01
1.680500000000000000e+03,2.289694000000000074e+01
1.680599999999999909e+03,2.285502800000000079e+01
1.680700000000000045e+03,2.284942300000000159e+01
1.680799999999999955e+03,2.284383100000000155e+01
1.680900000000000091e+03,2.280336300000000094e+01
1.681000000000000000e+03,2.279775899999999922e+01
1.681099999999999909e+03,2.440250299999999939e+01
1.681200000000000045e+03,2.439886100000000013e+01
1.681299999999999955e+03,2.439522799999999947e+01
1.681400000000000091e+03,2.531626400000000032e+01
1.681500000000000000e+03,2.531389599999999973e+01
1.681599999999999909e+03,2.533877800000000136e+01
1.681700000000000045e+03,2.533645999999999887e+01
1.681799999999999955e+03,2.533414799999999900e+01
1.681900000000000091e+03,2.534343799999999902e+01
1.682000000000000000e+03,2.534115200000000101e+01
1.682099999999999909e+03,2.616873700000000014e+01
1.682200000000000045e+03,2.616767099999999857e+01
1.682299999999999955e+03,2.616660699999999906e+01
1.682400000000000091e+03,2.664965199999999967e+01
1.682500000000000000e+03,2.664933299999999861e+01
1.682599999999999909e+03,2.668195599999999956e+01
1.682700000000000045e+03,2.668168899999999866e+01
1.682799999999999955e+03,2.668142299999999878e+01
1.682900000000000091e+03,2.670424300000000173e+01
1.683000000000000000e+03,2.670401400000000081e+01
1.683099999999999909e+03,2.836690700000000120e+01
1.683200000000000045e+03,2.836940200000000090e+01
1.683299999999999955e+03,2.837189000000000050e+01
1.683400000000000091e+03,2.934989699999999857e+01
1.683500000000000000e+03,2.935411200000000065e+01
1.683599999999999909e+03,2.943299400000000077e+01
1.683700000000000045e+03,2.943732599999999877e+01
1.683799999999999955e+03,2.944164800000000071e+01
1.683900000000000091e+03,2.950230000000000175e+01
1.684000000000000000e+03,2.950670699999999869e+01
1.684099999999999909e+03,3.120714600000000161e+01
1.684200000000000045e+03,3.121482800000000069e+01
1.684299999999999955e+03,3.122249199999999902e+01
1.684400000000000091e+03,3.223498099999999766e+01
1.684500000000000000e+03,3.224470199999999664e+01
1.684599999999999909e+03,3.235528399999999749e+01
1.684700000000000045e+03,3.236517700000000275e+01
1.684799999999999955e+03,3.237504700000000213e+01
1.684900000000000091e+03,3.246634099999999989e+01
1.685000000000000000e+03,3.247634999999999650e+01
1.685099999999999909e+03,3.256133700000000175e+01
1.685200000000000045e+03,3.257146199999999681e+01
1.685299999999999955e+03,3.258156400000000019e+01
1.685400000000000091e+03,3.266135299999999830e+01
1.685500000000000000e+03,3.267155900000000202e+01
1.685599999999999909e+03,3.274672999999999945e+01
1.685700000000000045e+03,3.275703000000000031e+01
1.685799999999999955e+03,3.276730700000000240e+01
1.685900000000000091e+03,3.283859000000000350e+01
1.686000000000000000e+03,3.284895199999999704e+01
1.686099999999999909e+03,3.291676700000000011e+01
1.686200000000000045e+03,3.292720700000000278e+01
1.686299999999999955e+03,3.293762199999999751e+01
1.686400000000000091e+03,3.300251999999999697e+01
1.686500000000000000e+03,3.301297799999999683e+01
1.686599999999999909e+03,3.307525499999999852e+01
1.686700000000000045e+03,3.308577700000000021e+01
1.686799999999999955e+03,3.309627499999999856e+01
1.686900000000000091e+03,3.315638400000000274e+01
1.687000000000000000e+03,3.316694100000000134e+01
1.687099999999999909e+03,3.322509699999999810e+01
1.687200000000000045e+03,3.323570899999999995e+01
1.687299999999999955e+03,3.324629699999999843e+01
1.687400000000000091e+03,3.330283899999999875e+01
1.687500000000000000e+03,3.331347800000000348e+01
1.687599999999999909e+03,3.336855599999999811e+01
1.687700000000000045e+03,3.337924300000000244e+01
1.687799999999999955e+03,3.338990600000000342e+01
1.687900000000000091e+03,3.344378700000000038e+01
1.688000000000000000e+03,3.345449500000000143e+01
1.688099999999999909e+03,3.186241700000000066e+01
1.688200000000000045e+03,3.186971099999999879e+01
1.688299999999999955e+03,3.187698699999999974e+01
1.688400000000000091e+03,3.096601499999999874e+01
1.688500000000000000e+03,3.097146499999999847e+01
1.688599999999999909e+03,3.095451800000000020e+01
1.688700000000000045e+03,3.095990099999999856e+01
1.688799999999999955e+03,3.096527000000000029e+01
1.688900000000000091e+03,3.096393399999999829e+01
1.689000000000000000e+03,3.096926600000000107e+01
1.689099999999999909e+03,3.097112500000000068e+01
1.689200000000000045e+03,3.097642600000000002e+01
1.689299999999999955e+03,3.098171400000000020e+01
1.689400000000000091e+03,3.098619599999999963e+01
1.689500000000000000e+03,3.099145899999999898e+01
1.689599999999999909e+03,3.099823699999999960e+01
1.689700000000000045e+03,3.100347800000000120e+01
1.689799999999999955e+03,3.100870600000000010e+01
1.689900000000000091e+03,3.101747599999999849e+01
1.690000000000000000e+03,3.102268700000000123e+01
1.690099999999999909e+03,3.021189800000000147e+01
1.690200000000000045e+03,3.021557200000000165e+01
1.690299999999999955e+03,3.021923699999999968e+01
1.690400000000000091e+03,2.974969600000000014e+01
1.690500000000000000e+03,2.975250399999999829e+01
1.690599999999999909e+03,2.973079800000000006e+01
1.690700000000000045e+03,2.973355000000000103e+01
1.690799999999999955e+03,2.973629599999999940e+01
1.690900000000000091e+03,2.972400499999999823e+01
1.691000000000000000e+03,2.972671100000000166e+01
1.691099999999999909e+03,2.971748099999999937e+01
1.691200000000000045e+03,2.972015400000000085e+01
1.691299999999999955e+03,2.972281999999999869e+01
1.691400000000000091e+03,2.971616300000000166e+01
1.691500000000000000e+03,2.971880099999999914e+01
1.691599999999999909e+03,2.971440600000000032e+01
1.691700000000000045e+03,2.971701900000000052e+01
1.691799999999999955e+03,2.971962600000000165e+01
1.691900000000000091e+03,2.971718600000000166e+01
1.692000000000000000e+03,2.971977199999999897e+01
1.692099999999999909e+03,2.971905200000000136e+01
1.692200000000000045e+03,2.972162000000000148e+01
1.692299999999999955e+03,2.972418199999999899e+01
1.692400000000000091e+03,2.972494899999999873e+01
1.692500000000000000e+03,2.972749599999999859e+01
1.692599999999999909e+03,2.972956999999999894e+01
1.692700000000000045e+03,2.973210399999999964e+01
1.692799999999999955e+03,2.973463200000000128e+01
1.692900000000000091e+03,2.973783999999999850e+01
1.693000000000000000e+03,2.974035699999999949e+01
1.693099999999999909e+03,2.974455800000000139e+01
1.693200000000000045e+03,2.974706600000000023e+01
1.693299999999999955e+03,2.974956900000000104e+01
1.693400000000000091e+03,2.975463299999999833e+01
1.693500000000000000e+03,2.975712800000000158e+01
1.693599999999999909e+03,2.976294800000000151e+01
1.693700000000000045e+03,2.976543699999999859e+01
1.693799999999999955e+03,2.976792100000000119e+01
1.693900000000000091e+03,2.977439999999999998e+01
1.694000000000000000e+03,2.977687900000000099e+01
1.694099999999999909e+03,2.978393200000000007e+01
1.694200000000000045e+03,2.978640700000000052e+01
1.694299999999999955e+03,2.978887599999999836e+01
1.694400000000000091e+03,2.979643400000000142e+01
1.694500000000000000e+03,2.979889999999999972e+01
1.694599999999999909e+03,2.980689500000000081e+01
1.694700000000000045e+03,2.980935900000000061e+01
1.694799999999999955e+03,2.981181799999999882e+01
1.694900000000000091e+03,2.982019800000000131e+01
1.695000000000000000e+03,2.982265500000000102e+01
1.695099999999999909e+03,2.983136899999999869e+01
1.695200000000000045e+03,2.983382500000000093e+01
1.695299999999999955e+03,2.983627600000000157e+01
1.695400000000000091e+03,2.984528500000000051e+01
1.695500000000000000e+03,2.984773600000000116e+01
1.695599999999999909e+03,2.985699899999999829e+01
1.695700000000000045e+03,2.985944900000000146e+01
1.695799999999999955e+03,2.986189399999999949e+01
1.695900000000000091e+03,2.987138500000000008e+01
1.696000000000000000e+03,2.987383099999999914e+01
1.696099999999999909e+03,2.988351499999999916e+01
1.696200000000000045e+03,2.988596100000000177e+01
1.696299999999999955e+03,2.988840199999999925e+01
1.696400000000000091e+03,2.989826199999999901e+01
1.696500000000000000e+03,2.990070400000000106e+01
1.696599999999999909e+03,2.991071099999999916e+01
1.696700000000000045e+03,2.991315499999999972e+01
1.696799999999999955e+03,2.991559399999999869e+01
1.696900000000000091e+03,2.992573700000000159e+01
1.697000000000000000e+03,2.992817700000000158e+01
1.697099999999999909e+03,2.993843299999999985e+01
1.697200000000000045e+03,2.994087499999999835e+01
1.697299999999999955e+03,2.994331100000000134e+01
1.697400000000000091e+03,2.995367299999999844e+01
1.697500000000000000e+03,2.995611200000000096e+01
1.697599999999999909e+03,2.996656000000000120e+01
1.697700000000000045e+03,2.996900099999999867e+01
1.697799999999999955e+03,2.997143600000000063e+01
1.697900000000000091e+03,2.998196700000000092e+01
1.698000000000000000e+03,2.998440499999999886e+01
1.698099999999999909e+03,2.917477699999999885e+01
1.698200000000000045e+03,2.917582900000000024e+01
1.698299999999999955e+03,2.917688000000000059e+01
1.698400000000000091e+03,2.870532199999999889e+01
1.698500000000000000e+03,2.870560100000000148e+01
1.698599999999999909e+03,2.867971100000000106e+01
1.698700000000000045e+03,2.867994699999999852e+01
1.698799999999999955e+03,2.868018299999999954e+01
1.698900000000000091e+03,2.866275999999999868e+01
1.699000000000000000e+03,2.866296699999999831e+01
1.699099999999999909e+03,2.782836800000000110e+01
1.699200000000000045e+03,2.782727999999999824e+01
1.699299999999999955e+03,2.782619400000000098e+01
1.699400000000000091e+03,2.733099299999999943e+01
1.699500000000000000e+03,2.732918199999999942e+01
1.699599999999999909e+03,2.728078899999999862e+01
1.699700000000000045e+03,2.727891800000000089e+01
1.699799999999999955e+03,2.727705100000000016e+01
1.699900000000000091e+03,2.723864500000000177e+01
1.700000000000000000e+03,2.723673399999999845e+01
1.700099999999999909e+03,2.638275399999999848e+01
1.700200000000000045e+03,2.637964099999999945e+01
1.700299999999999955e+03,2.637653600000000154e+01
1.700400000000000091e+03,2.586443299999999823e+01
1.700500000000000000e+03,2.586065699999999978e+01
1.700599999999999909e+03,2.579689199999999971e+01
1.700700000000000045e+03,2.579305499999999896e+01
1.700799999999999955e+03,2.578922700000000034e+01
1.700900000000000091e+03,2.573618899999999954e+01
1.701000000000000000e+03,2.573231399999999880e+01
1.701099999999999909e+03,2.568345800000000168e+01
1.701200000000000045e+03,2.567954299999999890e+01
1.701299999999999955e+03,2.567563799999999929e+01
1.701400000000000091e+03,2.563031399999999849e+01
1.701500000000000000e+03,2.562637300000000096e+01
1.701599999999999909e+03,2.558417199999999880e+01
1.701700000000000045e+03,2.558020000000000138e+01
1.701799999999999955e+03,2.557623699999999900e+01
1.701900000000000091e+03,2.553672399999999953e+01
1.702000000000000000e+03,2.553273400000000137e+01
1.702099999999999909e+03,2.549560100000000062e+01
1.702200000000000045e+03,2.549158699999999911e+01
1.702299999999999955e+03,2.548758199999999974e+01
1.702400000000000091e+03,2.545249499999999898e+01
1.702500000000000000e+03,2.544846899999999934e+01
1.702599999999999909e+03,2.541519699999999915e+01
1.702700000000000045e+03,2.541115299999999877e+01
1.702799999999999955e+03,2.540711800000000054e+01
1.702900000000000091e+03,2.537540399999999963e+01
1.703000000000000000e+03,2.537135200000000168e+01
1.703099999999999909e+03,2.452083599999999919e+01
1.703200000000000045e+03,2.451574099999999845e+01
1.703299999999999955e+03,2.451065900000000042e+01
1.703400000000000091e+03,2.400033000000000172e+01
1.703500000000000000e+03,2.399468200000000095e+01
1.703599999999999909e+03,2.393218500000000049e+01
1.703700000000000045e+03,2.392649899999999974e+01
1.703799999999999955e+03,2.392082699999999917e+01
1.703900000000000091e+03,2.386767599999999945e+01
1.704000000000000000e+03,2.386197699999999955e+01
1.704099999999999909e+03,2.463268199999999908e+01
1.704200000000000045e+03,2.462792599999999865e+01
1.704299999999999955e+03,2.462318199999999990e+01
1.704400000000000091e+03,2.505637000000000114e+01
1.704500000000000000e+03,2.505220200000000119e+01
1.704599999999999909e+03,2.504059399999999869e+01
1.704700000000000045e+03,2.503643599999999836e+01
1.704799999999999955e+03,2.503228800000000120e+01
1.704900000000000091e+03,2.501413499999999956e+01
1.705000000000000000e+03,2.500998900000000091e+01
1.705099999999999909e+03,2.499141499999999994e+01
1.705200000000000045e+03,2.498726600000000175e+01
1.705299999999999955e+03,2.498312400000000011e+01
1.705400000000000091e+03,2.496421899999999994e+01
1.705500000000000000e+03,2.496007799999999932e+01
1.705599999999999909e+03,2.494092300000000151e+01
1.705700000000000045e+03,2.493678200000000089e+01
1.705799999999999955e+03,2.493265200000000092e+01
1.705900000000000091e+03,2.491327100000000172e+01
1.706000000000000000e+03,2.490914100000000175e+01
1.706099999999999909e+03,2.488957600000000170e+01
1.706200000000000045e+03,2.488544600000000173e+01
1.706299999999999955e+03,2.488132500000000036e+01
1.706400000000000091e+03,2.486159200000000169e+01
1.706500000000000000e+03,2.485747100000000032e+01
1.706599999999999909e+03,2.483760300000000143e+01
1.706700000000000045e+03,2.483348200000000006e+01
1.706799999999999955e+03,2.482937099999999830e+01
1.706900000000000091e+03,2.480937700000000135e+01
1.707000000000000000e+03,2.480526599999999959e+01
1.707099999999999909e+03,2.560551600000000150e+01
1.707200000000000045e+03,2.560249100000000055e+01
1.707299999999999955e+03,2.559947299999999970e+01
1.707400000000000091e+03,2.605910499999999885e+01
1.707500000000000000e+03,2.605674399999999835e+01
1.707599999999999909e+03,2.606927599999999856e+01
1.707700000000000045e+03,2.606694699999999898e+01
1.707799999999999955e+03,2.606462399999999846e+01
1.707900000000000091e+03,2.606878700000000038e+01
1.708000000000000000e+03,2.606648399999999910e+01
1.708099999999999909e+03,2.606866199999999978e+01
1.708200000000000045e+03,2.606637600000000177e+01
1.708299999999999955e+03,2.606409499999999824e+01
1.708400000000000091e+03,2.606463000000000108e+01
1.708500000000000000e+03,2.606236399999999875e+01
1.708599999999999909e+03,2.606146400000000085e+01
1.708700000000000045e+03,2.605921000000000021e+01
1.708799999999999955e+03,2.605696199999999862e+01
1.708900000000000091e+03,2.605481999999999942e+01
1.709000000000000000e+03,2.605258200000000102e+01
1.709099999999999909e+03,2.604935499999999848e+01
1.709200000000000045e+03,2.604712699999999970e+01
1.709299999999999955e+03,2.604490300000000147e+01
1.709400000000000091e+03,2.604073700000000002e+01
1.709500000000000000e+03,2.603852099999999936e+01
1.709599999999999909e+03,2.603353500000000054e+01
1.709700000000000045e+03,2.603132599999999996e+01
1.709799999999999955e+03,2.602912200000000098e+01
1.709900000000000091e+03,2.602342600000000061e+01
1.710000000000000000e+03,2.602122699999999966e+01
1.710099999999999909e+03,2.765603300000000075e+01
1.710200000000000045e+03,2.765631199999999978e+01
1.710299999999999955e+03,2.765659000000000134e+01
1.710400000000000091e+03,2.861026599999999931e+01
1.710500000000000000e+03,2.861210000000000164e+01
1.710599999999999909e+03,2.867123499999999936e+01
1.710700000000000045e+03,2.867315699999999978e+01
1.710799999999999955e+03,2.867507600000000068e+01
1.710900000000000091e+03,2.871743000000000023e+01
1.711000000000000000e+03,2.871940999999999988e+01
1.711099999999999909e+03,2.875752999999999915e+01
1.711200000000000045e+03,2.875956199999999896e+01
1.711299999999999955e+03,2.876158799999999971e+01
1.711400000000000091e+03,2.879621500000000012e+01
1.711500000000000000e+03,2.879828799999999944e+01
1.711599999999999909e+03,2.882982900000000015e+01
1.711700000000000045e+03,2.883194200000000151e+01
1.711799999999999955e+03,2.883405099999999877e+01
1.711900000000000091e+03,2.886294900000000041e+01
1.712000000000000000e+03,2.886509300000000167e+01
1.712099999999999909e+03,2.971309600000000017e+01
1.712200000000000045e+03,2.971671399999999963e+01
1.712299999999999955e+03,2.972032300000000049e+01
1.712400000000000091e+03,3.022609599999999830e+01
1.712500000000000000e+03,3.023060299999999856e+01
1.712599999999999909e+03,3.028722399999999837e+01
1.712700000000000045e+03,3.029180699999999860e+01
1.712799999999999955e+03,3.029637900000000172e+01
1.712900000000000091e+03,3.034327199999999891e+01
1.713000000000000000e+03,3.034790100000000024e+01
1.713099999999999909e+03,3.121342599999999834e+01
1.713200000000000045e+03,3.121967700000000079e+01
1.713299999999999955e+03,3.122591500000000053e+01
1.713400000000000091e+03,3.174836600000000075e+01
1.713500000000000000e+03,3.175559200000000004e+01
1.713599999999999909e+03,3.182789400000000057e+01
1.713700000000000045e+03,3.183521800000000113e+01
1.713799999999999955e+03,3.184252499999999841e+01
1.713900000000000091e+03,3.190458800000000039e+01
1.714000000000000000e+03,3.191197100000000120e+01
1.714099999999999909e+03,3.197026999999999930e+01
1.714200000000000045e+03,3.197772099999999895e+01
1.714299999999999955e+03,3.198515499999999889e+01
1.714400000000000091e+03,3.204033600000000348e+01
1.714500000000000000e+03,3.204783100000000218e+01
1.714599999999999909e+03,3.210023199999999832e+01
1.714700000000000045e+03,3.210778299999999774e+01
1.714799999999999955e+03,3.211531699999999745e+01
1.714900000000000091e+03,3.216537199999999785e+01
1.715000000000000000e+03,3.217295699999999670e+01
1.715099999999999909e+03,3.304317700000000002e+01
1.715200000000000045e+03,3.305251700000000170e+01
1.715299999999999955e+03,3.306183599999999956e+01
1.715400000000000091e+03,3.359021200000000107e+01
1.715500000000000000e+03,3.360059499999999844e+01
1.715599999999999909e+03,3.367967800000000267e+01
1.715700000000000045e+03,3.369016200000000083e+01
1.715799999999999955e+03,3.370062200000000274e+01
1.715900000000000091e+03,3.377022500000000349e+01
1.716000000000000000e+03,3.378076500000000237e+01
1.716099999999999909e+03,3.384723199999999821e+01
1.716200000000000045e+03,3.385784400000000005e+01
1.716299999999999955e+03,3.386843199999999854e+01
1.716400000000000091e+03,3.393234100000000097e+01
1.716500000000000000e+03,3.394299500000000336e+01
1.716599999999999909e+03,3.400460199999999844e+01
1.716700000000000045e+03,3.401531800000000061e+01
1.716799999999999955e+03,3.402600900000000195e+01
1.716900000000000091e+03,3.408570199999999772e+01
1.717000000000000000e+03,3.409644899999999978e+01
1.717099999999999909e+03,3.497697999999999752e+01
1.717200000000000045e+03,3.498962499999999665e+01
1.717299999999999955e+03,3.500224000000000046e+01
1.717400000000000091e+03,3.554168099999999697e+01
1.717500000000000000e+03,3.555544499999999886e+01
1.717599999999999909e+03,3.564605099999999993e+01
1.717700000000000045e+03,3.565993000000000279e+01
1.717799999999999955e+03,3.567377599999999660e+01
1.717900000000000091e+03,3.575515800000000155e+01
1.718000000000000000e+03,3.576909700000000214e+01
1.718099999999999909e+03,3.584751099999999724e+01
1.718200000000000045e+03,3.586153600000000097e+01
1.718299999999999955e+03,3.587552800000000275e+01
1.718400000000000091e+03,3.595155199999999951e+01
1.718500000000000000e+03,3.596562300000000079e+01
1.718599999999999909e+03,3.603947500000000304e+01
1.718700000000000045e+03,3.605362099999999970e+01
1.718799999999999955e+03,3.606773299999999693e+01
1.718900000000000091e+03,3.613988899999999660e+01
1.719000000000000000e+03,3.615408999999999651e+01
1.719099999999999909e+03,3.704770700000000261e+01
1.719200000000000045e+03,3.706394000000000233e+01
1.719299999999999955e+03,3.708013499999999851e+01
1.719400000000000091e+03,3.763325499999999835e+01
1.719500000000000000e+03,3.765068999999999733e+01
1.719599999999999909e+03,3.775522200000000339e+01
1.719700000000000045e+03,3.777279300000000006e+01
1.719799999999999955e+03,3.779032300000000077e+01
1.719900000000000091e+03,3.788580300000000278e+01
1.720000000000000000e+03,3.790355100000000022e+01
1.720099999999999909e+03,3.717331500000000233e+01
1.720200000000000045e+03,3.718914300000000139e+01
1.720299999999999955e+03,3.720493400000000150e+01
1.720400000000000091e+03,3.681092799999999698e+01
1.720500000000000000e+03,3.682566800000000029e+01
1.720599999999999909e+03,3.687624900000000139e+01
1.720700000000000045e+03,3.689100499999999982e+01
1.720799999999999955e+03,3.690572600000000136e+01
1.720900000000000091e+03,3.696277899999999761e+01
1.721000000000000000e+03,3.697753099999999904e+01
1.721099999999999909e+03,3.621273099999999801e+01
1.721200000000000045e+03,3.622560099999999750e+01
1.721299999999999955e+03,3.623844100000000168e+01
1.721400000000000091e+03,3.581219300000000061e+01
1.721500000000000000e+03,3.582396599999999864e+01
1.721599999999999909e+03,3.584392400000000123e+01
1.721700000000000045e+03,3.585565900000000283e+01
1.721799999999999955e+03,3.586736700000000155e+01
1.721900000000000091e+03,3.589600699999999733e+01
1.722000000000000000e+03,3.590769699999999887e+01
1.722099999999999909e+03,3.429686099999999982e+01
1.722200000000000045e+03,3.430501199999999784e+01
1.722299999999999955e+03,3.431314299999999662e+01
1.722400000000000091e+03,3.337846300000000355e+01
1.722500000000000000e+03,3.338465399999999761e+01
1.722599999999999909e+03,3.334126499999999993e+01
1.722700000000000045e+03,3.334732999999999947e+01
1.722799999999999955e+03,3.335338000000000136e+01
1.722900000000000091e+03,3.332850499999999982e+01
1.723000000000000000e+03,3.333446599999999904e+01
1.723099999999999909e+03,3.249576700000000073e+01
1.723200000000000045e+03,3.250008700000000061e+01
1.723299999999999955e+03,3.250439800000000190e+01
1.723400000000000091e+03,3.200693499999999858e+01
1.723500000000000000e+03,3.201030099999999834e+01
1.723599999999999909e+03,3.196152999999999977e+01
1.723700000000000045e+03,3.196478499999999912e+01
1.723799999999999955e+03,3.196803200000000089e+01
1.723900000000000091e+03,3.193179599999999851e+01
1.724000000000000000e+03,3.193495700000000070e+01
1.724099999999999909e+03,3.026661199999999852e+01
1.724200000000000045e+03,3.026689100000000110e+01
1.724299999999999955e+03,3.026716899999999910e+01
1.724400000000000091e+03,2.927464300000000108e+01
1.724500000000000000e+03,2.927335599999999971e+01
1.724599999999999909e+03,2.917177999999999827e+01
1.724700000000000045e+03,2.917034599999999855e+01
1.724799999999999955e+03,2.916891599999999940e+01
1.724900000000000091e+03,2.908851900000000157e+01
1.725000000000000000e+03,2.908697700000000097e+01
1.725099999999999909e+03,2.574421399999999949e+01
1.725200000000000045e+03,2.573817999999999984e+01
1.725299999999999955e+03,2.573216100000000139e+01
1.725400000000000091e+03,2.373524300000000054e+01
1.725500000000000000e+03,2.372710700000000017e+01
1.725599999999999909e+03,2.351158900000000074e+01
1.725700000000000045e+03,2.350329299999999932e+01
1.725799999999999955e+03,2.349501800000000173e+01
1.725900000000000091e+03,2.332029999999999959e+01
1.726000000000000000e+03,2.331190899999999999e+01
1.726099999999999909e+03,1.987616200000000077e+01
1.726200000000000045e+03,1.986521499999999918e+01
1.726299999999999955e+03,1.985429500000000047e+01
1.726400000000000091e+03,1.777492300000000114e+01
1.726500000000000000e+03,1.776308600000000126e+01
1.726599999999999909e+03,1.747075600000000151e+01
1.726700000000000045e+03,1.745888100000000165e+01
1.726799999999999955e+03,1.744703600000000066e+01
1.726900000000000091e+03,1.720041099999999901e+01
1.727000000000000000e+03,1.718854999999999933e+01
1.727099999999999909e+03,1.286266299999999951e+01
1.727200000000000045e+03,1.285051299999999941e+01
1.727299999999999955e+03,1.283840700000000012e+01
1.727400000000000091e+03,1.020116100000000081e+01
1.727500000000000000e+03,1.018994299999999953e+01
1.727599999999999909e+03,9.794999999999999929e+00
1.727700000000000045e+03,9.784024999999999750e+00
1.727799999999999955e+03,9.773082000000000491e+00
1.727900000000000091e+03,9.437288999999999817e+00
1.728000000000000000e+03,9.426570999999999145e+00
1.728099999999999909e+03,6.559605000000000352e+00
1.728200000000000045e+03,6.550799999999999734e+00
1.728299999999999955e+03,6.542019999999999946e+00
1.728400000000000091e+03,4.507958000000000354e+00
1.728500000000000000e+03,4.501187999999999967e+00
1.728599999999999909e+03,3.850032000000000121e+00
1.728700000000000045e+03,3.843958000000000208e+00
1.728799999999999955e+03,3.837902000000000147e+00
1.728900000000000091e+03,3.262837999999999905e+00
1.729000000000000000e+03,3.257433999999999941e+00
1.729099999999999909e+03,1.771614000000000022e+00
1.729200000000000045e+03,1.767930000000000001e+00
1.729299999999999955e+03,1.763784999999999936e+00
1.729400000000000091e+03,-3.086755999999999833e+00
1.729500000000000000e+03,-3.082451999999999970e+00
1.729599999999999909e+03,-5.431583999999999968e+00
1.729700000000000045e+03,-5.422738999999999976e+00
1.729799999999999955e+03,-5.413737000000000243e+00
1.729900000000000091e+03,-6.539915999999999840e+00
1.730000000000000000e+03,-6.528706999999999816e+00
1.730099999999999909e+03,-8.217812999999999590e+00
1.730200000000000045e+03,-8.202669999999999462e+00
1.730299999999999955e+03,-8.187443999999999278e+00
1.730400000000000091e+03,-8.740785000000000693e+00
1.730500000000000000e+03,-8.724406000000000105e+00
1.730599999999999909e+03,-8.933187999999999462e+00
1.730700000000000045e+03,-8.916297000000000139e+00
1.730799999999999955e+03,-8.899361000000000743e+00
1.730900000000000091e+03,-9.066722999999999644e+00
1.731000000000000000e+03,-9.049398999999999305e+00
1.731099999999999909e+03,-1.028378499999999995e+01
1.731200000000000045e+03,-1.026306100000000043e+01
1.731299999999999955e+03,-1.024227999999999916e+01
1.731400000000000091e+03,-1.058548099999999970e+01
1.731500000000000000e+03,-1.056408700000000067e+01
1.731599999999999909e+03,-1.068189600000000006e+01
1.731700000000000045e+03,-1.066021899999999967e+01
1.731799999999999955e+03,-1.063852499999999957e+01
1.731900000000000091e+03,-1.077103699999999975e+01
1.732000000000000000e+03,-1.074900700000000064e+01
1.732099999999999909e+03,-9.818516000000000687e+00
1.732200000000000045e+03,-9.798826999999999288e+00
1.732299999999999955e+03,-9.779153000000000873e+00
1.732400000000000091e+03,-9.535474000000000672e+00
1.732500000000000000e+03,-9.516303000000000623e+00
1.732599999999999909e+03,-9.753023999999999916e+00
1.732700000000000045e+03,-9.733287000000000688e+00
1.732799999999999955e+03,-9.713155999999999679e+00
1.732900000000000091e+03,-9.903885000000000716e+00
1.733000000000000000e+03,-9.883297999999999917e+00
1.733099999999999909e+03,-8.994414000000000797e+00
1.733200000000000045e+03,-8.976523000000000252e+00
1.733299999999999955e+03,-8.958648000000000167e+00
1.733400000000000091e+03,-8.746857000000000326e+00
1.733500000000000000e+03,-8.729418000000000788e+00
1.733599999999999909e+03,-8.959849000000000174e+00
1.733700000000000045e+03,-8.941950999999999539e+00
1.733799999999999955e+03,-8.923997999999999209e+00
1.733900000000000091e+03,-9.105746999999999147e+00
1.734000000000000000e+03,-9.087386000000000408e+00
1.734099999999999909e+03,-8.217297000000000295e+00
1.734200000000000045e+03,-8.201110999999999152e+00
1.734299999999999955e+03,-8.184938000000000713e+00
1.734400000000000091e+03,-7.969695999999999891e+00
1.734500000000000000e+03,-7.953960000000000363e+00
1.734599999999999909e+03,-8.175411000000000428e+00
1.734700000000000045e+03,-8.159198999999999202e+00
1.734799999999999955e+03,-8.142917000000000627e+00
1.734900000000000091e+03,-8.315424000000000149e+00
1.735000000000000000e+03,-8.298766000000000531e+00
1.735099999999999909e+03,-8.431881000000000626e+00
1.735200000000000045e+03,-8.414901000000000408e+00
1.735299999999999955e+03,-8.397907000000000011e+00
1.735400000000000091e+03,-8.529405999999999821e+00
1.735500000000000000e+03,-8.512097000000000691e+00
1.735599999999999909e+03,-8.625590000000000757e+00
1.735700000000000045e+03,-8.607976999999999990e+00
1.735799999999999955e+03,-8.590355999999999881e+00
1.735900000000000091e+03,-8.697105999999999781e+00
1.736000000000000000e+03,-8.679230999999999696e+00
1.736099999999999909e+03,-9.760357000000000838e+00
1.736200000000000045e+03,-9.739138000000000517e+00
1.736299999999999955e+03,-9.717878000000000682e+00
1.736400000000000091e+03,-9.992205999999999477e+00
1.736500000000000000e+03,-9.970404999999999518e+00
1.736599999999999909e+03,-1.005361599999999989e+01
1.736700000000000045e+03,-1.003155699999999939e+01
1.736799999999999955e+03,-1.000952799999999954e+01
1.736900000000000091e+03,-1.011167499999999997e+01
1.737000000000000000e+03,-1.008932899999999933e+01
1.737099999999999909e+03,-9.230907999999999447e+00
1.737200000000000045e+03,-9.211211999999999733e+00
1.737299999999999955e+03,-9.191534000000000759e+00
1.737400000000000091e+03,-8.936080000000000467e+00
1.737500000000000000e+03,-8.917002999999999346e+00
1.737599999999999909e+03,-9.107174000000000547e+00
1.737700000000000045e+03,-9.087384000000000128e+00
1.737799999999999955e+03,-9.067520999999999276e+00
1.737900000000000091e+03,-9.216488999999999265e+00
1.738000000000000000e+03,-9.196279999999999788e+00
1.738099999999999909e+03,-9.325139000000000067e+00
1.738200000000000045e+03,-9.304539000000000115e+00
1.738299999999999955e+03,-9.283956999999999127e+00
1.738400000000000091e+03,-9.386186000000000362e+00
1.738500000000000000e+03,-9.365358999999999767e+00
1.738599999999999909e+03,-9.458427999999999614e+00
1.738700000000000045e+03,-9.437307999999999808e+00
1.738799999999999955e+03,-9.416183000000000192e+00
1.738900000000000091e+03,-9.505236000000000018e+00
1.739000000000000000e+03,-9.483855999999999398e+00
1.739099999999999909e+03,-7.739132999999999818e+00
1.739200000000000045e+03,-7.722910999999999859e+00
1.739299999999999955e+03,-7.706711999999999563e+00
1.739400000000000091e+03,-7.132240999999999609e+00
1.739500000000000000e+03,-7.117525999999999797e+00
1.739599999999999909e+03,-7.414806999999999704e+00
1.739700000000000045e+03,-7.399357000000000184e+00
1.739799999999999955e+03,-7.383834000000000231e+00
1.739900000000000091e+03,-7.566945999999999728e+00
1.740000000000000000e+03,-7.550996999999999737e+00
1.740099999999999909e+03,-4.993336000000000219e+00
1.740200000000000045e+03,-4.984020000000000117e+00
1.740299999999999955e+03,-4.974719000000000335e+00
1.740400000000000091e+03,-4.099079999999999835e+00
1.740500000000000000e+03,-4.091601999999999961e+00
1.740599999999999909e+03,-4.510280999999999985e+00
1.740700000000000045e+03,-4.502062999999999704e+00
1.740799999999999955e+03,-4.493783999999999779e+00
1.740900000000000091e+03,-4.727666000000000146e+00
1.741000000000000000e+03,-4.718913999999999831e+00
1.741099999999999909e+03,-1.263200000000000101e+00
1.741200000000000045e+03,-1.261174999999999935e+00
1.741299999999999955e+03,-1.259152999999999967e+00
1.741400000000000091e+03,-3.055899999999999936e-02
1.741500000000000000e+03,-3.034600000000000145e-02
1.741599999999999909e+03,-5.561859999999999582e-01
1.741700000000000045e+03,-5.552169999999999606e-01
1.741799999999999955e+03,-5.542350000000000332e-01
1.741900000000000091e+03,-8.501880000000000548e-01
1.742000000000000000e+03,-8.487689999999999957e-01
1.742099999999999909e+03,-1.120349999999999957e-01
1.742200000000000045e+03,-1.117039999999999977e-01
1.742299999999999955e+03,-1.113719999999999988e-01
1.742400000000000091e+03,9.424499999999999544e-02
1.742500000000000000e+03,9.429700000000000581e-02
1.742599999999999909e+03,-9.220899999999999930e-02
1.742700000000000045e+03,-9.189899999999999458e-02
1.742799999999999955e+03,-9.158700000000000174e-02
1.742900000000000091e+03,-2.157959999999999878e-01
1.743000000000000000e+03,-2.153090000000000004e-01
1.743099999999999909e+03,2.910639999999999894e-01
1.743200000000000045e+03,2.910639999999999894e-01
1.743299999999999955e+03,2.910639999999999894e-01
1.743400000000000091e+03,1.172867000000000104e+00
1.743500000000000000e+03,1.171605999999999925e+00
1.743599999999999909e+03,1.287824000000000080e+00
1.743700000000000045e+03,1.286440999999999946e+00
1.743799999999999955e+03,1.285061999999999927e+00
1.743900000000000091e+03,1.362641999999999909e+00
1.744000000000000000e+03,1.361185000000000089e+00
1.744099999999999909e+03,1.640355000000000008e+00
1.744200000000000045e+03,1.638616000000000072e+00
1.744299999999999955e+03,1.636879999999999891e+00
1.744400000000000091e+03,1.883531000000000066e+00
1.744500000000000000e+03,1.881559999999999899e+00
1.744599999999999909e+03,1.978563999999999989e+00
1.744700000000000045e+03,1.976396999999999959e+00
1.744799999999999955e+03,1.974234000000000044e+00
1.744900000000000091e+03,2.043082000000000065e+00
1.745000000000000000e+03,2.040864000000000011e+00
1.745099999999999909e+03,2.088645999999999781e+00
1.745200000000000045e+03,2.086393000000000164e+00
1.745299999999999955e+03,2.084150999999999865e+00
1.745400000000000091e+03,2.114691000000000098e+00
1.745500000000000000e+03,2.112452999999999914e+00
1.745599999999999909e+03,2.128874999999999851e+00
1.745700000000000045e+03,2.126630000000000020e+00
1.745799999999999955e+03,2.124390000000000001e+00
1.745900000000000091e+03,2.169493000000000116e+00
1.746000000000000000e+03,2.167222000000000204e+00
1.746099999999999909e+03,2.201635000000000009e+00
1.746200000000000045e+03,2.199340999999999990e+00
1.746299999999999955e+03,2.197051999999999783e+00
1.746400000000000091e+03,2.215530999999999917e+00
1.746500000000000000e+03,2.213233999999999924e+00
1.746599999999999909e+03,2.218618000000000201e+00
1.746700000000000045e+03,2.216324000000000183e+00
1.746799999999999955e+03,2.214033999999999835e+00
1.746900000000000091e+03,2.208787000000000056e+00
1.747000000000000000e+03,2.206509000000000054e+00
1.747099999999999909e+03,3.641843000000000163e+00
1.747200000000000045e+03,3.638567999999999802e+00
1.747299999999999955e+03,3.635298999999999836e+00
1.747400000000000091e+03,4.386444000000000010e+00
1.747500000000000000e+03,4.382855000000000167e+00
1.747599999999999909e+03,4.297546999999999784e+00
1.747700000000000045e+03,4.294000999999999735e+00
1.747799999999999955e+03,4.290461999999999776e+00
1.747900000000000091e+03,4.199811000000000405e+00
1.748000000000000000e+03,4.196318999999999910e+00
1.748099999999999909e+03,4.115461999999999954e+00
1.748200000000000045e+03,4.112013000000000140e+00
1.748299999999999955e+03,4.108570000000000277e+00
1.748400000000000091e+03,4.036031999999999620e+00
1.748500000000000000e+03,4.032631000000000299e+00
1.748599999999999909e+03,3.966855999999999938e+00
1.748700000000000045e+03,3.963493000000000155e+00
1.748799999999999955e+03,3.960137000000000018e+00
1.748900000000000091e+03,3.899919000000000135e+00
1.749000000000000000e+03,3.896599000000000146e+00
1.749099999999999909e+03,5.511375000000000135e+00
1.749200000000000045e+03,5.507581000000000060e+00
1.749299999999999955e+03,5.503795000000000215e+00
1.749400000000000091e+03,6.334800000000000431e+00
1.749500000000000000e+03,6.331024000000000207e+00
1.749599999999999909e+03,6.198180999999999941e+00
1.749700000000000045e+03,6.194418999999999897e+00
1.749799999999999955e+03,6.190663999999999945e+00
1.749900000000000091e+03,6.061050999999999966e+00
1.750000000000000000e+03,6.057300999999999824e+00
1.750099999999999909e+03,6.791184000000000331e+00
1.750200000000000045e+03,6.787520999999999916e+00
1.750299999999999955e+03,6.783865999999999730e+00
1.750400000000000091e+03,7.131461999999999968e+00
1.750500000000000000e+03,7.127900000000000347e+00
1.750599999999999909e+03,7.002654999999999852e+00
1.750700000000000045e+03,6.999075000000000379e+00
1.750799999999999955e+03,6.995500999999999969e+00
1.750900000000000091e+03,6.881634000000000029e+00
1.751000000000000000e+03,6.878046000000000326e+00
1.751099999999999909e+03,6.781859999999999999e+00
1.751200000000000045e+03,6.778266000000000346e+00
1.751299999999999955e+03,6.774677999999999756e+00
1.751400000000000091e+03,6.692897000000000318e+00
1.751500000000000000e+03,6.689306000000000196e+00
1.751599999999999909e+03,6.619131999999999572e+00
1.751700000000000045e+03,6.615542999999999729e+00
1.751799999999999955e+03,6.611958999999999698e+00
1.751900000000000091e+03,6.551122000000000334e+00
1.752000000000000000e+03,6.547540999999999833e+00
1.752099999999999909e+03,6.494219000000000186e+00
1.752200000000000045e+03,6.490643999999999636e+00
1.752299999999999955e+03,6.487073999999999785e+00
1.752400000000000091e+03,6.439797999999999689e+00
1.752500000000000000e+03,6.436234999999999928e+00
1.752599999999999909e+03,6.393823000000000256e+00
1.752700000000000045e+03,6.390266999999999697e+00
1.752799999999999955e+03,6.386716999999999977e+00
1.752900000000000091e+03,6.348219000000000278e+00
1.753000000000000000e+03,6.344675999999999760e+00
1.753099999999999909e+03,6.309360999999999997e+00
1.753200000000000045e+03,6.305835000000000079e+00
1.753299999999999955e+03,6.302311999999999692e+00
1.753400000000000091e+03,6.269569999999999865e+00
1.753500000000000000e+03,6.266053999999999569e+00
1.753599999999999909e+03,6.235344000000000442e+00
1.753700000000000045e+03,6.231836000000000375e+00
1.753799999999999955e+03,6.228334000000000259e+00
1.753900000000000091e+03,6.199263000000000190e+00
1.754000000000000000e+03,6.195769000000000304e+00
1.754099999999999909e+03,6.168014999999999581e+00
1.754200000000000045e+03,6.164530000000000065e+00
1.754299999999999955e+03,6.161050999999999611e+00
1.754400000000000091e+03,6.134362999999999566e+00
1.754500000000000000e+03,6.130893000000000370e+00
1.754599999999999909e+03,6.105063000000000351e+00
1.754700000000000045e+03,6.101601999999999748e+00
1.754799999999999955e+03,6.098145999999999844e+00
1.754900000000000091e+03,6.073013999999999690e+00
1.755000000000000000e+03,6.069567000000000156e+00
1.755099999999999909e+03,6.044997999999999649e+00
1.755200000000000045e+03,6.041560999999999737e+00
1.755299999999999955e+03,6.038128999999999635e+00
1.755400000000000091e+03,6.014020999999999617e+00
1.755500000000000000e+03,6.010597999999999885e+00
1.755599999999999909e+03,5.986863999999999741e+00
1.755700000000000045e+03,5.983450000000000379e+00
1.755799999999999955e+03,5.980043000000000220e+00
1.755900000000000091e+03,5.956617999999999746e+00
1.756000000000000000e+03,5.953219999999999956e+00
1.756099999999999909e+03,5.930048000000000208e+00
1.756200000000000045e+03,5.926658999999999899e+00
1.756299999999999955e+03,5.923275000000000290e+00
1.756400000000000091e+03,5.900317000000000256e+00
1.756500000000000000e+03,5.896942000000000128e+00
1.756599999999999909e+03,5.874159999999999826e+00
1.756700000000000045e+03,5.870795000000000208e+00
1.756799999999999955e+03,5.867435000000000400e+00
1.756900000000000091e+03,5.844805000000000028e+00
1.757000000000000000e+03,5.841453999999999702e+00
1.757099999999999909e+03,4.972586999999999868e+00
1.757200000000000045e+03,4.969234000000000151e+00
1.757299999999999955e+03,4.965886000000000244e+00
1.757400000000000091e+03,4.508238999999999663e+00
1.757500000000000000e+03,4.504963000000000051e+00
1.757599999999999909e+03,4.536692999999999643e+00
1.757700000000000045e+03,4.533422999999999981e+00
1.757799999999999955e+03,4.530158000000000129e+00
1.757900000000000091e+03,4.559161999999999715e+00
1.758000000000000000e+03,4.555902999999999814e+00
1.758099999999999909e+03,5.420774999999999899e+00
1.758200000000000045e+03,5.417474000000000345e+00
1.758299999999999955e+03,5.414177999999999713e+00
1.758400000000000091e+03,5.857381000000000171e+00
1.758500000000000000e+03,5.854138999999999982e+00
1.758599999999999909e+03,5.799564000000000163e+00
1.758700000000000045e+03,5.796325000000000394e+00
1.758799999999999955e+03,5.793091999999999686e+00
1.758900000000000091e+03,5.736091000000000051e+00
1.759000000000000000e+03,5.732861999999999902e+00
1.759099999999999909e+03,4.835501999999999967e+00
1.759200000000000045e+03,4.832260999999999918e+00
1.759299999999999955e+03,4.829025999999999819e+00
1.759400000000000091e+03,4.353254999999999875e+00
1.759500000000000000e+03,4.350164000000000364e+00
1.759599999999999909e+03,4.368136999999999937e+00
1.759700000000000045e+03,4.365052000000000376e+00
1.759799999999999955e+03,4.361972999999999878e+00
1.759900000000000091e+03,4.380106999999999751e+00
1.760000000000000000e+03,4.377034000000000091e+00
1.760099999999999909e+03,4.386375000000000135e+00
1.760200000000000045e+03,4.383309999999999818e+00
1.760299999999999955e+03,4.380249000000000059e+00
1.760400000000000091e+03,4.382427999999999990e+00
1.760500000000000000e+03,4.379376999999999853e+00
1.760599999999999909e+03,4.375887999999999778e+00
1.760700000000000045e+03,4.372847000000000151e+00
1.760799999999999955e+03,4.369811999999999585e+00
1.760900000000000091e+03,4.361856000000000400e+00
1.761000000000000000e+03,4.358831999999999596e+00
1.761099999999999909e+03,4.347354000000000163e+00
1.761200000000000045e+03,4.344341000000000008e+00
1.761299999999999955e+03,4.341333999999999804e+00
1.761400000000000091e+03,4.327093999999999774e+00
1.761500000000000000e+03,4.324098000000000219e+00
1.761599999999999909e+03,4.307687999999999739e+00
1.761700000000000045e+03,4.304704000000000086e+00
1.761799999999999955e+03,4.301726000000000383e+00
1.761900000000000091e+03,4.283625999999999934e+00
1.762000000000000000e+03,4.280660000000000132e+00
1.762099999999999909e+03,4.261237999999999637e+00
1.762200000000000045e+03,4.258284999999999876e+00
1.762299999999999955e+03,4.255336999999999925e+00
1.762400000000000091e+03,4.234898000000000273e+00
1.762500000000000000e+03,4.231963000000000363e+00
1.762599999999999909e+03,4.210734999999999673e+00
1.762700000000000045e+03,4.207812999999999803e+00
1.762799999999999955e+03,4.204894999999999605e+00
1.762900000000000091e+03,4.183073000000000263e+00
1.763000000000000000e+03,4.180168000000000106e+00
1.763099999999999909e+03,4.157887999999999806e+00
1.763200000000000045e+03,4.154995999999999690e+00
1.763299999999999955e+03,4.152108000000000132e+00
1.763400000000000091e+03,4.129494000000000220e+00
1.763500000000000000e+03,4.126617999999999675e+00
1.763599999999999909e+03,4.103752000000000066e+00
1.763700000000000045e+03,4.100889999999999702e+00
1.763799999999999955e+03,4.098031999999999897e+00
1.763900000000000091e+03,4.074995000000000367e+00
1.764000000000000000e+03,4.072148999999999575e+00
1.764099999999999909e+03,3.218215999999999966e+00
1.764200000000000045e+03,3.215618000000000087e+00
1.764299999999999955e+03,3.213023999999999880e+00
1.764400000000000091e+03,2.771595000000000031e+00
1.764500000000000000e+03,2.769204000000000221e+00
1.764599999999999909e+03,2.811669999999999892e+00
1.764700000000000045e+03,2.809264999999999901e+00
1.764799999999999955e+03,2.806864000000000026e+00
1.764900000000000091e+03,2.843888999999999889e+00
1.765000000000000000e+03,2.841476999999999808e+00
1.765099999999999909e+03,1.871915999999999913e+00
1.765200000000000045e+03,1.870150999999999897e+00
1.765299999999999955e+03,1.868389000000000078e+00
1.765400000000000091e+03,1.262577999999999978e+00
1.765500000000000000e+03,1.261338999999999988e+00
1.765599999999999909e+03,1.235028999999999932e+00
1.765700000000000045e+03,1.233818000000000081e+00
1.765799999999999955e+03,1.232609000000000066e+00
1.765900000000000091e+03,1.215878999999999932e+00
1.766000000000000000e+03,1.214690000000000047e+00
1.766099999999999909e+03,-5.882359999999999811e-01
1.766200000000000045e+03,-5.871159999999999712e-01
1.766299999999999955e+03,-5.859410000000000451e-01
1.766400000000000091e+03,-1.888368999999999964e+00
1.766500000000000000e+03,-1.885127999999999915e+00
1.766599999999999909e+03,-2.156194999999999862e+00
1.766700000000000045e+03,-2.152461000000000180e+00
1.766799999999999955e+03,-2.148697999999999997e+00
1.766900000000000091e+03,-2.288514999999999855e+00
1.767000000000000000e+03,-2.284511999999999876e+00
1.767099999999999909e+03,-5.235062000000000104e+00
1.767200000000000045e+03,-5.223235999999999990e+00
1.767299999999999955e+03,-5.211306999999999690e+00
1.767400000000000091e+03,-5.793703999999999965e+00
1.767500000000000000e+03,-5.780721999999999916e+00
1.767599999999999909e+03,-5.683365000000000222e+00
1.767700000000000045e+03,-5.670669000000000182e+00
1.767799999999999955e+03,-5.657985000000000042e+00
1.767900000000000091e+03,-5.665554000000000201e+00
1.768000000000000000e+03,-5.652829999999999799e+00
1.768099999999999909e+03,-9.838639999999999830e+00
1.768200000000000045e+03,-9.807938999999999297e+00
1.768299999999999955e+03,-9.777164000000000854e+00
1.768400000000000091e+03,-1.058994900000000072e+01
1.768500000000000000e+03,-1.055725699999999989e+01
1.768599999999999909e+03,-1.037230300000000049e+01
1.768700000000000045e+03,-1.034041500000000013e+01
1.768799999999999955e+03,-1.030855700000000041e+01
1.768900000000000091e+03,-1.029308699999999988e+01
1.769000000000000000e+03,-1.026121200000000044e+01
1.769099999999999909e+03,-1.364427700000000065e+01
1.769200000000000045e+03,-1.359164099999999920e+01
1.769299999999999955e+03,-1.353869000000000078e+01
1.769400000000000091e+03,-1.417266500000000029e+01
1.769500000000000000e+03,-1.411782999999999966e+01
1.769599999999999909e+03,-1.395366800000000040e+01
1.769700000000000045e+03,-1.389964900000000014e+01
1.769799999999999955e+03,-1.384568200000000004e+01
1.769900000000000091e+03,-1.382406899999999972e+01
1.770000000000000000e+03,-1.376999099999999920e+01
1.770099999999999909e+03,-1.635787600000000097e+01
1.770200000000000045e+03,-1.628305200000000141e+01
1.770299999999999955e+03,-1.620808600000000155e+01
1.770400000000000091e+03,-1.666288399999999825e+01
1.770500000000000000e+03,-1.658665799999999990e+01
1.770599999999999909e+03,-1.644044900000000098e+01
1.770700000000000045e+03,-1.636469699999999960e+01
1.770799999999999955e+03,-1.628901400000000166e+01
1.770900000000000091e+03,-1.625628599999999935e+01
1.771000000000000000e+03,-1.618039100000000019e+01
1.771099999999999909e+03,-1.617203800000000058e+01
1.771200000000000045e+03,-1.609572500000000161e+01
1.771299999999999955e+03,-1.601948200000000000e+01
1.771400000000000091e+03,-1.601152000000000086e+01
1.771500000000000000e+03,-1.593484199999999973e+01
1.771599999999999909e+03,-1.592497200000000035e+01
1.771700000000000045e+03,-1.584786599999999979e+01
1.771799999999999955e+03,-1.577083099999999938e+01
1.771900000000000091e+03,-1.575866000000000078e+01
1.772000000000000000e+03,-1.568130700000000033e+01
1.772099999999999909e+03,-1.566817799999999927e+01
1.772200000000000045e+03,-1.559101099999999995e+01
1.772299999999999955e+03,-1.551390199999999986e+01
1.772400000000000091e+03,-1.549863299999999988e+01
1.772500000000000000e+03,-1.542109300000000083e+01
1.772599999999999909e+03,-1.540419699999999992e+01
1.772700000000000045e+03,-1.532611200000000018e+01
1.772799999999999955e+03,-1.524807599999999930e+01
1.772900000000000091e+03,-1.522905000000000086e+01
1.773000000000000000e+03,-1.515058900000000008e+01
1.773099999999999909e+03,-1.401566000000000045e+01
1.773200000000000045e+03,-1.394670799999999922e+01
1.773299999999999955e+03,-1.387780700000000067e+01
1.773400000000000091e+03,-1.346620799999999996e+01
1.773500000000000000e+03,-1.339991099999999946e+01
1.773599999999999909e+03,-1.351900900000000050e+01
1.773700000000000045e+03,-1.345148099999999936e+01
1.773799999999999955e+03,-1.338406299999999938e+01
1.773900000000000091e+03,-1.343030700000000088e+01
1.774000000000000000e+03,-1.336255399999999938e+01
1.774099999999999909e+03,-1.178248299999999915e+01
1.774200000000000045e+03,-1.172759399999999985e+01
1.774299999999999955e+03,-1.167277400000000043e+01
1.774400000000000091e+03,-1.112139299999999942e+01
1.774500000000000000e+03,-1.107048799999999922e+01
1.774599999999999909e+03,-1.126612500000000061e+01
1.774700000000000045e+03,-1.121366399999999963e+01
1.774799999999999955e+03,-1.116092100000000009e+01
1.774900000000000091e+03,-1.124491899999999944e+01
1.775000000000000000e+03,-1.119143900000000080e+01
1.775099999999999909e+03,-9.699911999999999423e+00
1.775200000000000045e+03,-9.657742999999999967e+00
1.775299999999999955e+03,-9.615600999999999843e+00
1.775400000000000091e+03,-9.096493999999999858e+00
1.775500000000000000e+03,-9.057532999999999390e+00
1.775599999999999909e+03,-9.249916999999999945e+00
1.775700000000000045e+03,-9.209616000000000469e+00
1.775799999999999955e+03,-9.169078999999999979e+00
1.775900000000000091e+03,-9.255473999999999535e+00
1.776000000000000000e+03,-9.214703999999999340e+00
1.776099999999999909e+03,-9.251279000000000252e+00
1.776200000000000045e+03,-9.210022999999999627e+00
1.776299999999999955e+03,-9.168786000000000769e+00
1.776400000000000091e+03,-9.189064000000000121e+00
1.776500000000000000e+03,-9.147391000000000716e+00
1.776599999999999909e+03,-9.145113999999999521e+00
1.776700000000000045e+03,-9.103173999999999211e+00
1.776799999999999955e+03,-9.061253999999999920e+00
1.776900000000000091e+03,-9.050487999999999644e+00
1.777000000000000000e+03,-9.008361999999999981e+00
1.777099999999999909e+03,-9.461240000000000094e+00
1.777200000000000045e+03,-9.414659999999999584e+00
1.777299999999999955e+03,-9.368007999999999669e+00
1.777400000000000091e+03,-9.430035000000000167e+00
1.777500000000000000e+03,-9.383013999999999299e+00
1.777599999999999909e+03,-9.343158999999999992e+00
1.777700000000000045e+03,-9.296120999999999412e+00
1.777799999999999955e+03,-9.249107000000000411e+00
1.777900000000000091e+03,-9.226762000000000796e+00
1.778000000000000000e+03,-9.179576000000000846e+00
1.778099999999999909e+03,-1.092912699999999937e+01
1.778200000000000045e+03,-1.086037199999999991e+01
1.778299999999999955e+03,-1.079133000000000031e+01
1.778400000000000091e+03,-1.107289500000000082e+01
1.778500000000000000e+03,-1.100245400000000018e+01
1.778599999999999909e+03,-1.086529400000000045e+01
1.778700000000000045e+03,-1.079573300000000025e+01
1.778799999999999955e+03,-1.072622800000000076e+01
1.778900000000000091e+03,-1.066631800000000041e+01
1.779000000000000000e+03,-1.059970900000000071e+01
1.779099999999999909e+03,-1.221585600000000049e+01
1.779200000000000045e+03,-1.212686099999999989e+01
1.779299999999999955e+03,-1.203751899999999964e+01
1.779400000000000091e+03,-1.227708200000000005e+01
1.779500000000000000e+03,-1.218623099999999937e+01
1.779599999999999909e+03,-1.203548800000000085e+01
1.779700000000000045e+03,-1.194555399999999956e+01
1.779799999999999955e+03,-1.185567099999999918e+01
1.779900000000000091e+03,-1.177575000000000038e+01
1.780000000000000000e+03,-1.168440299999999965e+01
1.780099999999999909e+03,-1.276885500000000029e+01
1.780200000000000045e+03,-1.265808499999999981e+01
1.780299999999999955e+03,-1.254704000000000086e+01
1.780400000000000091e+03,-1.266904399999999953e+01
1.780500000000000000e+03,-1.255679300000000076e+01
1.780599999999999909e+03,-1.241169000000000011e+01
1.780700000000000045e+03,-1.230015099999999961e+01
1.780799999999999955e+03,-1.218869499999999917e+01
1.780900000000000091e+03,-1.209167200000000086e+01
1.781000000000000000e+03,-1.198013300000000037e+01
1.781099999999999909e+03,-1.154336299999999937e+01
1.781200000000000045e+03,-1.143753099999999989e+01
1.781299999999999955e+03,-1.133177399999999935e+01
1.781400000000000091e+03,-1.112714700000000079e+01
1.781500000000000000e+03,-1.102307599999999965e+01
1.781599999999999909e+03,-1.098469799999999985e+01
1.781700000000000045e+03,-1.087974499999999978e+01
1.781799999999999955e+03,-1.077474699999999963e+01
1.781900000000000091e+03,-1.071440899999999985e+01
1.782000000000000000e+03,-1.060885900000000071e+01
1.782099999999999909e+03,-9.578030999999999295e+00
1.782200000000000045e+03,-9.488982000000000028e+00
1.782299999999999955e+03,-9.399990999999999985e+00
1.782400000000000091e+03,-8.997030999999999779e+00
1.782500000000000000e+03,-8.913156000000000745e+00
1.782599999999999909e+03,-8.964900000000000091e+00
1.782700000000000045e+03,-8.879241000000000383e+00
1.782799999999999955e+03,-8.793241999999999337e+00
1.782900000000000091e+03,-8.778463000000000349e+00
1.783000000000000000e+03,-8.691698000000000590e+00
1.783099999999999909e+03,-7.189835999999999672e+00
1.783200000000000045e+03,-7.127164999999999750e+00
1.783299999999999955e+03,-7.064530000000000420e+00
1.783400000000000091e+03,-6.518111000000000210e+00
1.783500000000000000e+03,-6.462276000000000131e+00
1.783599999999999909e+03,-6.602634000000000114e+00
1.783700000000000045e+03,-6.544359000000000037e+00
1.783799999999999955e+03,-6.485759999999999970e+00
1.783900000000000091e+03,-6.525986999999999760e+00
1.784000000000000000e+03,-6.466250999999999749e+00
1.784099999999999909e+03,-5.114309000000000438e+00
1.784200000000000045e+03,-5.074220999999999648e+00
1.784299999999999955e+03,-5.034154000000000018e+00
1.784400000000000091e+03,-4.556035999999999753e+00
1.784500000000000000e+03,-4.521245000000000402e+00
1.784599999999999909e+03,-4.667656000000000027e+00
1.784700000000000045e+03,-4.631002999999999759e+00
1.784799999999999955e+03,-4.593986000000000125e+00
1.784900000000000091e+03,-4.650691000000000130e+00
1.785000000000000000e+03,-4.612836999999999854e+00
1.785099999999999909e+03,-4.122320000000000206e+00
1.785200000000000045e+03,-4.090679999999999872e+00
1.785299999999999955e+03,-4.059055999999999997e+00
1.785400000000000091e+03,-3.877175999999999956e+00
1.785500000000000000e+03,-3.847297999999999885e+00
1.785599999999999909e+03,-3.889959999999999862e+00
1.785700000000000045e+03,-3.859386000000000205e+00
1.785799999999999955e+03,-3.828648999999999969e+00
1.785900000000000091e+03,-3.837731999999999921e+00
1.786000000000000000e+03,-3.806665999999999883e+00
1.786099999999999909e+03,-3.567738999999999994e+00
1.786200000000000045e+03,-3.539492999999999778e+00
1.786299999999999955e+03,-3.511261000000000188e+00
1.786400000000000091e+03,-3.410203000000000095e+00
1.786500000000000000e+03,-3.382912000000000141e+00
1.786599999999999909e+03,-3.391769000000000034e+00
1.786700000000000045e+03,-3.364072000000000173e+00
1.786799999999999955e+03,-3.336387000000000214e+00
1.786900000000000091e+03,-3.332278000000000073e+00
1.787000000000000000e+03,-3.304291999999999785e+00
1.787099999999999909e+03,-3.286186999999999969e+00
1.787200000000000045e+03,-3.258086000000000038e+00
1.787299999999999955e+03,-3.229997000000000007e+00
1.787400000000000091e+03,-3.207317999999999891e+00
1.787500000000000000e+03,-3.179104999999999848e+00
1.787599999999999909e+03,-3.155365000000000197e+00
1.787700000000000045e+03,-3.127053999999999778e+00
1.787799999999999955e+03,-3.098752999999999869e+00
1.787900000000000091e+03,-3.073920000000000208e+00
1.788000000000000000e+03,-3.045580999999999872e+00
1.788099999999999909e+03,-3.218065999999999871e+00
1.788200000000000045e+03,-3.186218999999999912e+00
1.788299999999999955e+03,-3.154313999999999840e+00
1.788400000000000091e+03,-3.161767000000000216e+00
1.788500000000000000e+03,-3.129621000000000208e+00
1.788599999999999909e+03,-3.090107999999999855e+00
1.788700000000000045e+03,-3.058105999999999991e+00
1.788799999999999955e+03,-3.026111999999999913e+00
1.788900000000000091e+03,-2.994526000000000021e+00
1.789000000000000000e+03,-2.962540999999999869e+00
1.789099999999999909e+03,-3.471238000000000046e+00
1.789200000000000045e+03,-3.427537000000000056e+00
1.789299999999999955e+03,-3.383659000000000194e+00
1.789400000000000091e+03,-3.439630000000000187e+00
1.789500000000000000e+03,-3.394988000000000117e+00
1.789599999999999909e+03,-3.322290000000000187e+00
1.789700000000000045e+03,-3.278306000000000164e+00
1.789799999999999955e+03,-3.234329999999999927e+00
1.789900000000000091e+03,-3.186010000000000009e+00
1.790000000000000000e+03,-3.142154999999999809e+00
1.790099999999999909e+03,-3.729029999999999845e+00
1.790200000000000045e+03,-3.666672000000000153e+00
1.790299999999999955e+03,-3.604044000000000025e+00
1.790400000000000091e+03,-3.653885999999999967e+00
1.790500000000000000e+03,-3.590129000000000126e+00
1.790599999999999909e+03,-3.491478999999999999e+00
1.790700000000000045e+03,-3.428837000000000135e+00
1.790799999999999955e+03,-3.366198999999999941e+00
1.790900000000000091e+03,-3.297318999999999889e+00
1.791000000000000000e+03,-3.234907999999999895e+00
1.791099999999999909e+03,-3.830057000000000045e+00
1.791200000000000045e+03,-3.739954000000000001e+00
1.791299999999999955e+03,-3.649443999999999910e+00
1.791400000000000091e+03,-3.673465000000000202e+00
1.791500000000000000e+03,-3.581322999999999812e+00
1.791599999999999909e+03,-3.452739999999999920e+00
1.791700000000000045e+03,-3.362334999999999852e+00
1.791799999999999955e+03,-3.271936000000000178e+00
1.791900000000000091e+03,-3.174532000000000131e+00
1.792000000000000000e+03,-3.084505000000000052e+00
1.792099999999999909e+03,-3.398015000000000008e+00
1.792200000000000045e+03,-3.282156000000000073e+00
1.792299999999999955e+03,-3.165847999999999995e+00
1.792400000000000091e+03,-3.117795999999999790e+00
1.792500000000000000e+03,-3.000087999999999866e+00
1.792599999999999909e+03,-2.861800999999999817e+00
1.792700000000000045e+03,-2.745667000000000080e+00
1.792799999999999955e+03,-2.629560999999999815e+00
1.792900000000000091e+03,-2.510692999999999842e+00
1.793000000000000000e+03,-2.394880999999999815e+00
1.793099999999999909e+03,-2.212193000000000076e+00
1.793200000000000045e+03,-2.102430000000000021e+00
1.793299999999999955e+03,-1.992695000000000105e+00
1.793400000000000091e+03,-1.863958000000000004e+00
1.793500000000000000e+03,-1.756156999999999968e+00
1.793599999999999909e+03,-1.656741999999999937e+00
1.793700000000000045e+03,-1.548138999999999932e+00
1.793799999999999955e+03,-1.439565999999999901e+00
1.793900000000000091e+03,-1.335882999999999932e+00
1.794000000000000000e+03,-1.227240000000000109e+00
1.794099999999999909e+03,-1.957339999999999913e-01
1.794200000000000045e+03,-1.343489999999999962e-01
1.794299999999999955e+03,-7.430900000000000005e-02
1.794400000000000091e+03,2.910639999999999894e-01
1.794500000000000000e+03,2.910639999999999894e-01
1.794599999999999909e+03,2.910639999999999894e-01
1.794700000000000045e+03,2.910639999999999894e-01
1.794799999999999955e+03,2.911329999999999751e-01
1.794900000000000091e+03,2.913149999999999906e-01
1.795000000000000000e+03,2.910880000000000134e-01
1.795099999999999909e+03,2.910849999999999826e-01
1.795200000000000045e+03,2.910809999999999786e-01
1.795299999999999955e+03,2.910769999999999746e-01
1.795400000000000091e+03,2.910739999999999994e-01
1.795500000000000000e+03,2.910710000000000242e-01
1.795599999999999909e+03,2.910679999999999934e-01
1.795700000000000045e+03,2.910659999999999914e-01
1.795799999999999955e+03,2.910639999999999894e-01
1.795900000000000091e+03,2.910670000000000202e-01
1.796000000000000000e+03,2.910679999999999934e-01
1.796099999999999909e+03,2.910699999999999954e-01
1.796200000000000045e+03,2.910719999999999974e-01
1.796299999999999955e+03,2.910730000000000262e-01
1.796400000000000091e+03,2.910739999999999994e-01
1.796500000000000000e+03,2.910749999999999726e-01
1.796599999999999909e+03,2.910760000000000014e-01
1.796700000000000045e+03,2.910760000000000014e-01
1.796799999999999955e+03,2.910760000000000014e-01
1.796900000000000091e+03,2.910769999999999746e-01
1.797000000000000000e+03,2.910769999999999746e-01
1.797099999999999909e+03,2.910769999999999746e-01
1.797200000000000045e+03,2.910760000000000014e-01
1.797299999999999955e+03,2.910760000000000014e-01
1.797400000000000091e+03,2.910760000000000014e-01
1.797500000000000000e+03,2.910749999999999726e-01
1.797599999999999909e+03,2.910749999999999726e-01
1.797700000000000045e+03,2.910739999999999994e-01
1.797799999999999955e+03,2.910739999999999994e-01
1.797900000000000091e+03,2.910730000000000262e-01
1.798000000000000000e+03,2.910719999999999974e-01
1.798099999999999909e+03,2.910719999999999974e-01
1.798200000000000045e+03,2.910710000000000242e-01
1.798299999999999955e+03,2.910699999999999954e-01
1.798400000000000091e+03,2.910699999999999954e-01
1.798500000000000000e+03,2.910690000000000222e-01
1.798599999999999909e+03,2.910679999999999934e-01
1.798700000000000045e+03,2.910679999999999934e-01
1.798799999999999955e+03,2.910670000000000202e-01
1.798900000000000091e+03,2.910659999999999914e-01
1.799000000000000000e+03,2.910659999999999914e-01
1.799099999999999909e+03,2.910650000000000182e-01
1.799200000000000045e+03,2.910650000000000182e-01
1.799299999999999955e+03,2.910639999999999894e-01
1.799400000000000091e+03,2.910639999999999894e-01
1.799500000000000000e+03,2.910639999999999894e-01
1.799599999999999909e+03,2.910639999999999894e-01
1.799700000000000045e+03,2.910650000000000182e-01
1.799799999999999955e+03,2.910650000000000182e-01
1.799900000000000091e+03,2.910650000000000182e-01
1.800000000000000000e+03,2.910650000000000182e-01
